schema_version;product_id;sku;tipo_producto;titulo;slug;url;estado;destacado;visibilidad_catalogo;cluster;hub_primario;hub_secundario;categorias_ids;categorias;etiquetas_wc_ids;etiquetas_wc;marca_taxonomia;marca_ids;marca;fabricante;proveedor;proveedor_id_externo;proveedor_catalogo_id;categoria_proveedor;precio_proveedor;tipo_semantico;rol;aplicacion;plataforma;subtipo;etiquetas;atributos_seo_json;atributos_seo;atributos_wc_json;excerpt;description;precio_normal;precio_rebajado;precio_actual;moneda;estado_impuesto;clase_impuesto;gestionar_stock;cantidad_stock;estado_stock;pedidos_pendientes;vendido_individualmente;peso;longitud;anchura;altura;virtual;descargable;clase_envio_id;clase_envio;imagen_destacada_id;imagen_destacada;galeria_ids;galeria_urls;variaciones_total;variaciones_ids;fecha_creacion;fecha_modificacion
2.1;10543;p_010812820352;simple;"VEVOR Destornillador Dinamométrico Digital con Accionamiento de 1/4"" con Pantalla LCD Rango de Par 1,13-7,91 Nm Juego de Brocas de Destornillador Dinamométrico con Escala";vevor-destornillador-dinamometrico-digital-con-accionamiento-de-1-4-con-pantalla-lcd-rango-de-par-113-791-nm-juego-de-brocas-de-destornillador-dinamometrico-con-escala;https://www.distribuidordeherramientas.es/producto/vevor-destornillador-dinamometrico-digital-con-accionamiento-de-1-4-con-pantalla-lcd-rango-de-par-113-791-nm-juego-de-brocas-de-destornillador-dinamometrico-con-escala/;publish;0;visible;Bricolaje;Herramientas para el hogar;Herramientas manuales de uso doméstico;40047;Destornillador;40514,40617,48879,36027,601;destornillador | herramienta | par 1.13-7.91 Nm | Vevor | VEVOR.ES;product_brand;76;VEVOR.ES;;VEVOR;010812820352;8987;Herramientas > Herramientas Manuales > Destornilladores & Aprietatuercas > Destornilladores > destornilladores Especiales;45.9;Destornillador;herramienta;Fijación y sujeción técnica;;;Fijación y sujeción técnica;"[{""ambito"":""herramienta"",""tipo"":""accionamiento"",""valor"":""1/4\""""},{""ambito"":""herramienta"",""tipo"":""marca"",""valor"":""VEVOR""},{""ambito"":""herramienta"",""tipo"":""par"",""valor"":""1,13-7,91 N·m""},{""ambito"":""herramienta"",""tipo"":""par"",""valor"":""7,91 N·m""},{""ambito"":""herramienta"",""tipo"":""producto"",""valor"":""Destornillador""}]";"herramienta:accionamiento=1/4"" | herramienta:marca=VEVOR | herramienta:par=1,13-7,91 N·m | herramienta:par=7,91 N·m | herramienta:producto=Destornillador";"[{""name"":""Potencia"",""taxonomy"":"""",""is_taxonomy"":0,""options"":[""p_010812820352""],""visible"":1,""variation"":0,""position"":0}]";"Destornillador. VEVOR Destornillador Dinamométrico Digital con Accionamiento de 1/4"" con Pantalla LCD Rango de Par 1,13-7,91 Nm Juego de…. Datos técnicos disponibles: par: 1,13-7,91 Nm, accionamiento: 1/4"". Verifica capacidad de corte o perforación, medida del útil, potencia/velocidad y material de trabajo cuando estén documentados; el accesorio…";"<p><strong>VEVOR Destornillador Dinamométrico Digital con Accionamiento de 1/4"" con Pantalla LCD Rango de Par 1,13-7,91 Nm Juego de Brocas de Destornillador Dinamométrico con Escala</strong> está clasificado en <strong>Destornillador</strong>. En los datos técnicos de esta referencia constan par: 1,13-7,91 Nm, accionamiento: 1/4"".</p><p>Verifica capacidad de corte o perforación, medida del útil, potencia/velocidad y material de trabajo cuando estén documentados; el accesorio debe corresponder a la máquina y a la medida.</p>";66.56;55.08;55.08;EUR;taxable;;0;;instock;no;0;0;0;0;0;0;0;0;;;;;;0;;2026-06-15 10:00:00;2026-08-20 15:52:48
2.1;13476;p_010610852320;simple;"Juego de Destornilladores Dinamométricos 1/4"" Rango de Torsión de 1,15,6 N/m Rango de Torsión Preciso a ±5% Destornillador Dinamométrico con Incremento de 0,6 Nm con 18 Puntas y Estuche";vevor-juego-de-destornilladores-dinamometricos-1-4-rango-de-torsion-de-11-56-n-m-rango-de-torsion-preciso-a-%c2%b15-destornillador-dinamometrico-con-incremento-de-06-nm-con-18-puntas-y-estuche;https://www.distribuidordeherramientas.es/producto/vevor-juego-de-destornilladores-dinamometricos-1-4-rango-de-torsion-de-11-56-n-m-rango-de-torsion-preciso-a-%c2%b15-destornillador-dinamometrico-con-incremento-de-06-nm-con-18-puntas-y-estuche/;publish;0;visible;Bricolaje;Herramientas para el hogar;Herramientas manuales de uso doméstico;40047;Destornillador;40514,40617,48880,601;destornillador | herramienta | par 0.6 Nm | VEVOR.ES;product_brand;76;VEVOR.ES;;;;;;;Destornillador;herramienta;Fijación y sujeción técnica;;;Fijación y sujeción técnica;"[{""ambito"":""herramienta"",""tipo"":""par"",""valor"":""0,6 N·m""},{""ambito"":""herramienta"",""tipo"":""producto"",""valor"":""Destornillador""}]";herramienta:par=0,6 N·m | herramienta:producto=Destornillador;"[{""name"":""Potencia"",""taxonomy"":"""",""is_taxonomy"":0,""options"":[""p_010610852320""],""visible"":1,""variation"":0,""position"":0}]";"Destornillador. Juego de Destornilladores Dinamométricos 1/4"" Rango de Torsión de 1,15,6 N/m Rango de Torsión Preciso a ±5% Destornillador…. Datos técnicos disponibles: par: 0,6 Nm. Antes de comprar, compara estos datos con el uso previsto y verifica cualquier medida, conexión o compatibilidad que dependa de una máquina, vehículo o instalación…";"<p><strong>Juego de Destornilladores Dinamométricos 1/4"" Rango de Torsión de 1,15,6 N/m Rango de Torsión Preciso a ±5% Destornillador Dinamométrico con Incremento de 0,6 Nm con 18 Puntas y Estuche</strong> está clasificado en <strong>Destornillador</strong>. En los datos técnicos de esta referencia constan par: 0,6 Nm.</p><p>Antes de comprar, compara estos datos con el uso previsto y verifica cualquier medida, conexión o compatibilidad que dependa de una máquina, vehículo o instalación concreta.</p>";71.99;59.99;71.99;EUR;taxable;;1;14;instock;no;0;0;0;0;0;0;0;0;;59829;https://www.distribuidordeherramientas.es/wp-content/uploads/2026/02/es2FNJQZBDDWC10-5FU59V02Fgoods_img-v22Ftorque-screwdriver-m100-1.2-1.jpg;87251,87252,87253,87254,87255,87256,87257;https://www.distribuidordeherramientas.es/wp-content/uploads/2026/05/torque-screwdriver-m100-1.2-1.jpg | https://www.distribuidordeherramientas.es/wp-content/uploads/2026/05/torque-screwdriver-f1-1.jpg | https://www.distribuidordeherramientas.es/wp-content/uploads/2026/05/torque-screwdriver-f2-1.jpg | https://www.distribuidordeherramientas.es/wp-content/uploads/2026/05/torque-screwdriver-f3-1.jpg | https://www.distribuidordeherramientas.es/wp-content/uploads/2026/05/torque-screwdriver-f4-1.jpg | https://www.distribuidordeherramientas.es/wp-content/uploads/2026/05/torque-screwdriver-f5-1.jpg | https://www.distribuidordeherramientas.es/wp-content/uploads/2026/05/torque-screwdriver-f6-1.jpg;0;;2026-06-15 10:00:00;2026-08-20 15:53:37
2.1;49022;p_010186972766;simple;"VEVOR Herramienta de Prensado Manual de 24"", Arrugador de Alambre de Acero Aleado Capacidad de Prensado: 3/16"" (5,0 mm), Herramienta de Engarzado Uso en Construcción de Cables e Industria Mecánica";herramienta-de-prensado-manual-de-24-arrugador-de-alambre-de-acero-aleado-capacidad-de-prensado-3-16-50-mm-herramienta-de-engarzado-uso-en-construccion-de-cables-e-industria-mecanica;https://www.distribuidordeherramientas.es/producto/herramienta-de-prensado-manual-de-24-arrugador-de-alambre-de-acero-aleado-capacidad-de-prensado-3-16-50-mm-herramienta-de-engarzado-uso-en-construccion-de-cables-e-industria-mecanica/;publish;0;visible;Bricolaje;Herramientas para el hogar;Herramientas manuales de uso doméstico;40229;Alicates;22088,40827,40617,44550,601;Acero | alicates | herramienta | manual | VEVOR.ES;product_brand;76;VEVOR.ES;;VEVOR;010186972766;8568;Herramientas > Herramientas Manuales > Alicates > Engarzadoras > Cribadora Manual;43.9;Alicates;herramienta;Corte y pelado de cables;;;Corte y pelado de cables;"[{""ambito"":""herramienta"",""tipo"":""marca"",""valor"":""VEVOR""},{""ambito"":""herramienta"",""tipo"":""material"",""valor"":""acero""},{""ambito"":""herramienta"",""tipo"":""producto"",""valor"":""Herramienta de Prensado Manual de 24\""""},{""ambito"":""herramienta"",""tipo"":""tecnologia_accionamiento"",""valor"":""manual""}]";"herramienta:marca=VEVOR | herramienta:material=acero | herramienta:producto=Herramienta de Prensado Manual de 24"" | herramienta:tecnologia_accionamiento=manual";[];"Alicates. VEVOR Herramienta de Prensado Manual de 24"", Arrugador de Alambre de Acero Aleado Capacidad de Prensado: 3/16"" (5,0 mm)…. Datos técnicos disponibles: material: acero, accionamiento: manual. Antes de comprar, compara estos datos con el uso previsto y verifica cualquier medida, conexión o compatibilidad que dependa de una máquina, vehículo…";"<p><strong>VEVOR Herramienta de Prensado Manual de 24"", Arrugador de Alambre de Acero Aleado Capacidad de Prensado: 3/16"" (5,0 mm), Herramienta de Engarzado Uso en Construcción de Cables e Industria Mecánica</strong> está clasificado en <strong>Alicates</strong>. En los datos técnicos de esta referencia constan material: acero, accionamiento: manual.</p><p>Antes de comprar, compara estos datos con el uso previsto y verifica cualquier medida, conexión o compatibilidad que dependa de una máquina, vehículo o instalación concreta.</p>";63.66;52.68;52.68;EUR;taxable;;0;;instock;no;0;0;0;0;0;0;0;0;;;;;;0;;2026-06-15 10:00:00;2026-08-20 15:53:58
2.1;49035;p_010373881563;simple;VEVOR Alicates de Corte 4-70 mm² Herramienta de Corte Hidráulico Aluminio y Cobre Cable de Batería AWG12-2/0 con Cortador de Cable Par de Guantes 50 Conectores Anillo de Cobre para Electricistas;alicates-de-corte-4-70-mm%c2%b2-herramienta-de-corte-hidraulico-aluminio-y-cobre-cable-de-bateria-awg12-2-0-con-cortador-de-cable-par-de-guantes-50-conectores-anillo-de-cobre-para-electricistas;https://www.distribuidordeherramientas.es/producto/alicates-de-corte-4-70-mm%c2%b2-herramienta-de-corte-hidraulico-aluminio-y-cobre-cable-de-bateria-awg12-2-0-con-cortador-de-cable-par-de-guantes-50-conectores-anillo-de-cobre-para-electricistas/;publish;0;visible;Bricolaje;Herramientas para el hogar;Herramientas manuales de uso doméstico;40229;Alicates;40827,48900,44449,40617,43572,601;alicates | aluminio / cobre | electricistas | herramienta | hidráulico | VEVOR.ES;product_brand;76;VEVOR.ES;;VEVOR;010373881563;12616;Herramientas > Herramientas Manuales > Alicates > Engarzadoras > Cribadora Manual;46.9;Alicates;herramienta;Corte y pelado de cables;;;Corte y pelado de cables;"[{""ambito"":""herramienta"",""tipo"":""compatibilidad"",""valor"":""Electricistas""},{""ambito"":""herramienta"",""tipo"":""marca"",""valor"":""VEVOR""},{""ambito"":""herramienta"",""tipo"":""material"",""valor"":""aluminio""},{""ambito"":""herramienta"",""tipo"":""material"",""valor"":""aluminio / cobre""},{""ambito"":""herramienta"",""tipo"":""material"",""valor"":""cobre""},{""ambito"":""herramienta"",""tipo"":""producto"",""valor"":""Alicates""},{""ambito"":""herramienta"",""tipo"":""rango_seccion"",""valor"":""4-70 mm²""},{""ambito"":""herramienta"",""tipo"":""tecnologia_accionamiento"",""valor"":""eléctrico""},{""ambito"":""herramienta"",""tipo"":""tecnologia_accionamiento"",""valor"":""hidráulico""}]";herramienta:compatibilidad=Electricistas | herramienta:marca=VEVOR | herramienta:material=aluminio | herramienta:material=aluminio / cobre | herramienta:material=cobre | herramienta:producto=Alicates | herramienta:rango_seccion=4-70 mm² | herramienta:tecnologia_accionamiento=eléctrico | herramienta:tecnologia_accionamiento=hidráulico;[];Alicates. VEVOR Alicates de Corte 4-70 mm² Herramienta de Corte Hidráulico Aluminio y Cobre Cable de Batería AWG12-2/0 con Cortador…. Datos técnicos disponibles: compatibilidad documentada: Electricistas, material: aluminio / cobre, accionamiento: hidráulico. Comprueba sobre todo la referencia, la tensión, el formato y la química admitida cuando…;"<p><strong>VEVOR Alicates de Corte 4-70 mm² Herramienta de Corte Hidráulico Aluminio y Cobre Cable de Batería AWG12-2/0 con Cortador de Cable Par de Guantes 50 Conectores Anillo de Cobre para Electricistas</strong> está clasificado en <strong>Alicates</strong>. En los datos técnicos de esta referencia constan compatibilidad documentada: Electricistas, material: aluminio / cobre, accionamiento: hidráulico.</p><p>Comprueba sobre todo la referencia, la tensión, el formato y la química admitida cuando estén indicados; una coincidencia parcial no garantiza que una batería o cargador sea intercambiable.</p>";68.01;56.28;56.28;EUR;taxable;;0;;instock;no;0;0;0;0;0;0;0;0;;;;;;0;;2026-06-15 10:00:00;2026-08-20 15:53:58
2.1;49075;p_010289083731;simple;"VEVOR Destornillador Dinamométrico Digital con Accionamiento de 1/4"" con Pantalla LCD Rango de Par 0,3-8 Nm Incremento 0,01 Nm Herramienta Precisa de Liberación Rápida para Taller de Electricista";destornillador-dinamometrico-digital-con-accionamiento-de-1-4-con-pantalla-lcd-rango-de-par-03-8-nm-incremento-001-nm-herramienta-precisa-de-liberacion-rapida-para-taller-de-electricista;https://www.distribuidordeherramientas.es/producto/destornillador-dinamometrico-digital-con-accionamiento-de-1-4-con-pantalla-lcd-rango-de-par-03-8-nm-incremento-001-nm-herramienta-precisa-de-liberacion-rapida-para-taller-de-electricista/;publish;0;visible;Bricolaje;Herramientas para el hogar;Herramientas manuales de uso doméstico;40047;Destornillador;48882,40514,40617,48883,36027,601;compatibilidad Taller de Electricista | destornillador | herramienta | par 8 Nm / 0.01 Nm | Vevor | VEVOR.ES;product_brand;76;VEVOR.ES;;VEVOR;010289083731;10460;Herramientas > Herramientas Manuales > Destornilladores & Aprietatuercas > Destornilladores > destornilladores Especiales;48.9;Destornillador;herramienta;Instalación eléctrica;;;Instalación eléctrica;"[{""ambito"":""herramienta"",""tipo"":""accionamiento"",""valor"":""1/4\""""},{""ambito"":""herramienta"",""tipo"":""compatibilidad"",""valor"":""Taller de Electricista""},{""ambito"":""herramienta"",""tipo"":""marca"",""valor"":""VEVOR""},{""ambito"":""herramienta"",""tipo"":""par"",""valor"":""0,01 N·m""},{""ambito"":""herramienta"",""tipo"":""par"",""valor"":""0,3-8 N·m""},{""ambito"":""herramienta"",""tipo"":""par"",""valor"":""8 N·m""},{""ambito"":""herramienta"",""tipo"":""par"",""valor"":""8 N·m / 0,01 N·m""},{""ambito"":""herramienta"",""tipo"":""producto"",""valor"":""Destornillador""},{""ambito"":""herramienta"",""tipo"":""tecnologia_accionamiento"",""valor"":""eléctrico""}]";"herramienta:accionamiento=1/4"" | herramienta:compatibilidad=Taller de Electricista | herramienta:marca=VEVOR | herramienta:par=0,01 N·m | herramienta:par=0,3-8 N·m | herramienta:par=8 N·m | herramienta:par=8 N·m / 0,01 N·m | herramienta:producto=Destornillador | herramienta:tecnologia_accionamiento=eléctrico";[];"Destornillador. VEVOR Destornillador Dinamométrico Digital con Accionamiento de 1/4"" con Pantalla LCD Rango de Par 0,3-8 Nm Incremento 0,01…. Datos técnicos disponibles: compatibilidad documentada: Taller de Electricista, par: 8 Nm / 0,01 Nm. Antes de comprar, compara estos datos con el uso previsto y verifica cualquier medida, conexión o…";"<p><strong>VEVOR Destornillador Dinamométrico Digital con Accionamiento de 1/4"" con Pantalla LCD Rango de Par 0,3-8 Nm Incremento 0,01 Nm Herramienta Precisa de Liberación Rápida para Taller de Electricista</strong> está clasificado en <strong>Destornillador</strong>. En los datos técnicos de esta referencia constan compatibilidad documentada: Taller de Electricista, par: 8 Nm / 0,01 Nm.</p><p>Antes de comprar, compara estos datos con el uso previsto y verifica cualquier medida, conexión o compatibilidad que dependa de una máquina, vehículo o instalación concreta.</p>";70.91;58.68;70.91;EUR;taxable;;0;;instock;no;0;0;0;0;0;0;0;0;;;;;;0;;2026-06-15 10:00:00;2026-08-20 15:53:58
2.1;79241;p_010739087253;simple;VEVOR Alicates Prensadores de Tuberías 12-28 mm Alicates para Tubos con Cabezal Giratorio de 360° Alicates para Tubería, Alicate Profesional para Tubería, Tenaza de Engarzar Portátil, Pinza de Presión;vevor-alicates-prensadores-de-tuberias-12-28-mm-alicates-para-tubos-con-cabezal-giratorio-de-360-alicates-para-tuberia-alicate-profesional-para-tuberia-tenaza-de-engarzar-portatil-pinza-de-presi;https://www.distribuidordeherramientas.es/producto/vevor-alicates-prensadores-de-tuberias-12-28-mm-alicates-para-tubos-con-cabezal-giratorio-de-360-alicates-para-tuberia-alicate-profesional-para-tuberia-tenaza-de-engarzar-portatil-pinza-de-presi/;publish;0;visible;Bricolaje;Herramientas para el hogar;Herramientas manuales de uso doméstico;40229;Alicates;40827,40617,601;alicates | herramienta | VEVOR.ES;product_brand;76;VEVOR.ES;;;;;;;Alicates;herramienta;Tuberías, drenaje y desatasco;;;Tuberías, drenaje y desatasco;"[{""ambito"":""herramienta"",""tipo"":""marca"",""valor"":""VEVOR""},{""ambito"":""herramienta"",""tipo"":""producto"",""valor"":""Alicates""}]";herramienta:marca=VEVOR | herramienta:producto=Alicates;[];"Alicates. VEVOR Alicates Prensadores de Tuberías 12-28 mm Alicates para Tubos con Cabezal Giratorio de 360° Alicates para Tubería…. Compara presión, caudal, capacidad, conexiones y alimentación según aparezcan en la referencia y según el trabajo real; la cifra máxima aislada no basta para decidir.";"<p><strong>VEVOR Alicates Prensadores de Tuberías 12-28 mm Alicates para Tubos con Cabezal Giratorio de 360° Alicates para Tubería, Alicate Profesional para Tubería, Tenaza de Engarzar Portátil, Pinza de Presión</strong> pertenece a <strong>Alicates</strong>. Antes de elegir esta referencia, comprueba en la ficha las medidas, conexión, alimentación o compatibilidad que sean relevantes para tu equipo o instalación.</p><p>Compara presión, caudal, capacidad, conexiones y alimentación según aparezcan en la referencia y según el trabajo real; la cifra máxima aislada no basta para decidir.</p>";97.78;81.48;97.78;EUR;taxable;;0;;instock;no;0;80;120;60;120;0;0;0;;96526;https://www.distribuidordeherramientas.es/wp-content/uploads/2026/05/propress-tool-m100-1.2-6.jpg;;;0;;2026-06-15 10:00:00;2026-08-20 15:54:33
2.1;79243;p_010812662419;simple;VEVOR Alicates Prensadores de Tuberías, Herramienta de Prensa para Tubos de PEX y Aluminio-plástico, con 5 Mordazas TH12 TH16 TH20 TH26 TH32 y Estuche, para Reparaciones, Instalaciones de Fontanería;vevor-alicates-prensadores-de-tuberias-herramienta-de-prensa-para-tubos-de-pex-y-aluminio-plastico-con-5-mordazas-th12-th16-th20-th26-th32-y-estuche-para-reparaciones-instalaciones-de-fontaneria-2;https://www.distribuidordeherramientas.es/producto/vevor-alicates-prensadores-de-tuberias-herramienta-de-prensa-para-tubos-de-pex-y-aluminio-plastico-con-5-mordazas-th12-th16-th20-th26-th32-y-estuche-para-reparaciones-instalaciones-de-fontaneria-2/;publish;0;visible;Bricolaje;Herramientas para el hogar;Herramientas manuales de uso doméstico;40229;Alicates;44356,40827,601;accesorio | alicates | VEVOR.ES;product_brand;76;VEVOR.ES;;;;;;;Alicates;herramienta;Tuberías, drenaje y desatasco;;;Tuberías, drenaje y desatasco;"[{""ambito"":""herramienta"",""tipo"":""marca"",""valor"":""VEVOR""},{""ambito"":""herramienta"",""tipo"":""material"",""valor"":""aluminio""},{""ambito"":""herramienta"",""tipo"":""material"",""valor"":""plástico""},{""ambito"":""herramienta"",""tipo"":""producto"",""valor"":""Alicates""}]";herramienta:marca=VEVOR | herramienta:material=aluminio | herramienta:material=plástico | herramienta:producto=Alicates;[];"Alicates. VEVOR Alicates Prensadores de Tuberías, Herramienta de Prensa para Tubos de PEX y Aluminio-plástico, con 5 Mordazas TH12…. Antes de comprar, confirma la referencia exacta, las medidas y la compatibilidad indicada en la ficha del producto; no des por supuesta una equivalencia solo por el nombre comercial.";"<p><strong>VEVOR Alicates Prensadores de Tuberías, Herramienta de Prensa para Tubos de PEX y Aluminio-plástico, con 5 Mordazas TH12 TH16 TH20 TH26 TH32 y Estuche, para Reparaciones, Instalaciones de Fontanería</strong> pertenece a <strong>Alicates</strong>. Antes de elegir esta referencia, comprueba en la ficha las medidas, conexión, alimentación o compatibilidad que sean relevantes para tu equipo o instalación.</p><p>Antes de comprar, confirma la referencia exacta, las medidas y la compatibilidad indicada en la ficha del producto; no des por supuesta una equivalencia solo por el nombre comercial.</p>";138.1;115.08;138.1;EUR;taxable;;0;;instock;no;0;80;120;60;120;0;0;0;;90982;https://www.distribuidordeherramientas.es/wp-content/uploads/2026/05/pipe-crimping-tool-m100-1.2-2.jpg;90983,90984,90985,90986,90987,90988;https://www.distribuidordeherramientas.es/wp-content/uploads/2026/05/pipe-crimping-tool-f1-2.jpg | https://www.distribuidordeherramientas.es/wp-content/uploads/2026/05/pipe-crimping-tool-f2-2.jpg | https://www.distribuidordeherramientas.es/wp-content/uploads/2026/05/pipe-crimping-tool-f3-2.jpg | https://www.distribuidordeherramientas.es/wp-content/uploads/2026/05/pipe-crimping-tool-f4-2.jpg | https://www.distribuidordeherramientas.es/wp-content/uploads/2026/05/pipe-crimping-tool-f5-2.jpg | https://www.distribuidordeherramientas.es/wp-content/uploads/2026/05/pipe-crimping-tool-f6-2.jpg;0;;2026-06-15 10:00:00;2026-08-20 15:54:33
2.1;79428;p_010874801961;simple;"VEVOR Destornillador Dinamométrico Digital con Accionamiento de 1/4"" con Pantalla LCD Rango de Par 1,13-7,91 N.m Incremento 1 in/lb Herramienta Precisa de Liberación Rápida para Taller de Electricista";vevor-destornillador-dinamometrico-digital-con-accionamiento-de-1-4-con-pantalla-lcd-rango-de-par-113-791-n-m-incremento-1-in-lb-herramienta-precisa-de-liberacion-rapida-para-taller-de-electricista;https://www.distribuidordeherramientas.es/producto/vevor-destornillador-dinamometrico-digital-con-accionamiento-de-1-4-con-pantalla-lcd-rango-de-par-113-791-n-m-incremento-1-in-lb-herramienta-precisa-de-liberacion-rapida-para-taller-de-electricista/;publish;0;visible;Bricolaje;Herramientas para el hogar;Herramientas manuales de uso doméstico;40047;Destornillador;40514,40617,48879,601;destornillador | herramienta | par 1.13-7.91 Nm | VEVOR.ES;product_brand;76;VEVOR.ES;;;;;;;Destornillador;herramienta;Instalación eléctrica;;;Instalación eléctrica;"[{""ambito"":""herramienta"",""tipo"":""marca"",""valor"":""VEVOR""},{""ambito"":""herramienta"",""tipo"":""par"",""valor"":""1,13-7,91 N·m""},{""ambito"":""herramienta"",""tipo"":""producto"",""valor"":""Destornillador""},{""ambito"":""herramienta"",""tipo"":""tecnologia_accionamiento"",""valor"":""eléctrico""}]";herramienta:marca=VEVOR | herramienta:par=1,13-7,91 N·m | herramienta:producto=Destornillador | herramienta:tecnologia_accionamiento=eléctrico;[];"Destornillador. VEVOR Destornillador Dinamométrico Digital con Accionamiento de 1/4"" con Pantalla LCD Rango de Par 1,13-7,91 N.m Incremento…. Datos técnicos disponibles: par: 1,13-7,91 Nm. Antes de comprar, compara estos datos con el uso previsto y verifica cualquier medida, conexión o compatibilidad que dependa de una máquina, vehículo o…";"<p><strong>VEVOR Destornillador Dinamométrico Digital con Accionamiento de 1/4"" con Pantalla LCD Rango de Par 1,13-7,91 N.m Incremento 1 in/lb Herramienta Precisa de Liberación Rápida para Taller de Electricista</strong> está clasificado en <strong>Destornillador</strong>. En los datos técnicos de esta referencia constan par: 1,13-7,91 Nm.</p><p>Antes de comprar, compara estos datos con el uso previsto y verifica cualquier medida, conexión o compatibilidad que dependa de una máquina, vehículo o instalación concreta.</p>";38.74;32.28;38.74;EUR;taxable;;0;;instock;no;0;15;30;15;8;0;0;0;;91025;https://www.distribuidordeherramientas.es/wp-content/uploads/2026/05/torque-screwdriver-m100-1.2-3.jpg;91026,91027,91028,91029,91030,91031;https://www.distribuidordeherramientas.es/wp-content/uploads/2026/05/torque-screwdriver-f1-3.jpg | https://www.distribuidordeherramientas.es/wp-content/uploads/2026/05/torque-screwdriver-f2-3.jpg | https://www.distribuidordeherramientas.es/wp-content/uploads/2026/05/torque-screwdriver-f3-3.jpg | https://www.distribuidordeherramientas.es/wp-content/uploads/2026/05/torque-screwdriver-f4-3.jpg | https://www.distribuidordeherramientas.es/wp-content/uploads/2026/05/torque-screwdriver-f5-3.jpg | https://www.distribuidordeherramientas.es/wp-content/uploads/2026/05/torque-screwdriver-f6-3.jpg;0;;2026-06-15 10:00:00;2026-08-20 15:54:36
2.1;79493;p_010674805082;simple;VEVOR Herramienta de engarzado neumática Am-10, Máquina de engarzado de terminales de cable accionada por aire Hasta 16 mm2, Máquina de engarzado neumática con 10 juegos de troqueles para muchos tipos;vevor-herramienta-de-engarzado-neumatica-am-10-maquina-de-engarzado-de-terminales-de-cable-accionada-por-aire-hasta-16-mm2-maquina-de-engarzado-neumatica-con-10-juegos-de-troqueles-para-muchos-tipos;https://www.distribuidordeherramientas.es/producto/vevor-herramienta-de-engarzado-neumatica-am-10-maquina-de-engarzado-de-terminales-de-cable-accionada-por-aire-hasta-16-mm2-maquina-de-engarzado-neumatica-con-10-juegos-de-troqueles-para-muchos-tipos/;publish;0;visible;Bricolaje;Herramientas para el hogar;Herramientas manuales de uso doméstico;40229;Alicates;44356,40827,601;accesorio | alicates | VEVOR.ES;product_brand;76;VEVOR.ES;;;;;;;Alicates;herramienta;Corte y pelado de cables;;;Corte y pelado de cables;"[{""ambito"":""herramienta"",""tipo"":""marca"",""valor"":""VEVOR""},{""ambito"":""herramienta"",""tipo"":""producto"",""valor"":""Herramienta de engarzado neumática Am-10""},{""ambito"":""herramienta"",""tipo"":""tecnologia_accionamiento"",""valor"":""neumático""}]";herramienta:marca=VEVOR | herramienta:producto=Herramienta de engarzado neumática Am-10 | herramienta:tecnologia_accionamiento=neumático;[];"Alicates. VEVOR Herramienta de engarzado neumática Am-10, Máquina de engarzado de terminales de cable accionada por aire Hasta 16…. Antes de comprar, confirma la referencia exacta, las medidas y la compatibilidad indicada en la ficha del producto; no des por supuesta una equivalencia solo por el nombre comercial.";"<p><strong>VEVOR Herramienta de engarzado neumática Am-10, Máquina de engarzado de terminales de cable accionada por aire Hasta 16 mm2, Máquina de engarzado neumática con 10 juegos de troqueles para muchos tipos</strong> pertenece a <strong>Alicates</strong>. Antes de elegir esta referencia, comprueba en la ficha las medidas, conexión, alimentación o compatibilidad que sean relevantes para tu equipo o instalación.</p><p>Antes de comprar, confirma la referencia exacta, las medidas y la compatibilidad indicada en la ficha del producto; no des por supuesta una equivalencia solo por el nombre comercial.</p>";276.34;230.28;276.34;EUR;taxable;;0;;instock;no;0;8;45;35;15;0;0;0;;97287;https://www.distribuidordeherramientas.es/wp-content/uploads/2026/05/pneumatic-crimping-machine-m100-1.2.jpg;;;0;;2026-06-15 10:00:00;2026-08-20 15:54:36
2.1;79549;p_010806727502;simple;VEVOR Juego de Destornilladores Aislados de 1000 V, 11 PCS Juego de Destornilladores Eléctricos Profesionales con Puntas Ranuradas Pozi Phillips Magnéticas, Comprobador de Voltaje para Electricistas;vevor-juego-de-destornilladores-aislados-de-1000-v-11-pcs-juego-de-destornilladores-electricos-profesionales-con-puntas-ranuradas-pozi-phillips-magneticas-comprobador-de-voltaje-para-electricistas;https://www.distribuidordeherramientas.es/producto/vevor-juego-de-destornilladores-aislados-de-1000-v-11-pcs-juego-de-destornilladores-electricos-profesionales-con-puntas-ranuradas-pozi-phillips-magneticas-comprobador-de-voltaje-para-electricistas/;publish;0;visible;Bricolaje;Herramientas para el hogar;Herramientas manuales de uso doméstico;40047;Destornillador;48791,48792,40514,40654,40617,601;1000 V | 11 | destornillador | eléctrico | herramienta | VEVOR.ES;product_brand;76;VEVOR.ES;;;;;;;Destornillador;herramienta;Instalación eléctrica;;;Instalación eléctrica;"[{""ambito"":""herramienta"",""tipo"":""marca"",""valor"":""VEVOR""},{""ambito"":""herramienta"",""tipo"":""numero_piezas"",""valor"":""11""},{""ambito"":""herramienta"",""tipo"":""producto"",""valor"":""Destornillador""},{""ambito"":""herramienta"",""tipo"":""tecnologia_accionamiento"",""valor"":""eléctrico""},{""ambito"":""herramienta"",""tipo"":""tension"",""valor"":""1000 V""}]";herramienta:marca=VEVOR | herramienta:numero_piezas=11 | herramienta:producto=Destornillador | herramienta:tecnologia_accionamiento=eléctrico | herramienta:tension=1000 V;[];"Destornillador. VEVOR Juego de Destornilladores Aislados de 1000 V, 11 PCS Juego de Destornilladores Eléctricos Profesionales con Puntas…. Datos técnicos disponibles: tensión: 1000 V, número de piezas: 11. Comprueba rango, unidades, precisión y tipo de conexión o sonda cuando estén documentados; el instrumento debe cubrir el valor que realmente…";"<p><strong>VEVOR Juego de Destornilladores Aislados de 1000 V, 11 PCS Juego de Destornilladores Eléctricos Profesionales con Puntas Ranuradas Pozi Phillips Magnéticas, Comprobador de Voltaje para Electricistas</strong> está clasificado en <strong>Destornillador</strong>. En los datos técnicos de esta referencia constan tensión: 1000 V, número de piezas: 11.</p><p>Comprueba rango, unidades, precisión y tipo de conexión o sonda cuando estén documentados; el instrumento debe cubrir el valor que realmente necesitas medir.</p>";30.23;25.19;30.23;EUR;taxable;;0;;instock;no;0;8;45;35;15;0;0;0;;97454;https://www.distribuidordeherramientas.es/wp-content/uploads/2026/05/insulated-tool-set-m100-1.2-2.jpg;97455,97456,97457,97458,97459,97460;https://www.distribuidordeherramientas.es/wp-content/uploads/2026/05/insulated-tool-set-f1-2.jpg | https://www.distribuidordeherramientas.es/wp-content/uploads/2026/05/insulated-tool-set-f2-2.jpg | https://www.distribuidordeherramientas.es/wp-content/uploads/2026/05/insulated-tool-set-f3-2.jpg | https://www.distribuidordeherramientas.es/wp-content/uploads/2026/05/insulated-tool-set-f4-2.jpg | https://www.distribuidordeherramientas.es/wp-content/uploads/2026/05/insulated-tool-set-f5-2.jpg | https://www.distribuidordeherramientas.es/wp-content/uploads/2026/05/insulated-tool-set-f6-2.jpg;0;;2026-06-15 10:00:00;2026-08-20 15:54:37
2.1;79585;p_010742958969;simple;VEVOR Juego de Pinzas de Herrero de Acero al Carbono 4 PCS Pinzas de Forja 46 cm en Forma de V, Boca de Lobo, Forma de ZV, Alicates de Agarre Mango Largo Operación Segura Equipo Básico para Herrero;vevor-juego-de-machos-y-terrajas-80-piezas-m3-m12-metrico-y-sae-de-acero-kit-de-machos-y-troqueles-con-maletin-de-transporte-portatil-herramientas-para-construccion-reparacion-de-automovil-fontaneria;https://www.distribuidordeherramientas.es/producto/vevor-juego-de-machos-y-terrajas-80-piezas-m3-m12-metrico-y-sae-de-acero-kit-de-machos-y-troqueles-con-maletin-de-transporte-portatil-herramientas-para-construccion-reparacion-de-automovil-fontaneria/;publish;0;visible;Bricolaje;Herramientas para el hogar;Herramientas manuales de uso doméstico;40229;Alicates;23244,48785,40827,40617,601;4 | acero al carbono | alicates | herramienta | VEVOR.ES;product_brand;76;VEVOR.ES;;VEVOR;010742958969;11538;Eléctrica > Herramientas Eléctricas > Herramientas Eléctricas de Mano > Alicates Eléctricos > Corte;65.9;Alicates;herramienta;Soldadura y procesos térmicos;;;Soldadura y procesos térmicos;"[{""ambito"":""herramienta"",""tipo"":""marca"",""valor"":""VEVOR""},{""ambito"":""herramienta"",""tipo"":""material"",""valor"":""acero""},{""ambito"":""herramienta"",""tipo"":""material"",""valor"":""acero al carbono""},{""ambito"":""herramienta"",""tipo"":""numero_piezas"",""valor"":""4""},{""ambito"":""herramienta"",""tipo"":""producto"",""valor"":""Alicates""}]";herramienta:marca=VEVOR | herramienta:material=acero | herramienta:material=acero al carbono | herramienta:numero_piezas=4 | herramienta:producto=Alicates;[];Alicates. VEVOR Juego de Pinzas de Herrero de Acero al Carbono 4 PCS Pinzas de Forja 46 cm en Forma de V, Boca de Lobo, Forma de ZV…. Datos técnicos disponibles: material: acero al carbono, número de piezas: 4. Antes de comprar, compara estos datos con el uso previsto y verifica cualquier medida, conexión o compatibilidad que dependa de una…;<p><strong>VEVOR Juego de Pinzas de Herrero de Acero al Carbono 4 PCS Pinzas de Forja 46 cm en Forma de V, Boca de Lobo, Forma de ZV, Alicates de Agarre Mango Largo Operación Segura Equipo Básico para Herrero</strong> está clasificado en <strong>Alicates</strong>. En los datos técnicos de esta referencia constan material: acero al carbono, número de piezas: 4.</p><p>Antes de comprar, compara estos datos con el uso previsto y verifica cualquier medida, conexión o compatibilidad que dependa de una máquina, vehículo o instalación concreta.</p>;95.56;79.08;79.08;EUR;taxable;;0;;instock;no;0;8;45;35;15;0;0;0;;;;;;0;;2026-06-15 10:00:00;2026-08-20 15:54:37
2.1;79639;p_010200737481;simple;VEVOR Kit de Herramientas para Engarzar Tuberías Eléctricas con 2 Baterías de 18 V 4,0 Ah, Engarzadora Profesional con Mandíbulas M15, M22, M28, Cargador Rápido y Estuche de Transporte;vevor-kit-de-herramientas-para-engarzar-tuberias-electricas-con-2-baterias-de-18-v-40-ah-engarzadora-profesional-con-mandibulas-m15-m22-m28-cargador-rapido-y-estuche-de-transporte;https://www.distribuidordeherramientas.es/producto/vevor-kit-de-herramientas-para-engarzar-tuberias-electricas-con-2-baterias-de-18-v-40-ah-engarzadora-profesional-con-mandibulas-m15-m22-m28-cargador-rapido-y-estuche-de-transporte/;publish;0;visible;Bricolaje;Herramientas para el hogar;Herramientas manuales de uso doméstico;40229;Alicates;44356,40827,48767,48906,601;accesorio | alicates | capacidad de batería 4.0 Ah | tension 18 V | VEVOR.ES;product_brand;76;VEVOR.ES;;;;;;;Alicates;herramienta;Tuberías, drenaje y desatasco;;;Tuberías, drenaje y desatasco;"[{""ambito"":""herramienta"",""tipo"":""capacidad_bateria"",""valor"":""4,0 Ah""},{""ambito"":""herramienta"",""tipo"":""marca"",""valor"":""VEVOR""},{""ambito"":""herramienta"",""tipo"":""producto"",""valor"":""Kit de Herramientas para Engarzar Tuberías Eléctricas""},{""ambito"":""herramienta"",""tipo"":""tecnologia_accionamiento"",""valor"":""eléctrico""},{""ambito"":""herramienta"",""tipo"":""tension"",""valor"":""18 V""}]";herramienta:capacidad_bateria=4,0 Ah | herramienta:marca=VEVOR | herramienta:producto=Kit de Herramientas para Engarzar Tuberías Eléctricas | herramienta:tecnologia_accionamiento=eléctrico | herramienta:tension=18 V;[];"Alicates. VEVOR Kit de Herramientas para Engarzar Tuberías Eléctricas con 2 Baterías de 18 V 4,0 Ah, Engarzadora Profesional con…. Datos técnicos disponibles: tensión: 18 V, capacidad de batería: 4,0 Ah. Comprueba sobre todo la referencia, la tensión, el formato y la química admitida cuando estén indicados; una coincidencia parcial no garantiza…";"<p><strong>VEVOR Kit de Herramientas para Engarzar Tuberías Eléctricas con 2 Baterías de 18 V 4,0 Ah, Engarzadora Profesional con Mandíbulas M15, M22, M28, Cargador Rápido y Estuche de Transporte</strong> está clasificado en <strong>Alicates</strong>. En los datos técnicos de esta referencia constan tensión: 18 V, capacidad de batería: 4,0 Ah.</p><p>Comprueba sobre todo la referencia, la tensión, el formato y la química admitida cuando estén indicados; una coincidencia parcial no garantiza que una batería o cargador sea intercambiable.</p>";1039.54;866.28;1039.54;EUR;taxable;;0;;instock;no;0;8;45;35;15;0;0;0;;90975;https://www.distribuidordeherramientas.es/wp-content/uploads/2026/05/propress-tool-m100-1.2-2.jpg;90976,90977,90978,90979,90980,90981;https://www.distribuidordeherramientas.es/wp-content/uploads/2026/05/propress-tool-f1-1.jpg | https://www.distribuidordeherramientas.es/wp-content/uploads/2026/05/propress-tool-f2-1.jpg | https://www.distribuidordeherramientas.es/wp-content/uploads/2026/05/propress-tool-f3-1.jpg | https://www.distribuidordeherramientas.es/wp-content/uploads/2026/05/propress-tool-f4-1.jpg | https://www.distribuidordeherramientas.es/wp-content/uploads/2026/05/propress-tool-f5-1.jpg | https://www.distribuidordeherramientas.es/wp-content/uploads/2026/05/propress-tool-f6-1.jpg;0;;2026-06-15 10:00:00;2026-08-20 15:54:38
2.1;79829;p_010175742687;simple;VEVOR Pinzas de Herrero de Acero al Carbono Pinzas de Forja Duraderas con Mandíbula de Lobo 46 cm Mango Largo Buen Agarre Operación Segura Equipo de Herrería para Taller de Artesanía de Herrería;vevor-pinzas-de-herrero-de-acero-al-carbono-pinzas-de-forja-duraderas-con-mandibula-de-lobo-46-cm-mango-largo-buen-agarre-operacion-segura-equipo-de-herreria-para-taller-de-artesania-de-herreria;https://www.distribuidordeherramientas.es/producto/vevor-pinzas-de-herrero-de-acero-al-carbono-pinzas-de-forja-duraderas-con-mandibula-de-lobo-46-cm-mango-largo-buen-agarre-operacion-segura-equipo-de-herreria-para-taller-de-artesania-de-herreria/;publish;0;visible;Bricolaje;Herramientas para el hogar;Herramientas manuales de uso doméstico;40229;Alicates;48785,40827,40617,601;acero al carbono | alicates | herramienta | VEVOR.ES;product_brand;76;VEVOR.ES;;;;;;;Alicates;herramienta;Soldadura y procesos térmicos;;;Soldadura y procesos térmicos;"[{""ambito"":""herramienta"",""tipo"":""marca"",""valor"":""VEVOR""},{""ambito"":""herramienta"",""tipo"":""material"",""valor"":""acero""},{""ambito"":""herramienta"",""tipo"":""material"",""valor"":""acero al carbono""},{""ambito"":""herramienta"",""tipo"":""producto"",""valor"":""Pinzas de Herrero de Acero al Carbono""}]";herramienta:marca=VEVOR | herramienta:material=acero | herramienta:material=acero al carbono | herramienta:producto=Pinzas de Herrero de Acero al Carbono;[];Alicates. VEVOR Pinzas de Herrero de Acero al Carbono Pinzas de Forja Duraderas con Mandíbula de Lobo 46 cm Mango Largo Buen Agarre…. Datos técnicos disponibles: material: acero al carbono. Antes de comprar, compara estos datos con el uso previsto y verifica cualquier medida, conexión o compatibilidad que dependa de una máquina, vehículo o…;<p><strong>VEVOR Pinzas de Herrero de Acero al Carbono Pinzas de Forja Duraderas con Mandíbula de Lobo 46 cm Mango Largo Buen Agarre Operación Segura Equipo de Herrería para Taller de Artesanía de Herrería</strong> está clasificado en <strong>Alicates</strong>. En los datos técnicos de esta referencia constan material: acero al carbono.</p><p>Antes de comprar, compara estos datos con el uso previsto y verifica cualquier medida, conexión o compatibilidad que dependa de una máquina, vehículo o instalación concreta.</p>;35.99;29.99;35.99;EUR;taxable;;0;;instock;no;0;20;30;20;10;0;0;0;;73296;https://www.distribuidordeherramientas.es/wp-content/uploads/2026/03/logo-vevor.webp;;;0;;2026-06-15 10:00:00;2026-08-20 15:54:46
2.1;79830;p_010742673344;simple;VEVOR Pinzas de Herrero de Acero al Carbono Pinzas de Forja Duraderas Forma de V 46 cm Mango Largo Buen Agarre Operación Segura Equipo de Herrería para Pernos Forjados en Forma de T y de Cabeza Ancha;vevor-pinzas-de-herrero-de-acero-al-carbono-pinzas-de-forja-duraderas-forma-de-v-46-cm-mango-largo-buen-agarre-operacion-segura-equipo-de-herreria-para-pernos-forjados-en-forma-de-t-y-de-cabeza-ancha;https://www.distribuidordeherramientas.es/producto/vevor-pinzas-de-herrero-de-acero-al-carbono-pinzas-de-forja-duraderas-forma-de-v-46-cm-mango-largo-buen-agarre-operacion-segura-equipo-de-herreria-para-pernos-forjados-en-forma-de-t-y-de-cabeza-ancha/;publish;0;visible;Bricolaje;Herramientas para el hogar;Herramientas manuales de uso doméstico;40229;Alicates;48785,40827,40617,601;acero al carbono | alicates | herramienta | VEVOR.ES;product_brand;76;VEVOR.ES;;;;;;;Alicates;herramienta;Soldadura y procesos térmicos;;;Soldadura y procesos térmicos;"[{""ambito"":""herramienta"",""tipo"":""marca"",""valor"":""VEVOR""},{""ambito"":""herramienta"",""tipo"":""material"",""valor"":""acero""},{""ambito"":""herramienta"",""tipo"":""material"",""valor"":""acero al carbono""},{""ambito"":""herramienta"",""tipo"":""producto"",""valor"":""Pinzas de Herrero de Acero al Carbono""}]";herramienta:marca=VEVOR | herramienta:material=acero | herramienta:material=acero al carbono | herramienta:producto=Pinzas de Herrero de Acero al Carbono;[];Alicates. VEVOR Pinzas de Herrero de Acero al Carbono Pinzas de Forja Duraderas Forma de V 46 cm Mango Largo Buen Agarre Operación…. Datos técnicos disponibles: material: acero al carbono. Antes de comprar, compara estos datos con el uso previsto y verifica cualquier medida, conexión o compatibilidad que dependa de una máquina, vehículo o…;<p><strong>VEVOR Pinzas de Herrero de Acero al Carbono Pinzas de Forja Duraderas Forma de V 46 cm Mango Largo Buen Agarre Operación Segura Equipo de Herrería para Pernos Forjados en Forma de T y de Cabeza Ancha</strong> está clasificado en <strong>Alicates</strong>. En los datos técnicos de esta referencia constan material: acero al carbono.</p><p>Antes de comprar, compara estos datos con el uso previsto y verifica cualquier medida, conexión o compatibilidad que dependa de una máquina, vehículo o instalación concreta.</p>;37.43;31.19;37.43;EUR;taxable;;0;;instock;no;0;20;30;20;10;0;0;0;;73296;https://www.distribuidordeherramientas.es/wp-content/uploads/2026/03/logo-vevor.webp;;;0;;2026-06-15 10:00:00;2026-08-20 15:54:46
2.1;80042;p_010836330164;simple;VEVOR Engarzadora de Banco de 61 cm Herramienta de Engarzado Manual de Acero de Aleación con Capacidad de Corte de 9,5 mm para Construcción de Cables, Industria Mecánica, Mantenimiento, Taller, Garaje;vevor-yunque-herrero-25-kg-de-una-sola-pieza-de-hierro-con-agujeros-cuadrados-ideal-para-metalurgicos-y-herreros-en-taller-de-metal-y-para-remachar-aplanar-forjar-y-formar-metal;https://www.distribuidordeherramientas.es/producto/vevor-yunque-herrero-25-kg-de-una-sola-pieza-de-hierro-con-agujeros-cuadrados-ideal-para-metalurgicos-y-herreros-en-taller-de-metal-y-para-remachar-aplanar-forjar-y-formar-metal/;publish;0;visible;Bricolaje;Herramientas para el hogar;Herramientas manuales de uso doméstico;40229;Alicates;22088,40827,40617,601;Acero | alicates | herramienta | VEVOR.ES;product_brand;76;VEVOR.ES;;VEVOR;010836330164;6608;Herramientas > Herramientas Manuales > Alicates > Engarzadoras > Cribadora Manual;49.99;Alicates;herramienta;Corte y pelado de cables;;;Corte y pelado de cables;"[{""ambito"":""herramienta"",""tipo"":""marca"",""valor"":""VEVOR""},{""ambito"":""herramienta"",""tipo"":""material"",""valor"":""acero""},{""ambito"":""herramienta"",""tipo"":""producto"",""valor"":""Engarzadora de Banco""},{""ambito"":""herramienta"",""tipo"":""tecnologia_accionamiento"",""valor"":""manual""}]";herramienta:marca=VEVOR | herramienta:material=acero | herramienta:producto=Engarzadora de Banco | herramienta:tecnologia_accionamiento=manual;[];Alicates. VEVOR Engarzadora de Banco de 61 cm Herramienta de Engarzado Manual de Acero de Aleación con Capacidad de Corte de 9,5 mm…. Datos técnicos disponibles: material: acero. Antes de comprar, compara estos datos con el uso previsto y verifica cualquier medida, conexión o compatibilidad que dependa de una máquina, vehículo o instalación…;<p><strong>VEVOR Engarzadora de Banco de 61 cm Herramienta de Engarzado Manual de Acero de Aleación con Capacidad de Corte de 9,5 mm para Construcción de Cables, Industria Mecánica, Mantenimiento, Taller, Garaje</strong> está clasificado en <strong>Alicates</strong>. En los datos técnicos de esta referencia constan material: acero.</p><p>Antes de comprar, compara estos datos con el uso previsto y verifica cualquier medida, conexión o compatibilidad que dependa de una máquina, vehículo o instalación concreta.</p>;72.49;59.99;72.49;EUR;taxable;;0;;instock;no;0;30;45;20;25;0;0;0;;;;;;0;;2026-06-15 10:00:00;2026-08-20 15:54:55
2.1;80073;;simple;VEVOR Destornillador Placo 20V Máximo Kit de Destornillador Inalámbrico para Placas de Yeso 4200 RPM con Baterías, Cargador, Ajustable hacia Adelante y Atrás Luz LED Incorporada para Paneles de Yeso;vevor-destornillador-placo-20v-maximo-kit-de-destornillador-inalambrico-para-placas-de-yeso-4200-rpm-con-baterias-cargador-ajustable-hacia-adelante-y-atras-luz-led-incorporada-para-paneles-de-yeso;https://www.distribuidordeherramientas.es/producto/vevor-destornillador-placo-20v-maximo-kit-de-destornillador-inalambrico-para-placas-de-yeso-4200-rpm-con-baterias-cargador-ajustable-hacia-adelante-y-atras-luz-led-incorporada-para-paneles-de-yeso/;publish;0;visible;Bricolaje;Herramientas para el hogar;Herramientas manuales de uso doméstico;40047;Destornillador;48706,49758,40514,40617,40649,48730,601;20 V | 4200 RPM | destornillador | herramienta | inalámbrico | LED | VEVOR.ES;product_brand;76;VEVOR.ES;;;;;;;Destornillador;herramienta;Construcción y reforma;;;Construcción y reforma;"[{""ambito"":""herramienta"",""tipo"":""marca"",""valor"":""VEVOR""},{""ambito"":""herramienta"",""tipo"":""producto"",""valor"":""Destornillador""},{""ambito"":""herramienta"",""tipo"":""tension"",""valor"":""20 V""},{""ambito"":""herramienta"",""tipo"":""velocidad"",""valor"":""4200 RPM""}]";herramienta:marca=VEVOR | herramienta:producto=Destornillador | herramienta:tension=20 V | herramienta:velocidad=4200 RPM;[];"Destornillador. VEVOR Destornillador Placo 20V Máximo Kit de Destornillador Inalámbrico para Placas de Yeso 4200 RPM con Baterías…. Datos técnicos disponibles: tensión: 20 V, velocidad: 4200 RPM. Comprueba sobre todo la referencia, la tensión, el formato y la química admitida cuando estén indicados; una coincidencia parcial no garantiza que una…";"<p><strong>VEVOR Destornillador Placo 20V Máximo Kit de Destornillador Inalámbrico para Placas de Yeso 4200 RPM con Baterías, Cargador, Ajustable hacia Adelante y Atrás Luz LED Incorporada para Paneles de Yeso</strong> está clasificado en <strong>Destornillador</strong>. En los datos técnicos de esta referencia constan tensión: 20 V, velocidad: 4200 RPM.</p><p>Comprueba sobre todo la referencia, la tensión, el formato y la química admitida cuando estén indicados; una coincidencia parcial no garantiza que una batería o cargador sea intercambiable.</p>";182.74;152.28;152.28;EUR;taxable;;0;;instock;no;0;8;45;35;15;0;0;0;;99972;https://www.distribuidordeherramientas.es/wp-content/uploads/2026/05/es2FGQLSQWSDF000AQV9VV22Fgoods_img-v22Fdrywall-screw-gun-m100-1.2.jpg;99973,99974,99975,99976,99977,99978;https://www.distribuidordeherramientas.es/wp-content/uploads/2026/05/drywall-screw-gun-f1.jpg | https://www.distribuidordeherramientas.es/wp-content/uploads/2026/05/drywall-screw-gun-f2.jpg | https://www.distribuidordeherramientas.es/wp-content/uploads/2026/05/drywall-screw-gun-f3.jpg | https://www.distribuidordeherramientas.es/wp-content/uploads/2026/05/drywall-screw-gun-f4.jpg | https://www.distribuidordeherramientas.es/wp-content/uploads/2026/05/drywall-screw-gun-f5.jpg | https://www.distribuidordeherramientas.es/wp-content/uploads/2026/05/drywall-screw-gun-f6.jpg;0;;2026-06-15 10:00:00;2026-08-20 15:54:58
2.1;80102;p_010790984965;simple;VEVOR Herramienta de engarzado neumática Am-10, Máquina de engarzado de terminales de cable accionada por aire Hasta 16 mm2, Máquina de engarzado neumática con 10 juegos de troqueles para muchos tipos;vevor-extractor-de-pernos-y-tuercas-29-piezas-extractores-de-pernos-de-6-mm-a-10-mm-y-105-mm-a-19-mm-herramientas-de-extraccion-de-pernos-rotos-de-acero-cr-mo-con-estuche-para-quitar-pernos-rotos;https://www.distribuidordeherramientas.es/producto/vevor-extractor-de-pernos-y-tuercas-29-piezas-extractores-de-pernos-de-6-mm-a-10-mm-y-105-mm-a-19-mm-herramientas-de-extraccion-de-pernos-rotos-de-acero-cr-mo-con-estuche-para-quitar-pernos-rotos/;publish;0;visible;Bricolaje;Herramientas para el hogar;Herramientas manuales de uso doméstico;40229;Alicates;44356,40827,601;accesorio | alicates | VEVOR.ES;product_brand;76;VEVOR.ES;;VEVOR;010790984965;10714;Herramientas > Herramientas Manuales > Alicates > Engarzadoras > Cribadora Manual;197.9;Alicates;herramienta;Corte y pelado de cables;;;Corte y pelado de cables;"[{""ambito"":""herramienta"",""tipo"":""marca"",""valor"":""VEVOR""},{""ambito"":""herramienta"",""tipo"":""producto"",""valor"":""Herramienta de engarzado neumática Am-10""},{""ambito"":""herramienta"",""tipo"":""tecnologia_accionamiento"",""valor"":""neumático""}]";herramienta:marca=VEVOR | herramienta:producto=Herramienta de engarzado neumática Am-10 | herramienta:tecnologia_accionamiento=neumático;[];"Alicates. VEVOR Herramienta de engarzado neumática Am-10, Máquina de engarzado de terminales de cable accionada por aire Hasta 16…. Antes de comprar, confirma la referencia exacta, las medidas y la compatibilidad indicada en la ficha del producto; no des por supuesta una equivalencia solo por el nombre comercial.";"<p><strong>VEVOR Herramienta de engarzado neumática Am-10, Máquina de engarzado de terminales de cable accionada por aire Hasta 16 mm2, Máquina de engarzado neumática con 10 juegos de troqueles para muchos tipos</strong> pertenece a <strong>Alicates</strong>. Antes de elegir esta referencia, comprueba en la ficha las medidas, conexión, alimentación o compatibilidad que sean relevantes para tu equipo o instalación.</p><p>Antes de comprar, confirma la referencia exacta, las medidas y la compatibilidad indicada en la ficha del producto; no des por supuesta una equivalencia solo por el nombre comercial.</p>";286.96;237.48;286.96;EUR;taxable;;0;;instock;no;0;8;45;35;15;0;0;0;;;;;;0;;2026-06-15 10:00:00;2026-08-20 15:54:59
2.1;81099;100;simple;Alicates de Crimpado - Herramienta Robusta con Asas Antideslizantes y Mecanismo de Rotación Ajustable de 6mm a 50mm;alicates-de-crimpado-herramienta-robusta-con-asas-antideslizantes-y-mecanismo-de-rotacion-ajustable-de-6mm-a-50mm;https://www.distribuidordeherramientas.es/producto/alicates-de-crimpado-herramienta-robusta-con-asas-antideslizantes-y-mecanismo-de-rotacion-ajustable-de-6mm-a-50mm/;publish;0;visible;Bricolaje;Herramientas para el hogar;Herramientas manuales de uso doméstico;40229;Alicates;48919,40827,40617,48715;6 mm / 50 mm | alicates | herramienta | SATKIT;product_brand;36879;SATKIT;;;;;;;Alicates;herramienta;Corte y pelado de cables;;;Corte y pelado de cables;"[{""ambito"":""herramienta"",""tipo"":""medida_principal"",""valor"":""6 mm / 50 mm""},{""ambito"":""herramienta"",""tipo"":""producto"",""valor"":""Alicates""}]";herramienta:medida_principal=6 mm / 50 mm | herramienta:producto=Alicates;[];Alicates. Alicates de Crimpado - Herramienta Robusta con Asas Antideslizantes y Mecanismo de Rotación Ajustable de 6mm a 50mm. Datos técnicos disponibles: medida principal: 6 mm / 50 mm. Antes de comprar, compara estos datos con el uso previsto y verifica cualquier medida, conexión o compatibilidad que dependa de una máquina, vehículo o instalación…;<p><strong>Alicates de Crimpado - Herramienta Robusta con Asas Antideslizantes y Mecanismo de Rotación Ajustable de 6mm a 50mm</strong> está clasificado en <strong>Alicates</strong>. En los datos técnicos de esta referencia constan medida principal: 6 mm / 50 mm.</p><p>Antes de comprar, compara estos datos con el uso previsto y verifica cualquier medida, conexión o compatibilidad que dependa de una máquina, vehículo o instalación concreta.</p>;29.76;24.6;29.76;EUR;taxable;;0;;instock;no;0;120;950;950;100;0;0;0;;104681;https://www.distribuidordeherramientas.es/wp-content/uploads/2026/06/alicates-de-crimpado-6-50mm-con-asas-antideslizantes-y-rotacion-ajustable-1000x1000-1.webp;104682,104683,104684,104685,104686,104687,104688,104689,104690,104691,104692;https://www.distribuidordeherramientas.es/wp-content/uploads/2026/06/alicates-de-crimpado-6-50mm-con-asas-antideslizantes-y-rotacion-ajustable-2-1000x1000-1.webp | https://www.distribuidordeherramientas.es/wp-content/uploads/2026/06/alicates-de-crimpado-6-50mm-con-asas-antideslizantes-y-rotacion-ajustable-3-1000x1000-1.webp | https://www.distribuidordeherramientas.es/wp-content/uploads/2026/06/alicates-de-crimpado-6-50mm-con-asas-antideslizantes-y-rotacion-ajustable-4-1000x1000-1.webp | https://www.distribuidordeherramientas.es/wp-content/uploads/2026/06/alicates-de-crimpado-6-50mm-con-asas-antideslizantes-y-rotacion-ajustable-5-1000x1000-1.webp | https://www.distribuidordeherramientas.es/wp-content/uploads/2026/06/alicates-de-crimpado-6-50mm-con-asas-antideslizantes-y-rotacion-ajustable-6-1000x1000-1.webp | https://www.distribuidordeherramientas.es/wp-content/uploads/2026/06/alicates-de-crimpado-6-50mm-con-asas-antideslizantes-y-rotacion-ajustable-7-1000x1000-1.webp | https://www.distribuidordeherramientas.es/wp-content/uploads/2026/06/alicates-de-crimpado-6-50mm-con-asas-antideslizantes-y-rotacion-ajustable-8-1000x1000-1.webp | https://www.distribuidordeherramientas.es/wp-content/uploads/2026/06/alicates-de-crimpado-6-50mm-con-asas-antideslizantes-y-rotacion-ajustable-9-1000x1000-1.webp | https://www.distribuidordeherramientas.es/wp-content/uploads/2026/06/alicates-de-crimpado-6-50mm-con-asas-antideslizantes-y-rotacion-ajustable-10-1000x1000-1.webp | https://www.distribuidordeherramientas.es/wp-content/uploads/2026/06/alicates-de-crimpado-6-50mm-con-asas-antideslizantes-y-rotacion-ajustable-11-1000x1000-1.webp | https://www.distribuidordeherramientas.es/wp-content/uploads/2026/06/alicates-de-crimpado-6-50mm-con-asas-antideslizantes-y-rotacion-ajustable-12-1000x1000-1.webp;0;;2026-06-15 10:00:00;2026-08-20 15:55:04
2.1;81131;132;simple;Destornillador Plano 5mmx150mm Cabezal Magnetico;destornillador-plano-5mmx150mm-cabezal-magnetico;https://www.distribuidordeherramientas.es/producto/destornillador-plano-5mmx150mm-cabezal-magnetico/;publish;0;visible;Bricolaje;Herramientas para el hogar;Herramientas manuales de uso doméstico;40047;Destornillador;48885,40514,40617,48715;5 mm x 150 mm | destornillador | herramienta | SATKIT;product_brand;36879;SATKIT;;;;;;;Destornillador;herramienta;Perforación y fijación;;;Perforación y fijación;"[{""ambito"":""herramienta"",""tipo"":""producto"",""valor"":""Destornillador""}]";herramienta:producto=Destornillador;[];Destornillador. Destornillador Plano 5mmx150mm Cabezal Magnetico. Datos técnicos disponibles: dimensiones: 5 mm x 150 mm. Antes de comprar, compara estos datos con el uso previsto y verifica cualquier medida, conexión o compatibilidad que dependa de una máquina, vehículo o instalación concreta.;<p><strong>Destornillador Plano 5mmx150mm Cabezal Magnetico</strong> está clasificado en <strong>Destornillador</strong>. En los datos técnicos de esta referencia constan dimensiones: 5 mm x 150 mm.</p><p>Antes de comprar, compara estos datos con el uso previsto y verifica cualquier medida, conexión o compatibilidad que dependa de una máquina, vehículo o instalación concreta.</p>;4.67;3.86;4.67;EUR;taxable;;0;;instock;no;0;3;200;150;50;0;0;0;;80129;https://www.distribuidordeherramientas.es/wp-content/uploads/2026/03/SATKIT.png;;;0;;2026-06-15 10:00:00;2026-08-20 15:55:09
2.1;81162;165;simple;Ks-1200 Plataforma Para Trabajo Con Placas Móviles + Destornilladores;ks-1200-plataforma-para-trabajo-con-placas-moviles-destornilladores;https://www.distribuidordeherramientas.es/producto/ks-1200-plataforma-para-trabajo-con-placas-moviles-destornilladores/;publish;0;visible;Bricolaje;Herramientas para el hogar;Herramientas manuales de uso doméstico;40047;Destornillador;40514,40617,48715;destornillador | herramienta | SATKIT;product_brand;36879;SATKIT;;;;;;;Destornillador;herramienta;Reparación de móviles, tablets y pantallas;;;Reparación de móviles, tablets y pantallas;"[{""ambito"":""herramienta"",""tipo"":""producto"",""valor"":""Destornillador""}]";herramienta:producto=Destornillador;[];"Destornillador. Ks-1200 Plataforma Para Trabajo Con Placas Móviles + Destornilladores. Antes de comprar, confirma la referencia exacta, las medidas y la compatibilidad indicada en la ficha del producto; no des por supuesta una equivalencia solo por el nombre comercial.";"<p><strong>Ks-1200 Plataforma Para Trabajo Con Placas Móviles + Destornilladores</strong> pertenece a <strong>Destornillador</strong>. Antes de elegir esta referencia, comprueba en la ficha las medidas, conexión, alimentación o compatibilidad que sean relevantes para tu equipo o instalación.</p><p>Antes de comprar, confirma la referencia exacta, las medidas y la compatibilidad indicada en la ficha del producto; no des por supuesta una equivalencia solo por el nombre comercial.</p>";14.88;12.3;12.3;EUR;taxable;;0;;instock;no;0;3;200;150;50;0;0;0;;105428;https://www.distribuidordeherramientas.es/wp-content/uploads/2026/06/ks-1200-plataforma-para-trabajo-con-placas-moviles-con-destornilladores-kaisi-1000x1000-1.webp;105429,105430,105431;https://www.distribuidordeherramientas.es/wp-content/uploads/2026/06/ks-1200-plataforma-para-trabajo-con-placas-moviles-con-destornilladores-kaisi-2-1000x1000-1.webp | https://www.distribuidordeherramientas.es/wp-content/uploads/2026/06/ks-1200-plataforma-para-trabajo-con-placas-moviles-con-destornilladores-kaisi-3-1000x1000-1.webp | https://www.distribuidordeherramientas.es/wp-content/uploads/2026/06/ks-1200-plataforma-para-trabajo-con-placas-moviles-con-destornilladores-kaisi-4-1000x1000-1.webp;0;;2026-06-15 10:00:00;2026-08-20 15:55:10
2.1;81304;308;simple;Destornillador Philips 3mmx75mm Cabezal Magnetico;destornillador-philips-3mmx75mm-cabezal-magnetico;https://www.distribuidordeherramientas.es/producto/destornillador-philips-3mmx75mm-cabezal-magnetico/;publish;0;visible;Bricolaje;Herramientas para el hogar;Herramientas manuales de uso doméstico;40047;Destornillador;48886,40514,40617,48715;3 mm x 75 mm | destornillador | herramienta | SATKIT;product_brand;36879;SATKIT;;;;;;;Destornillador;herramienta;Perforación y fijación;;;Perforación y fijación;"[{""ambito"":""herramienta"",""tipo"":""producto"",""valor"":""Destornillador""}]";herramienta:producto=Destornillador;[];Destornillador. Destornillador Philips 3mmx75mm Cabezal Magnetico. Datos técnicos disponibles: dimensiones: 3 mm x 75 mm. Antes de comprar, compara estos datos con el uso previsto y verifica cualquier medida, conexión o compatibilidad que dependa de una máquina, vehículo o instalación concreta.;<p><strong>Destornillador Philips 3mmx75mm Cabezal Magnetico</strong> está clasificado en <strong>Destornillador</strong>. En los datos técnicos de esta referencia constan dimensiones: 3 mm x 75 mm.</p><p>Antes de comprar, compara estos datos con el uso previsto y verifica cualquier medida, conexión o compatibilidad que dependa de una máquina, vehículo o instalación concreta.</p>;2.55;2.11;2.55;EUR;taxable;;0;;instock;no;0;3;200;150;50;0;0;0;;80129;https://www.distribuidordeherramientas.es/wp-content/uploads/2026/03/SATKIT.png;;;0;;2026-06-15 10:00:00;2026-08-20 15:55:17
2.1;81329;333;simple;Alicates Electronica;alicates-electronica;https://www.distribuidordeherramientas.es/producto/alicates-electronica/;publish;0;visible;Bricolaje;Herramientas para el hogar;Herramientas manuales de uso doméstico;40229;Alicates;40827,40617,48715;alicates | herramienta | SATKIT;product_brand;36879;SATKIT;;;;;;;Alicates;herramienta;Mantenimiento y reparación electrónica;;;Mantenimiento y reparación electrónica;"[{""ambito"":""herramienta"",""tipo"":""producto"",""valor"":""Alicates""}]";herramienta:producto=Alicates;[];"Alicates. Alicates Electronica. Antes de comprar, confirma la referencia exacta, las medidas y la compatibilidad indicada en la ficha del producto; no des por supuesta una equivalencia solo por el nombre comercial.";"<p><strong>Alicates Electronica</strong> pertenece a <strong>Alicates</strong>. Antes de elegir esta referencia, comprueba en la ficha las medidas, conexión, alimentación o compatibilidad que sean relevantes para tu equipo o instalación.</p><p>Antes de comprar, confirma la referencia exacta, las medidas y la compatibilidad indicada en la ficha del producto; no des por supuesta una equivalencia solo por el nombre comercial.</p>";7.38;6.1;6.1;EUR;taxable;;0;;instock;no;0;3;200;150;50;0;0;0;;104693;https://www.distribuidordeherramientas.es/wp-content/uploads/2026/06/alicates-electronica-mlink-para-corte-y-precision-en-electronica-1000x1000-1.webp;;;0;;2026-06-15 10:00:00;2026-08-20 15:55:18
2.1;81399;403;simple;Destornillador De Tri Wing Y 0,6mm Reparacion Iphone 7, Iphone 7 Plus Y Apple Watch;destornillador-de-tri-wing-y-06mm-reparacion-iphone-7-iphone-7-plus-y-apple-watch;https://www.distribuidordeherramientas.es/producto/destornillador-de-tri-wing-y-06mm-reparacion-iphone-7-iphone-7-plus-y-apple-watch/;publish;0;visible;Bricolaje;Herramientas para el hogar;Herramientas manuales de uso doméstico;40047;Destornillador;40514,40617,48715;destornillador | herramienta | SATKIT;product_brand;36879;SATKIT;;;;;;;Destornillador;herramienta;Reparación de móviles, tablets y pantallas;;;Reparación de móviles, tablets y pantallas;"[{""ambito"":""herramienta"",""tipo"":""medida_principal"",""valor"":""0,6 mm""},{""ambito"":""herramienta"",""tipo"":""producto"",""valor"":""Destornillador""}]";herramienta:medida_principal=0,6 mm | herramienta:producto=Destornillador;[];Destornillador. Destornillador De Tri Wing Y 0,6mm Reparacion Iphone 7, Iphone 7 Plus Y Apple Watch. Datos técnicos disponibles: medida principal: 0,6 mm. Antes de comprar, compara estos datos con el uso previsto y verifica cualquier medida, conexión o compatibilidad que dependa de una máquina, vehículo o instalación concreta.;<p><strong>Destornillador De Tri Wing Y 0,6mm Reparacion Iphone 7, Iphone 7 Plus Y Apple Watch</strong> está clasificado en <strong>Destornillador</strong>. En los datos técnicos de esta referencia constan medida principal: 0,6 mm.</p><p>Antes de comprar, compara estos datos con el uso previsto y verifica cualquier medida, conexión o compatibilidad que dependa de una máquina, vehículo o instalación concreta.</p>;6.17;5.1;5.1;EUR;taxable;;0;;instock;no;0;3;200;150;50;0;0;0;;105072;https://www.distribuidordeherramientas.es/wp-content/uploads/2026/06/destornillador-tri-wing-0-6mm-para-reparacion-de-iphone-7-iphone-7-plus-y-apple-1000x1000-1.webp;105073,105074;https://www.distribuidordeherramientas.es/wp-content/uploads/2026/06/destornillador-tri-wing-0-6mm-para-reparacion-de-iphone-7-iphone-7-plus-y-apple-2-1000x1000-1.webp | https://www.distribuidordeherramientas.es/wp-content/uploads/2026/06/destornillador-tri-wing-0-6mm-para-reparacion-de-iphone-7-iphone-7-plus-y-apple-3-1000x1000-1.webp;0;;2026-06-15 10:00:00;2026-08-20 15:55:19
2.1;81560;568;simple;Sb-330 Alicates Curvos Para Circlips/Arandelas/Anillos De Seguridad 320mm;sb-330-alicates-curvos-para-circlips-arandelas-anillos-de-seguridad-320mm;https://www.distribuidordeherramientas.es/producto/sb-330-alicates-curvos-para-circlips-arandelas-anillos-de-seguridad-320mm/;publish;0;visible;Bricolaje;Herramientas para el hogar;Herramientas manuales de uso doméstico;40229;Alicates;48920,40827,40617,48715;320 mm | alicates | herramienta | SATKIT;product_brand;36879;SATKIT;;;;;;;Alicates;herramienta;Fijación y sujeción técnica;;;Fijación y sujeción técnica;"[{""ambito"":""herramienta"",""tipo"":""medida_principal"",""valor"":""320 mm""},{""ambito"":""herramienta"",""tipo"":""producto"",""valor"":""Alicates""}]";herramienta:medida_principal=320 mm | herramienta:producto=Alicates;[];Alicates. Sb-330 Alicates Curvos Para Circlips/Arandelas/Anillos De Seguridad 320mm. Datos técnicos disponibles: medida principal: 320 mm. Antes de comprar, compara estos datos con el uso previsto y verifica cualquier medida, conexión o compatibilidad que dependa de una máquina, vehículo o instalación concreta.;<p><strong>Sb-330 Alicates Curvos Para Circlips/Arandelas/Anillos De Seguridad 320mm</strong> está clasificado en <strong>Alicates</strong>. En los datos técnicos de esta referencia constan medida principal: 320 mm.</p><p>Antes de comprar, compara estos datos con el uso previsto y verifica cualquier medida, conexión o compatibilidad que dependa de una máquina, vehículo o instalación concreta.</p>;8.5;7.03;8.5;EUR;taxable;;0;;instock;no;0;3;200;150;50;0;0;0;;105791;https://www.distribuidordeherramientas.es/wp-content/uploads/2026/06/sb-330-alicates-curvos-para-circlips-320mm-precision-y-durabilidad-shek-1000x1000-1.webp;105792,105793,105794,105795;https://www.distribuidordeherramientas.es/wp-content/uploads/2026/06/sb-330-alicates-curvos-para-circlips-320mm-precision-y-durabilidad-shek-2-1000x1000-1.webp | https://www.distribuidordeherramientas.es/wp-content/uploads/2026/06/sb-330-alicates-curvos-para-circlips-320mm-precision-y-durabilidad-shek-3-1000x1000-1.webp | https://www.distribuidordeherramientas.es/wp-content/uploads/2026/06/sb-330-alicates-curvos-para-circlips-320mm-precision-y-durabilidad-shek-4-1000x1000-1.webp | https://www.distribuidordeherramientas.es/wp-content/uploads/2026/06/sb-330-alicates-curvos-para-circlips-320mm-precision-y-durabilidad-shek-5-1000x1000-1.webp;0;;2026-06-15 10:00:00;2026-08-20 15:55:20
2.1;82119;1128;simple;Destornillador Pentalobe W1,2 X 25mm Para Macbook Air Pro;destornillador-pentalobe-w12-x-25mm-para-macbook-air-pro;https://www.distribuidordeherramientas.es/producto/destornillador-pentalobe-w12-x-25mm-para-macbook-air-pro/;publish;0;visible;Bricolaje;Herramientas para el hogar;Herramientas manuales de uso doméstico;40047;Destornillador;40514,48887,40617,48715;destornillador | dimensiones 1.2 x 25 mm | herramienta | SATKIT;product_brand;36879;SATKIT;;;;;;;Destornillador;herramienta;Reparación de móviles, tablets y pantallas;;;Reparación de móviles, tablets y pantallas;"[{""ambito"":""herramienta"",""tipo"":""dimensiones"",""valor"":""1,2 x 25 mm""},{""ambito"":""herramienta"",""tipo"":""medida_principal"",""valor"":""25 mm""},{""ambito"":""herramienta"",""tipo"":""producto"",""valor"":""Destornillador""}]";herramienta:dimensiones=1,2 x 25 mm | herramienta:medida_principal=25 mm | herramienta:producto=Destornillador;[];Destornillador. Destornillador Pentalobe W1,2 X 25mm Para Macbook Air Pro. Datos técnicos disponibles: medida principal: 25 mm, dimensiones: 1,2 x 25 mm. Antes de comprar, compara estos datos con el uso previsto y verifica cualquier medida, conexión o compatibilidad que dependa de una máquina, vehículo o instalación concreta.;<p><strong>Destornillador Pentalobe W1,2 X 25mm Para Macbook Air Pro</strong> está clasificado en <strong>Destornillador</strong>. En los datos técnicos de esta referencia constan medida principal: 25 mm, dimensiones: 1,2 x 25 mm.</p><p>Antes de comprar, compara estos datos con el uso previsto y verifica cualquier medida, conexión o compatibilidad que dependa de una máquina, vehículo o instalación concreta.</p>;5.75;4.75;4.75;EUR;taxable;;0;;instock;no;0;3;200;150;50;0;0;0;;105076;https://www.distribuidordeherramientas.es/wp-content/uploads/2026/06/destornillador-pentalobe-1-2mm-para-macbook-air-pro-de-alta-calidad-rdeer-1000x1000-1.webp;105077,105078,105079;https://www.distribuidordeherramientas.es/wp-content/uploads/2026/06/destornillador-pentalobe-1-2mm-para-macbook-air-pro-de-alta-calidad-rdeer-2-1000x1000-1.webp | https://www.distribuidordeherramientas.es/wp-content/uploads/2026/06/destornillador-pentalobe-1-2mm-para-macbook-air-pro-de-alta-calidad-rdeer-3-1000x1000-1.webp | https://www.distribuidordeherramientas.es/wp-content/uploads/2026/06/destornillador-pentalobe-1-2mm-para-macbook-air-pro-de-alta-calidad-rdeer-4-1000x1000-1.webp;0;;2026-06-15 10:00:00;2026-08-20 15:55:22
2.1;82185;1194;simple;Alicates Curvos Para Circlips/Arandelas/Anillos De Seguridad 125mm;alicates-curvos-para-circlips-arandelas-anillos-de-seguridad-125mm;https://www.distribuidordeherramientas.es/producto/alicates-curvos-para-circlips-arandelas-anillos-de-seguridad-125mm/;publish;0;visible;Bricolaje;Herramientas para el hogar;Herramientas manuales de uso doméstico;40229;Alicates;48686,40827,40617,48715;125 mm | alicates | herramienta | SATKIT;product_brand;36879;SATKIT;;;;;;;Alicates;herramienta;Fijación y sujeción técnica;;;Fijación y sujeción técnica;"[{""ambito"":""herramienta"",""tipo"":""medida_principal"",""valor"":""125 mm""},{""ambito"":""herramienta"",""tipo"":""producto"",""valor"":""Alicates""}]";herramienta:medida_principal=125 mm | herramienta:producto=Alicates;[];Alicates. Alicates Curvos Para Circlips/Arandelas/Anillos De Seguridad 125mm. Datos técnicos disponibles: medida principal: 125 mm. Antes de comprar, compara estos datos con el uso previsto y verifica cualquier medida, conexión o compatibilidad que dependa de una máquina, vehículo o instalación concreta.;<p><strong>Alicates Curvos Para Circlips/Arandelas/Anillos De Seguridad 125mm</strong> está clasificado en <strong>Alicates</strong>. En los datos técnicos de esta referencia constan medida principal: 125 mm.</p><p>Antes de comprar, compara estos datos con el uso previsto y verifica cualquier medida, conexión o compatibilidad que dependa de una máquina, vehículo o instalación concreta.</p>;7.45;6.16;7.45;EUR;taxable;;0;;instock;no;0;3;200;150;50;0;0;0;;104680;https://www.distribuidordeherramientas.es/wp-content/uploads/2026/06/alicates-curvos-para-circlips-125mm-de-alta-precision-y-durabilidad-1000x1000-1.webp;;;0;;2026-06-15 10:00:00;2026-08-20 15:55:23
2.1;82198;1207;simple;Destornillador Plano 3mx75mm Cabezal Magnetico;destornillador-plano-3mx75mm-cabezal-magnetico;https://www.distribuidordeherramientas.es/producto/destornillador-plano-3mx75mm-cabezal-magnetico/;publish;0;visible;Bricolaje;Herramientas para el hogar;Herramientas manuales de uso doméstico;40047;Destornillador;48888,40514,40617,48715;3m x 75 mm | destornillador | herramienta | SATKIT;product_brand;36879;SATKIT;;;;;;;Destornillador;herramienta;Perforación y fijación;;;Perforación y fijación;"[{""ambito"":""herramienta"",""tipo"":""producto"",""valor"":""Destornillador""}]";herramienta:producto=Destornillador;[];Destornillador. Destornillador Plano 3mx75mm Cabezal Magnetico. Datos técnicos disponibles: dimensiones: 3m x 75 mm. Antes de comprar, compara estos datos con el uso previsto y verifica cualquier medida, conexión o compatibilidad que dependa de una máquina, vehículo o instalación concreta.;<p><strong>Destornillador Plano 3mx75mm Cabezal Magnetico</strong> está clasificado en <strong>Destornillador</strong>. En los datos técnicos de esta referencia constan dimensiones: 3m x 75 mm.</p><p>Antes de comprar, compara estos datos con el uso previsto y verifica cualquier medida, conexión o compatibilidad que dependa de una máquina, vehículo o instalación concreta.</p>;3.41;2.82;3.41;EUR;taxable;;0;;instock;no;0;3;200;150;50;0;0;0;;80129;https://www.distribuidordeherramientas.es/wp-content/uploads/2026/03/SATKIT.png;;;0;;2026-06-15 10:00:00;2026-08-20 15:55:23
2.1;82313;1322;simple;Destornillador Torx 6 Para Ericsson , Nokia Y Moto;destornillador-torx-6-para-ericsson-nokia-y-moto;https://www.distribuidordeherramientas.es/producto/destornillador-torx-6-para-ericsson-nokia-y-moto/;publish;0;visible;Bricolaje;Herramientas para el hogar;Herramientas manuales de uso doméstico;40047;Destornillador;40514,40617,48715;destornillador | herramienta | SATKIT;product_brand;36879;SATKIT;;;;;;;Destornillador;herramienta;Perforación y fijación;;;Perforación y fijación;"[{""ambito"":""herramienta"",""tipo"":""producto"",""valor"":""Destornillador""}]";herramienta:producto=Destornillador;[];"Destornillador. Destornillador Torx 6 Para Ericsson , Nokia Y Moto. Antes de comprar, confirma la referencia exacta, las medidas y la compatibilidad indicada en la ficha del producto; no des por supuesta una equivalencia solo por el nombre comercial.";"<p><strong>Destornillador Torx 6 Para Ericsson , Nokia Y Moto</strong> pertenece a <strong>Destornillador</strong>. Antes de elegir esta referencia, comprueba en la ficha las medidas, conexión, alimentación o compatibilidad que sean relevantes para tu equipo o instalación.</p><p>Antes de comprar, confirma la referencia exacta, las medidas y la compatibilidad indicada en la ficha del producto; no des por supuesta una equivalencia solo por el nombre comercial.</p>";6.31;5.21;5.21;EUR;taxable;;0;;instock;no;0;3;200;150;50;0;0;0;;105082;https://www.distribuidordeherramientas.es/wp-content/uploads/2026/06/destornillador-torx-6-para-moviles-ericsson-nokia-y-motorola-de-precision-1000x1000-1.webp;;;0;;2026-06-15 10:00:00;2026-08-20 15:55:24
2.1;82558;1567;simple;Sk-112-9c Alicates Rectos Para Circlips/Arandelas/Anillos De Seguridad 230mm;sk-112-9c-alicates-rectos-para-circlips-arandelas-anillos-de-seguridad-230mm;https://www.distribuidordeherramientas.es/producto/sk-112-9c-alicates-rectos-para-circlips-arandelas-anillos-de-seguridad-230mm/;publish;0;visible;Bricolaje;Herramientas para el hogar;Herramientas manuales de uso doméstico;40229;Alicates;48921,48691,40827,40617,48715;112-9c | 230 mm | alicates | herramienta | SATKIT;product_brand;36879;SATKIT;;;;;;;Alicates;herramienta;Fijación y sujeción técnica;;;Fijación y sujeción técnica;"[{""ambito"":""herramienta"",""tipo"":""medida_principal"",""valor"":""230 mm""},{""ambito"":""herramienta"",""tipo"":""producto"",""valor"":""Alicates""}]";herramienta:medida_principal=230 mm | herramienta:producto=Alicates;[];Alicates. Sk-112-9c Alicates Rectos Para Circlips/Arandelas/Anillos De Seguridad 230mm. Datos técnicos disponibles: medida principal: 230 mm, temperatura: 112-9c. Antes de comprar, compara estos datos con el uso previsto y verifica cualquier medida, conexión o compatibilidad que dependa de una máquina, vehículo o instalación concreta.;<p><strong>Sk-112-9c Alicates Rectos Para Circlips/Arandelas/Anillos De Seguridad 230mm</strong> está clasificado en <strong>Alicates</strong>. En los datos técnicos de esta referencia constan medida principal: 230 mm, temperatura: 112-9c.</p><p>Antes de comprar, compara estos datos con el uso previsto y verifica cualquier medida, conexión o compatibilidad que dependa de una máquina, vehículo o instalación concreta.</p>;10.63;8.78;8.78;EUR;taxable;;0;;instock;no;0;3;200;150;50;0;0;0;;105832;https://www.distribuidordeherramientas.es/wp-content/uploads/2026/06/alicates-rectos-para-circlips-230mm-sk-112-9c-de-tsx-tool-1000x1000-1.webp;105833,105834,105835;https://www.distribuidordeherramientas.es/wp-content/uploads/2026/06/alicates-rectos-para-circlips-230mm-sk-112-9c-de-tsx-tool-2-1000x1000-1.webp | https://www.distribuidordeherramientas.es/wp-content/uploads/2026/06/alicates-rectos-para-circlips-230mm-sk-112-9c-de-tsx-tool-3-1000x1000-1.webp | https://www.distribuidordeherramientas.es/wp-content/uploads/2026/06/alicates-rectos-para-circlips-230mm-sk-112-9c-de-tsx-tool-4-1000x1000-1.webp;0;;2026-06-15 10:00:00;2026-08-20 15:55:25
2.1;82563;1572;simple;Alicates electrónica Mlink para corte y precisión en electrónica;aoyue-c032-resistencia-soldador-aoyue-3233;https://www.distribuidordeherramientas.es/producto/aoyue-c032-resistencia-soldador-aoyue-3233/;publish;0;visible;Bricolaje;Herramientas para el hogar;Herramientas manuales de uso doméstico;40229;Alicates;40827,40617,44061;alicates | herramienta | mlink;product_brand;47092;Mlink;;SATKIT;1572;175;Herramientas y Medición > Herramientas Manuales > Alicates y Pinzas;4.2;Alicates;herramienta;Mantenimiento y reparación electrónica;;;Mantenimiento y reparación electrónica;"[{""ambito"":""herramienta"",""tipo"":""marca"",""valor"":""Mlink""},{""ambito"":""herramienta"",""tipo"":""producto"",""valor"":""Alicates""}]";herramienta:marca=Mlink | herramienta:producto=Alicates;[];"Alicates. Alicates electrónica Mlink para corte y precisión en electrónica. Antes de comprar, confirma la referencia exacta, las medidas y la compatibilidad indicada en la ficha del producto; no des por supuesta una equivalencia solo por el nombre comercial.";"<p><strong>Alicates electrónica Mlink para corte y precisión en electrónica</strong> pertenece a <strong>Alicates</strong>. Antes de elegir esta referencia, comprueba en la ficha las medidas, conexión, alimentación o compatibilidad que sean relevantes para tu equipo o instalación.</p><p>Antes de comprar, confirma la referencia exacta, las medidas y la compatibilidad indicada en la ficha del producto; no des por supuesta una equivalencia solo por el nombre comercial.</p>";6.09;5.04;6.09;EUR;taxable;;0;;outofstock;no;0;3;200;150;50;0;0;0;;119016;https://www.distribuidordeherramientas.es/wp-content/uploads/2026/06/alicates-electronica-mlink-para-corte-y-precision-en-electronica-1000x1000-2.webp;;;0;;2026-06-15 10:00:00;2026-08-20 15:55:25
2.1;82804;1815;simple;Destornillador Plano 6mmx200mm Cabezal Magnetico;destornillador-plano-6mmx200mm-cabezal-magnetico;https://www.distribuidordeherramientas.es/producto/destornillador-plano-6mmx200mm-cabezal-magnetico/;publish;0;visible;Bricolaje;Herramientas para el hogar;Herramientas manuales de uso doméstico;40047;Destornillador;48891,40514,40617,48715;6 mm x 200 mm | destornillador | herramienta | SATKIT;product_brand;36879;SATKIT;;;;;;;Destornillador;herramienta;Perforación y fijación;;;Perforación y fijación;"[{""ambito"":""herramienta"",""tipo"":""producto"",""valor"":""Destornillador""}]";herramienta:producto=Destornillador;[];Destornillador. Destornillador Plano 6mmx200mm Cabezal Magnetico. Datos técnicos disponibles: dimensiones: 6 mm x 200 mm. Antes de comprar, compara estos datos con el uso previsto y verifica cualquier medida, conexión o compatibilidad que dependa de una máquina, vehículo o instalación concreta.;<p><strong>Destornillador Plano 6mmx200mm Cabezal Magnetico</strong> está clasificado en <strong>Destornillador</strong>. En los datos técnicos de esta referencia constan dimensiones: 6 mm x 200 mm.</p><p>Antes de comprar, compara estos datos con el uso previsto y verifica cualquier medida, conexión o compatibilidad que dependa de una máquina, vehículo o instalación concreta.</p>;2.97;2.45;2.97;EUR;taxable;;0;;instock;no;0;3;200;150;50;0;0;0;;105080;https://www.distribuidordeherramientas.es/wp-content/uploads/2026/06/destornillador-plano-6mmx200mm-con-cabezal-magnetico-shek-1000x1000-1.webp;105081;https://www.distribuidordeherramientas.es/wp-content/uploads/2026/06/destornillador-plano-6mmx200mm-con-cabezal-magnetico-shek-2-1000x1000-1.webp;0;;2026-06-15 10:00:00;2026-08-20 15:55:27
2.1;82964;1976;simple;Set Alicates De Crimpado, Kit Crimpadora Faston Mas Terminales Y Conectores;set-alicates-de-crimpado-kit-crimpadora-faston-mas-terminales-y-conectores;https://www.distribuidordeherramientas.es/producto/set-alicates-de-crimpado-kit-crimpadora-faston-mas-terminales-y-conectores/;publish;0;visible;Bricolaje;Herramientas para el hogar;Herramientas manuales de uso doméstico;40229;Alicates;40827,40617,48715;alicates | herramienta | SATKIT;product_brand;36879;SATKIT;;;;;;;Alicates;herramienta;Corte y pelado de cables;;;Corte y pelado de cables;"[{""ambito"":""herramienta"",""tipo"":""producto"",""valor"":""Alicates""}]";herramienta:producto=Alicates;[];"Alicates. Set Alicates De Crimpado, Kit Crimpadora Faston Mas Terminales Y Conectores. Antes de comprar, confirma la referencia exacta, las medidas y la compatibilidad indicada en la ficha del producto; no des por supuesta una equivalencia solo por el nombre comercial.";"<p><strong>Set Alicates De Crimpado, Kit Crimpadora Faston Mas Terminales Y Conectores</strong> pertenece a <strong>Alicates</strong>. Antes de elegir esta referencia, comprueba en la ficha las medidas, conexión, alimentación o compatibilidad que sean relevantes para tu equipo o instalación.</p><p>Antes de comprar, confirma la referencia exacta, las medidas y la compatibilidad indicada en la ficha del producto; no des por supuesta una equivalencia solo por el nombre comercial.</p>";13.83;11.43;13.83;EUR;taxable;;0;;instock;no;0;120;950;950;100;0;0;0;;105800;https://www.distribuidordeherramientas.es/wp-content/uploads/2026/06/set-alicates-de-crimpado-tsx-tool-con-kit-crimpadora-faston-y-terminales-1000x1000-1.webp;105801,105802,105803,105804,105805,105806;https://www.distribuidordeherramientas.es/wp-content/uploads/2026/06/set-alicates-de-crimpado-tsx-tool-con-kit-crimpadora-faston-y-terminales-2-1000x1000-1.webp | https://www.distribuidordeherramientas.es/wp-content/uploads/2026/06/set-alicates-de-crimpado-tsx-tool-con-kit-crimpadora-faston-y-terminales-3-1000x1000-1.webp | https://www.distribuidordeherramientas.es/wp-content/uploads/2026/06/set-alicates-de-crimpado-tsx-tool-con-kit-crimpadora-faston-y-terminales-4-1000x1000-1.webp | https://www.distribuidordeherramientas.es/wp-content/uploads/2026/06/set-alicates-de-crimpado-tsx-tool-con-kit-crimpadora-faston-y-terminales-5-1000x1000-1.webp | https://www.distribuidordeherramientas.es/wp-content/uploads/2026/06/set-alicates-de-crimpado-tsx-tool-con-kit-crimpadora-faston-y-terminales-6-1000x1000-1.webp | https://www.distribuidordeherramientas.es/wp-content/uploads/2026/06/set-alicates-de-crimpado-tsx-tool-con-kit-crimpadora-faston-y-terminales-7-1000x1000-1.webp;0;;2026-06-15 10:00:00;2026-08-20 15:55:28
2.1;82967;1979;simple;Goot Cd-25 Destornillador Ajustador Ceramico Para Potenciometros 2,6mmx0,4mm;goot-cd-25-destornillador-ajustador-ceramico-para-potenciometros-26mmx04mm;https://www.distribuidordeherramientas.es/producto/goot-cd-25-destornillador-ajustador-ceramico-para-potenciometros-26mmx04mm/;publish;0;visible;Bricolaje;Herramientas para el hogar;Herramientas manuales de uso doméstico;40047;Destornillador;40514,48892,40617,48715;destornillador | dimensiones 2.6 mm x 0.4 mm | herramienta | SATKIT;product_brand;36879;SATKIT;;;;;;;Destornillador;herramienta;Mantenimiento y reparación electrónica;;;Mantenimiento y reparación electrónica;"[{""ambito"":""herramienta"",""tipo"":""marca"",""valor"":""Goot""},{""ambito"":""herramienta"",""tipo"":""medida_principal"",""valor"":""4 mm""},{""ambito"":""herramienta"",""tipo"":""producto"",""valor"":""Destornillador""}]";herramienta:marca=Goot | herramienta:medida_principal=4 mm | herramienta:producto=Destornillador;[];Destornillador. Goot Cd-25 Destornillador Ajustador Ceramico Para Potenciometros 2,6mmx0,4mm. Datos técnicos disponibles: medida principal: 4 mm, dimensiones: 2,6 mm x 0,4 mm. Antes de comprar, compara estos datos con el uso previsto y verifica cualquier medida, conexión o compatibilidad que dependa de una máquina, vehículo o instalación concreta.;<p><strong>Goot Cd-25 Destornillador Ajustador Ceramico Para Potenciometros 2,6mmx0,4mm</strong> está clasificado en <strong>Destornillador</strong>. En los datos técnicos de esta referencia constan medida principal: 4 mm, dimensiones: 2,6 mm x 0,4 mm.</p><p>Antes de comprar, compara estos datos con el uso previsto y verifica cualquier medida, conexión o compatibilidad que dependa de una máquina, vehículo o instalación concreta.</p>;5.32;4.4;5.32;EUR;taxable;;0;;instock;no;0;3;200;150;50;0;0;0;;105242;https://www.distribuidordeherramientas.es/wp-content/uploads/2026/06/destornillador-ajustador-ceramico-goot-cd-25-para-potenciometros-2-6mmx0-4mm-1000x1000-1.webp;;;0;;2026-06-15 10:00:00;2026-08-20 15:55:28
2.1;83023;2036;simple;Goot Cd-20 Destornillador Ajustador Ceramico Para Potenciometros 1,8mmx0,4mm;goot-cd-20-destornillador-ajustador-ceramico-para-potenciometros-18mmx04mm;https://www.distribuidordeherramientas.es/producto/goot-cd-20-destornillador-ajustador-ceramico-para-potenciometros-18mmx04mm/;publish;0;visible;Bricolaje;Herramientas para el hogar;Herramientas manuales de uso doméstico;40047;Destornillador;40514,48893,40617,48715;destornillador | dimensiones 1.8 mm x 0.4 mm | herramienta | SATKIT;product_brand;36879;SATKIT;;;;;;;Destornillador;herramienta;Mantenimiento y reparación electrónica;;;Mantenimiento y reparación electrónica;"[{""ambito"":""herramienta"",""tipo"":""marca"",""valor"":""Goot""},{""ambito"":""herramienta"",""tipo"":""medida_principal"",""valor"":""4 mm""},{""ambito"":""herramienta"",""tipo"":""producto"",""valor"":""Destornillador""}]";herramienta:marca=Goot | herramienta:medida_principal=4 mm | herramienta:producto=Destornillador;[];Destornillador. Goot Cd-20 Destornillador Ajustador Ceramico Para Potenciometros 1,8mmx0,4mm. Datos técnicos disponibles: medida principal: 4 mm, dimensiones: 1,8 mm x 0,4 mm. Antes de comprar, compara estos datos con el uso previsto y verifica cualquier medida, conexión o compatibilidad que dependa de una máquina, vehículo o instalación concreta.;<p><strong>Goot Cd-20 Destornillador Ajustador Ceramico Para Potenciometros 1,8mmx0,4mm</strong> está clasificado en <strong>Destornillador</strong>. En los datos técnicos de esta referencia constan medida principal: 4 mm, dimensiones: 1,8 mm x 0,4 mm.</p><p>Antes de comprar, compara estos datos con el uso previsto y verifica cualquier medida, conexión o compatibilidad que dependa de una máquina, vehículo o instalación concreta.</p>;5.32;4.4;5.32;EUR;taxable;;0;;instock;no;0;3;200;150;50;0;0;0;;105241;https://www.distribuidordeherramientas.es/wp-content/uploads/2026/06/destornillador-ajustador-ceramico-para-potenciometros-goot-cd-20-1-8mmx0-4mm-1000x1000-1.webp;;;0;;2026-06-15 10:00:00;2026-08-20 15:55:28
2.1;83125;2139;simple;9pcs Juego De Alicates Para Abrazaderas Tenazas Pinzas;9pcs-juego-de-alicates-para-abrazaderas-tenazas-pinzas;https://www.distribuidordeherramientas.es/producto/9pcs-juego-de-alicates-para-abrazaderas-tenazas-pinzas/;publish;0;visible;Bricolaje;Herramientas para el hogar;Herramientas manuales de uso doméstico;40229;Alicates;48062,40827,40617,48715;9 | alicates | herramienta | SATKIT;product_brand;36879;SATKIT;;;;;;;Alicates;herramienta;Fijación y sujeción técnica;;;Fijación y sujeción técnica;"[{""ambito"":""herramienta"",""tipo"":""numero_piezas"",""valor"":""9""},{""ambito"":""herramienta"",""tipo"":""producto"",""valor"":""Alicates""}]";herramienta:numero_piezas=9 | herramienta:producto=Alicates;[];Alicates. 9pcs Juego De Alicates Para Abrazaderas Tenazas Pinzas. Datos técnicos disponibles: número de piezas: 9. Antes de comprar, compara estos datos con el uso previsto y verifica cualquier medida, conexión o compatibilidad que dependa de una máquina, vehículo o instalación concreta.;<p><strong>9pcs Juego De Alicates Para Abrazaderas Tenazas Pinzas</strong> está clasificado en <strong>Alicates</strong>. En los datos técnicos de esta referencia constan número de piezas: 9.</p><p>Antes de comprar, compara estos datos con el uso previsto y verifica cualquier medida, conexión o compatibilidad que dependa de una máquina, vehículo o instalación concreta.</p>;61.02;50.43;50.43;EUR;taxable;;0;;instock;no;0;3;200;150;50;0;0;0;;104631;https://www.distribuidordeherramientas.es/wp-content/uploads/2026/06/9pcs-juego-de-alicates-para-abrazaderas-automocion-tsx-tool-1000x1000-1.webp;104632,104633,104634,104635;https://www.distribuidordeherramientas.es/wp-content/uploads/2026/06/9pcs-juego-de-alicates-para-abrazaderas-automocion-tsx-tool-2-1000x1000-1.webp | https://www.distribuidordeherramientas.es/wp-content/uploads/2026/06/9pcs-juego-de-alicates-para-abrazaderas-automocion-tsx-tool-3-1000x1000-1.webp | https://www.distribuidordeherramientas.es/wp-content/uploads/2026/06/9pcs-juego-de-alicates-para-abrazaderas-automocion-tsx-tool-4-1000x1000-1.webp | https://www.distribuidordeherramientas.es/wp-content/uploads/2026/06/9pcs-juego-de-alicates-para-abrazaderas-automocion-tsx-tool-5-1000x1000-1.webp;0;;2026-06-15 10:00:00;2026-08-20 15:55:28
2.1;83282;2296;simple;Destornillador Plano 6mmx300mm Cabezal Magnetico;destornillador-plano-6mmx300mm-cabezal-magnetico;https://www.distribuidordeherramientas.es/producto/destornillador-plano-6mmx300mm-cabezal-magnetico/;publish;0;visible;Bricolaje;Herramientas para el hogar;Herramientas manuales de uso doméstico;40047;Destornillador;48894,40514,40617,48715;6 mm x 300 mm | destornillador | herramienta | SATKIT;product_brand;36879;SATKIT;;;;;;;Destornillador;herramienta;Perforación y fijación;;;Perforación y fijación;"[{""ambito"":""herramienta"",""tipo"":""producto"",""valor"":""Destornillador""}]";herramienta:producto=Destornillador;[];Destornillador. Destornillador Plano 6mmx300mm Cabezal Magnetico. Datos técnicos disponibles: dimensiones: 6 mm x 300 mm. Antes de comprar, compara estos datos con el uso previsto y verifica cualquier medida, conexión o compatibilidad que dependa de una máquina, vehículo o instalación concreta.;<p><strong>Destornillador Plano 6mmx300mm Cabezal Magnetico</strong> está clasificado en <strong>Destornillador</strong>. En los datos técnicos de esta referencia constan dimensiones: 6 mm x 300 mm.</p><p>Antes de comprar, compara estos datos con el uso previsto y verifica cualquier medida, conexión o compatibilidad que dependa de una máquina, vehículo o instalación concreta.</p>;3.41;2.82;2.82;EUR;taxable;;0;;instock;no;0;3;200;150;50;0;0;0;;80129;https://www.distribuidordeherramientas.es/wp-content/uploads/2026/03/SATKIT.png;;;0;;2026-06-15 10:00:00;2026-08-20 15:55:28
2.1;83302;2316;simple;Alicates Crimpadores 0.25-10 Mm² Con 1200pcs Terminales;alicates-crimpadores-0-25-10-mm%c2%b2-con-1200pcs-terminales;https://www.distribuidordeherramientas.es/producto/alicates-crimpadores-0-25-10-mm%c2%b2-con-1200pcs-terminales/;publish;0;visible;Bricolaje;Herramientas para el hogar;Herramientas manuales de uso doméstico;40229;Alicates;48922,48786,40827,40617,48715;0.25-10 Mm² | 1200 | alicates | herramienta | SATKIT;product_brand;36879;SATKIT;;;;;;;Alicates;herramienta;Corte y pelado de cables;;;Corte y pelado de cables;"[{""ambito"":""herramienta"",""tipo"":""numero_piezas"",""valor"":""1200""},{""ambito"":""herramienta"",""tipo"":""producto"",""valor"":""Alicates""},{""ambito"":""herramienta"",""tipo"":""rango_seccion"",""valor"":""0.25-10 Mm²""}]";herramienta:numero_piezas=1200 | herramienta:producto=Alicates | herramienta:rango_seccion=0.25-10 Mm²;[];Alicates. Alicates Crimpadores 0.25-10 Mm² Con 1200pcs Terminales. Datos técnicos disponibles: número de piezas: 1200, rango seccion: 0.25-10 Mm². Antes de comprar, compara estos datos con el uso previsto y verifica cualquier medida, conexión o compatibilidad que dependa de una máquina, vehículo o instalación concreta.;<p><strong>Alicates Crimpadores 0.25-10 Mm² Con 1200pcs Terminales</strong> está clasificado en <strong>Alicates</strong>. En los datos técnicos de esta referencia constan número de piezas: 1200, rango seccion: 0.25-10 Mm².</p><p>Antes de comprar, compara estos datos con el uso previsto y verifica cualquier medida, conexión o compatibilidad que dependa de una máquina, vehículo o instalación concreta.</p>;31.89;26.35;26.35;EUR;taxable;;0;;instock;no;0;120;950;950;100;0;0;0;;104665;https://www.distribuidordeherramientas.es/wp-content/uploads/2026/06/alicates-crimpadores-con-terminales-0-25-10-mm-kit-de-1200-piezas-1000x1000-1.webp;104666,104667,104668,104669,104670,104671,104672,104673,104674,104675,104676,104677,104678,104679;https://www.distribuidordeherramientas.es/wp-content/uploads/2026/06/alicates-crimpadores-con-terminales-0-25-10-mm-kit-de-1200-piezas-2-1000x1000-1.webp | https://www.distribuidordeherramientas.es/wp-content/uploads/2026/06/alicates-crimpadores-con-terminales-0-25-10-mm-kit-de-1200-piezas-3-1000x1000-1.webp | https://www.distribuidordeherramientas.es/wp-content/uploads/2026/06/alicates-crimpadores-con-terminales-0-25-10-mm-kit-de-1200-piezas-4-1000x1000-1.webp | https://www.distribuidordeherramientas.es/wp-content/uploads/2026/06/alicates-crimpadores-con-terminales-0-25-10-mm-kit-de-1200-piezas-5-1000x1000-1.webp | https://www.distribuidordeherramientas.es/wp-content/uploads/2026/06/alicates-crimpadores-con-terminales-0-25-10-mm-kit-de-1200-piezas-6-1000x1000-1.webp | https://www.distribuidordeherramientas.es/wp-content/uploads/2026/06/alicates-crimpadores-con-terminales-0-25-10-mm-kit-de-1200-piezas-7-1000x1000-1.webp | https://www.distribuidordeherramientas.es/wp-content/uploads/2026/06/alicates-crimpadores-con-terminales-0-25-10-mm-kit-de-1200-piezas-8-1000x1000-1.webp | https://www.distribuidordeherramientas.es/wp-content/uploads/2026/06/alicates-crimpadores-con-terminales-0-25-10-mm-kit-de-1200-piezas-9-1000x1000-1.webp | https://www.distribuidordeherramientas.es/wp-content/uploads/2026/06/alicates-crimpadores-con-terminales-0-25-10-mm-kit-de-1200-piezas-10-1000x1000-1.webp | https://www.distribuidordeherramientas.es/wp-content/uploads/2026/06/alicates-crimpadores-con-terminales-0-25-10-mm-kit-de-1200-piezas-11-1000x1000-1.webp | https://www.distribuidordeherramientas.es/wp-content/uploads/2026/06/alicates-crimpadores-con-terminales-0-25-10-mm-kit-de-1200-piezas-12-1000x1000-1.webp | https://www.distribuidordeherramientas.es/wp-content/uploads/2026/06/alicates-crimpadores-con-terminales-0-25-10-mm-kit-de-1200-piezas-13-1000x1000-1.webp | https://www.distribuidordeherramientas.es/wp-content/uploads/2026/06/alicates-crimpadores-con-terminales-0-25-10-mm-kit-de-1200-piezas-14-1000x1000-1.webp | https://www.distribuidordeherramientas.es/wp-content/uploads/2026/06/alicates-crimpadores-con-terminales-0-25-10-mm-kit-de-1200-piezas-15-1000x1000-1.webp;0;;2026-06-15 10:00:00;2026-08-20 15:55:28
2.1;83485;2502;simple;Alicates Rectos SK-112-13 para Circlips/Arandelas/Anillos de Seguridad 320mm con Posición Inicial Cerrada;alicates-rectos-sk-112-13-para-circlips-arandelas-anillos-de-seguridad-320mm-con-posicion-inicial-cerrada;https://www.distribuidordeherramientas.es/producto/alicates-rectos-sk-112-13-para-circlips-arandelas-anillos-de-seguridad-320mm-con-posicion-inicial-cerrada/;publish;0;visible;Bricolaje;Herramientas para el hogar;Herramientas manuales de uso doméstico;40229;Alicates;48920,40827,40617,48715;320 mm | alicates | herramienta | SATKIT;product_brand;36879;SATKIT;;;;;;;Alicates;herramienta;Fijación y sujeción técnica;;;Fijación y sujeción técnica;"[{""ambito"":""herramienta"",""tipo"":""medida_principal"",""valor"":""320 mm""},{""ambito"":""herramienta"",""tipo"":""producto"",""valor"":""Alicates""}]";herramienta:medida_principal=320 mm | herramienta:producto=Alicates;[];Alicates. Alicates Rectos SK-112-13 para Circlips/Arandelas/Anillos de Seguridad 320mm con Posición Inicial Cerrada. Datos técnicos disponibles: medida principal: 320 mm. Antes de comprar, compara estos datos con el uso previsto y verifica cualquier medida, conexión o compatibilidad que dependa de una máquina, vehículo o instalación concreta.;<p><strong>Alicates Rectos SK-112-13 para Circlips/Arandelas/Anillos de Seguridad 320mm con Posición Inicial Cerrada</strong> está clasificado en <strong>Alicates</strong>. En los datos técnicos de esta referencia constan medida principal: 320 mm.</p><p>Antes de comprar, compara estos datos con el uso previsto y verifica cualquier medida, conexión o compatibilidad que dependa de una máquina, vehículo o instalación concreta.</p>;14.88;12.3;14.88;EUR;taxable;;0;;instock;no;0;3;200;150;50;0;0;0;;104694;https://www.distribuidordeherramientas.es/wp-content/uploads/2026/06/alicates-rectos-sk-112-13-para-circlips-y-arandelas-de-seguridad-320mm-1000x1000-1.webp;104695;https://www.distribuidordeherramientas.es/wp-content/uploads/2026/06/alicates-rectos-sk-112-13-para-circlips-y-arandelas-de-seguridad-320mm-2-1000x1000-1.webp;0;;2026-06-15 10:00:00;2026-08-20 15:55:29
2.1;83501;2518;simple;100pc Set Puntas Destornillador Magnético Hexagonal Torx Hex Kit;100pc-set-puntas-destornillador-magnetico-hexagonal-torx-hex-kit;https://www.distribuidordeherramientas.es/producto/100pc-set-puntas-destornillador-magnetico-hexagonal-torx-hex-kit/;publish;0;visible;Bricolaje;Herramientas para el hogar;Herramientas manuales de uso doméstico;40047;Destornillador;48689,40514,40617,48715;100 | destornillador | herramienta | SATKIT;product_brand;36879;SATKIT;;;;;;;Destornillador;herramienta;Perforación y fijación;;;Perforación y fijación;"[{""ambito"":""herramienta"",""tipo"":""numero_piezas"",""valor"":""100""},{""ambito"":""herramienta"",""tipo"":""producto"",""valor"":""Destornillador""}]";herramienta:numero_piezas=100 | herramienta:producto=Destornillador;[];Destornillador. 100pc Set Puntas Destornillador Magnético Hexagonal Torx Hex Kit. Datos técnicos disponibles: número de piezas: 100. Antes de comprar, compara estos datos con el uso previsto y verifica cualquier medida, conexión o compatibilidad que dependa de una máquina, vehículo o instalación concreta.;<p><strong>100pc Set Puntas Destornillador Magnético Hexagonal Torx Hex Kit</strong> está clasificado en <strong>Destornillador</strong>. En los datos técnicos de esta referencia constan número de piezas: 100.</p><p>Antes de comprar, compara estos datos con el uso previsto y verifica cualquier medida, conexión o compatibilidad que dependa de una máquina, vehículo o instalación concreta.</p>;19.13;15.81;15.81;EUR;taxable;;0;;instock;no;0;18;350;250;100;0;0;0;;104468;https://www.distribuidordeherramientas.es/wp-content/uploads/2026/06/set-puntas-destornillador-magnetico-100-piezas-tsx-tool-kit-hexagonal-y-torx-1000x1000-1.webp;104469,104470,104471,104472;https://www.distribuidordeherramientas.es/wp-content/uploads/2026/06/set-puntas-destornillador-magnetico-100-piezas-tsx-tool-kit-hexagonal-y-torx-2-1000x1000-1.webp | https://www.distribuidordeherramientas.es/wp-content/uploads/2026/06/set-puntas-destornillador-magnetico-100-piezas-tsx-tool-kit-hexagonal-y-torx-3-1000x1000-1.webp | https://www.distribuidordeherramientas.es/wp-content/uploads/2026/06/set-puntas-destornillador-magnetico-100-piezas-tsx-tool-kit-hexagonal-y-torx-4-1000x1000-1.webp | https://www.distribuidordeherramientas.es/wp-content/uploads/2026/06/set-puntas-destornillador-magnetico-100-piezas-tsx-tool-kit-hexagonal-y-torx-5-1000x1000-1.webp;0;;2026-06-15 10:00:00;2026-08-20 15:55:29
2.1;83793;2814;simple;Destornillador Para Nintendo Gba/Nds/Wii;destornillador-para-nintendo-gba-nds-wii;https://www.distribuidordeherramientas.es/producto/destornillador-para-nintendo-gba-nds-wii/;publish;0;visible;Bricolaje;Herramientas para el hogar;Herramientas manuales de uso doméstico;40047;Destornillador;40514,40617,48715;destornillador | herramienta | SATKIT;product_brand;36879;SATKIT;;;;;;;Destornillador;herramienta;Reparación de móviles, tablets y pantallas;;;Reparación de móviles, tablets y pantallas;"[{""ambito"":""herramienta"",""tipo"":""producto"",""valor"":""Destornillador""}]";herramienta:producto=Destornillador;[];"Destornillador. Destornillador Para Nintendo Gba/Nds/Wii. Antes de comprar, confirma la referencia exacta, las medidas y la compatibilidad indicada en la ficha del producto; no des por supuesta una equivalencia solo por el nombre comercial.";"<p><strong>Destornillador Para Nintendo Gba/Nds/Wii</strong> pertenece a <strong>Destornillador</strong>. Antes de elegir esta referencia, comprueba en la ficha las medidas, conexión, alimentación o compatibilidad que sean relevantes para tu equipo o instalación.</p><p>Antes de comprar, confirma la referencia exacta, las medidas y la compatibilidad indicada en la ficha del producto; no des por supuesta una equivalencia solo por el nombre comercial.</p>";1.9;1.57;1.9;EUR;taxable;;0;;instock;no;0;3;200;150;50;0;0;0;;105075;https://www.distribuidordeherramientas.es/wp-content/uploads/2026/06/destornillador-para-nintendo-gba-nds-wii-herramienta-esencial-para-reparacion-1000x1000-1.webp;;;0;;2026-06-15 10:00:00;2026-08-20 15:55:30
2.1;83879;2900;simple;Sk-112-7b Alicates Curvos Para Circlips/Arandelas/Anillos De Seguridad 180mm;sk-112-7b-alicates-curvos-para-circlips-arandelas-anillos-de-seguridad-180mm;https://www.distribuidordeherramientas.es/producto/sk-112-7b-alicates-curvos-para-circlips-arandelas-anillos-de-seguridad-180mm/;publish;0;visible;Bricolaje;Herramientas para el hogar;Herramientas manuales de uso doméstico;40229;Alicates;48692,40827,40617,48715;180 mm | alicates | herramienta | SATKIT;product_brand;36879;SATKIT;;;;;;;Alicates;herramienta;Fijación y sujeción técnica;;;Fijación y sujeción técnica;"[{""ambito"":""herramienta"",""tipo"":""medida_principal"",""valor"":""180 mm""},{""ambito"":""herramienta"",""tipo"":""producto"",""valor"":""Alicates""}]";herramienta:medida_principal=180 mm | herramienta:producto=Alicates;[];Alicates. Sk-112-7b Alicates Curvos Para Circlips/Arandelas/Anillos De Seguridad 180mm. Datos técnicos disponibles: medida principal: 180 mm. Antes de comprar, compara estos datos con el uso previsto y verifica cualquier medida, conexión o compatibilidad que dependa de una máquina, vehículo o instalación concreta.;<p><strong>Sk-112-7b Alicates Curvos Para Circlips/Arandelas/Anillos De Seguridad 180mm</strong> está clasificado en <strong>Alicates</strong>. En los datos técnicos de esta referencia constan medida principal: 180 mm.</p><p>Antes de comprar, compara estos datos con el uso previsto y verifica cualquier medida, conexión o compatibilidad que dependa de una máquina, vehículo o instalación concreta.</p>;8.5;7.03;8.5;EUR;taxable;;0;;instock;no;0;3;200;150;50;0;0;0;;105819;https://www.distribuidordeherramientas.es/wp-content/uploads/2026/06/alicates-curvos-para-circlips-180mm-sk-112-7b-de-shek-para-arandelas-y-anillos-1000x1000-1.webp;105820,105821,105822,105823;https://www.distribuidordeherramientas.es/wp-content/uploads/2026/06/alicates-curvos-para-circlips-180mm-sk-112-7b-de-shek-para-arandelas-y-anillos-2-1000x1000-1.webp | https://www.distribuidordeherramientas.es/wp-content/uploads/2026/06/alicates-curvos-para-circlips-180mm-sk-112-7b-de-shek-para-arandelas-y-anillos-3-1000x1000-1.webp | https://www.distribuidordeherramientas.es/wp-content/uploads/2026/06/alicates-curvos-para-circlips-180mm-sk-112-7b-de-shek-para-arandelas-y-anillos-4-1000x1000-1.webp | https://www.distribuidordeherramientas.es/wp-content/uploads/2026/06/alicates-curvos-para-circlips-180mm-sk-112-7b-de-shek-para-arandelas-y-anillos-5-1000x1000-1.webp;0;;2026-06-15 10:00:00;2026-08-20 15:55:30
2.1;83976;2997;simple;25 En 1 Juego De Destonilladores De Precision Telefonia Movil Tamaño Bolsillo;25-en-1-juego-de-destonilladores-de-precision-telefonia-movil-tamano-bolsillo;https://www.distribuidordeherramientas.es/producto/25-en-1-juego-de-destonilladores-de-precision-telefonia-movil-tamano-bolsillo/;publish;0;visible;Bricolaje;Herramientas para el hogar;Herramientas manuales de uso doméstico;40047;Destornillador;22115,40514,40617,48715;25 | destornillador | herramienta | SATKIT;product_brand;36879;SATKIT;;;;;;;Destornillador;herramienta;Reparación de móviles, tablets y pantallas;;;Reparación de móviles, tablets y pantallas;"[{""ambito"":""herramienta"",""tipo"":""configuracion"",""valor"":""25 en 1""},{""ambito"":""herramienta"",""tipo"":""producto"",""valor"":""En 1 Juego De Destonilladores De Precision Telefonia Movil""}]";herramienta:configuracion=25 en 1 | herramienta:producto=En 1 Juego De Destonilladores De Precision Telefonia Movil;[];Destornillador. 25 En 1 Juego De Destonilladores De Precision Telefonia Movil Tamaño Bolsillo. Datos técnicos disponibles: funciones: 25. Antes de comprar, compara estos datos con el uso previsto y verifica cualquier medida, conexión o compatibilidad que dependa de una máquina, vehículo o instalación concreta.;<p><strong>25 En 1 Juego De Destonilladores De Precision Telefonia Movil Tamaño Bolsillo</strong> está clasificado en <strong>Destornillador</strong>. En los datos técnicos de esta referencia constan funciones: 25.</p><p>Antes de comprar, compara estos datos con el uso previsto y verifica cualquier medida, conexión o compatibilidad que dependa de una máquina, vehículo o instalación concreta.</p>;10.63;8.78;10.63;EUR;taxable;;0;;instock;no;0;3;200;150;50;0;0;0;;104546;https://www.distribuidordeherramientas.es/wp-content/uploads/2026/06/juego-destornilladores-precision-telefonia-movil-25-en-1-tamano-bolsillo-1000x1000-1.webp;;;0;;2026-06-15 10:00:00;2026-08-20 15:55:30
2.1;84044;3065;simple;Base Dual Destornillador Electrico Velocidad Regulable + 2 Destonilladores Electricos + 4 Puntas;base-dual-destornillador-electrico-velocidad-regulable-2-destonilladores-electricos-4-puntas;https://www.distribuidordeherramientas.es/producto/base-dual-destornillador-electrico-velocidad-regulable-2-destonilladores-electricos-4-puntas/;publish;0;visible;Bricolaje;Herramientas para el hogar;Herramientas manuales de uso doméstico;40047;Destornillador;40514,40654,40617,48715;destornillador | eléctrico | herramienta | SATKIT;product_brand;36879;SATKIT;;;;;;;Destornillador;herramienta;Perforación y fijación;;;Perforación y fijación;"[{""ambito"":""herramienta"",""tipo"":""producto"",""valor"":""Destornillador""},{""ambito"":""herramienta"",""tipo"":""tecnologia_accionamiento"",""valor"":""eléctrico""}]";herramienta:producto=Destornillador | herramienta:tecnologia_accionamiento=eléctrico;[];Destornillador. Base Dual Destornillador Electrico Velocidad Regulable + 2 Destonilladores Electricos + 4 Puntas. Datos técnicos disponibles: accionamiento: eléctrico. Antes de comprar, compara estos datos con el uso previsto y verifica cualquier medida, conexión o compatibilidad que dependa de una máquina, vehículo o instalación concreta.;<p><strong>Base Dual Destornillador Electrico Velocidad Regulable + 2 Destonilladores Electricos + 4 Puntas</strong> está clasificado en <strong>Destornillador</strong>. En los datos técnicos de esta referencia constan accionamiento: eléctrico.</p><p>Antes de comprar, compara estos datos con el uso previsto y verifica cualquier medida, conexión o compatibilidad que dependa de una máquina, vehículo o instalación concreta.</p>;63.78;52.71;52.71;EUR;taxable;;0;;instock;no;0;3;200;150;50;0;0;0;;104837;https://www.distribuidordeherramientas.es/wp-content/uploads/2026/06/base-dual-destornillador-electrico-con-velocidad-regulable-y-4-puntas-incluidas-1000x1000-1.webp;104838,104839;https://www.distribuidordeherramientas.es/wp-content/uploads/2026/06/base-dual-destornillador-electrico-con-velocidad-regulable-y-4-puntas-incluidas-2-1000x1000-1.webp | https://www.distribuidordeherramientas.es/wp-content/uploads/2026/06/base-dual-destornillador-electrico-con-velocidad-regulable-y-4-puntas-incluidas-3-1000x1000-1.webp;0;;2026-06-15 10:00:00;2026-08-20 15:55:30
2.1;84062;3083;simple;Herramienta Multifuncion Apertura Con Rodillo Rotativo Y Destornilladores Apertura Iphone 7 Y Tablet;herramienta-multifuncion-apertura-con-rodillo-rotativo-y-destornilladores-apertura-iphone-7-y-tablet;https://www.distribuidordeherramientas.es/producto/herramienta-multifuncion-apertura-con-rodillo-rotativo-y-destornilladores-apertura-iphone-7-y-tablet/;publish;0;visible;Bricolaje;Herramientas para el hogar;Herramientas manuales de uso doméstico;40047;Destornillador;40514,40617,48715;destornillador | herramienta | SATKIT;product_brand;36879;SATKIT;;;;;;;Destornillador;herramienta;Reparación de móviles, tablets y pantallas;;;Reparación de móviles, tablets y pantallas;"[{""ambito"":""herramienta"",""tipo"":""producto"",""valor"":""Destornillador""}]";herramienta:producto=Destornillador;[];"Destornillador. Herramienta Multifuncion Apertura Con Rodillo Rotativo Y Destornilladores Apertura Iphone 7 Y Tablet. Antes de comprar, confirma la referencia exacta, las medidas y la compatibilidad indicada en la ficha del producto; no des por supuesta una equivalencia solo por el nombre comercial.";"<p><strong>Herramienta Multifuncion Apertura Con Rodillo Rotativo Y Destornilladores Apertura Iphone 7 Y Tablet</strong> pertenece a <strong>Destornillador</strong>. Antes de elegir esta referencia, comprueba en la ficha las medidas, conexión, alimentación o compatibilidad que sean relevantes para tu equipo o instalación.</p><p>Antes de comprar, confirma la referencia exacta, las medidas y la compatibilidad indicada en la ficha del producto; no des por supuesta una equivalencia solo por el nombre comercial.</p>";8.71;7.2;8.71;EUR;taxable;;0;;instock;no;0;18;350;250;100;0;0;0;;105271;https://www.distribuidordeherramientas.es/wp-content/uploads/2026/06/herramienta-apertura-iphone-7-y-tablet-con-rodillo-rotativo-y-destornilladores-1000x1000-1.webp;105272,105273;https://www.distribuidordeherramientas.es/wp-content/uploads/2026/06/herramienta-apertura-iphone-7-y-tablet-con-rodillo-rotativo-y-destornilladores-2-1000x1000-1.webp | https://www.distribuidordeherramientas.es/wp-content/uploads/2026/06/herramienta-apertura-iphone-7-y-tablet-con-rodillo-rotativo-y-destornilladores-3-1000x1000-1.webp;0;;2026-06-15 10:00:00;2026-08-20 15:55:30
2.1;84122;3143;simple;Destornillador Philips 6mmx200mm Cabezal Magnetico;destornillador-philips-6mmx200mm-cabezal-magnetico;https://www.distribuidordeherramientas.es/producto/destornillador-philips-6mmx200mm-cabezal-magnetico/;publish;0;visible;Bricolaje;Herramientas para el hogar;Herramientas manuales de uso doméstico;40047;Destornillador;48891,40514,40617,48715;6 mm x 200 mm | destornillador | herramienta | SATKIT;product_brand;36879;SATKIT;;;;;;;Destornillador;herramienta;Perforación y fijación;;;Perforación y fijación;"[{""ambito"":""herramienta"",""tipo"":""producto"",""valor"":""Destornillador""}]";herramienta:producto=Destornillador;[];Destornillador. Destornillador Philips 6mmx200mm Cabezal Magnetico. Datos técnicos disponibles: dimensiones: 6 mm x 200 mm. Antes de comprar, compara estos datos con el uso previsto y verifica cualquier medida, conexión o compatibilidad que dependa de una máquina, vehículo o instalación concreta.;<p><strong>Destornillador Philips 6mmx200mm Cabezal Magnetico</strong> está clasificado en <strong>Destornillador</strong>. En los datos técnicos de esta referencia constan dimensiones: 6 mm x 200 mm.</p><p>Antes de comprar, compara estos datos con el uso previsto y verifica cualquier medida, conexión o compatibilidad que dependa de una máquina, vehículo o instalación concreta.</p>;5.32;4.4;5.32;EUR;taxable;;0;;instock;no;0;3;200;150;50;0;0;0;;80129;https://www.distribuidordeherramientas.es/wp-content/uploads/2026/03/SATKIT.png;;;0;;2026-06-15 10:00:00;2026-08-20 15:55:30
2.1;84257;3278;simple;Sk-112-7c Alicates Rectos Para Circlips/Arandelas/Anillos De Seguridad 180mm;sk-112-7c-alicates-rectos-para-circlips-arandelas-anillos-de-seguridad-180mm;https://www.distribuidordeherramientas.es/producto/sk-112-7c-alicates-rectos-para-circlips-arandelas-anillos-de-seguridad-180mm/;publish;0;visible;Bricolaje;Herramientas para el hogar;Herramientas manuales de uso doméstico;40229;Alicates;48923,48692,40827,40617,48715;112-7c | 180 mm | alicates | herramienta | SATKIT;product_brand;36879;SATKIT;;;;;;;Alicates;herramienta;Fijación y sujeción técnica;;;Fijación y sujeción técnica;"[{""ambito"":""herramienta"",""tipo"":""medida_principal"",""valor"":""180 mm""},{""ambito"":""herramienta"",""tipo"":""producto"",""valor"":""Alicates""}]";herramienta:medida_principal=180 mm | herramienta:producto=Alicates;[];Alicates. Sk-112-7c Alicates Rectos Para Circlips/Arandelas/Anillos De Seguridad 180mm. Datos técnicos disponibles: medida principal: 180 mm, temperatura: 112-7c. Antes de comprar, compara estos datos con el uso previsto y verifica cualquier medida, conexión o compatibilidad que dependa de una máquina, vehículo o instalación concreta.;<p><strong>Sk-112-7c Alicates Rectos Para Circlips/Arandelas/Anillos De Seguridad 180mm</strong> está clasificado en <strong>Alicates</strong>. En los datos técnicos de esta referencia constan medida principal: 180 mm, temperatura: 112-7c.</p><p>Antes de comprar, compara estos datos con el uso previsto y verifica cualquier medida, conexión o compatibilidad que dependa de una máquina, vehículo o instalación concreta.</p>;8.5;7.03;7.03;EUR;taxable;;0;;instock;no;0;3;200;150;50;0;0;0;;105824;https://www.distribuidordeherramientas.es/wp-content/uploads/2026/06/alicates-rectos-para-circlips-180mm-sk-112-7c-de-shek-para-arandelas-y-anillos-1000x1000-1.webp;105825,105826,105827,105828;https://www.distribuidordeherramientas.es/wp-content/uploads/2026/06/alicates-rectos-para-circlips-180mm-sk-112-7c-de-shek-para-arandelas-y-anillos-2-1000x1000-1.webp | https://www.distribuidordeherramientas.es/wp-content/uploads/2026/06/alicates-rectos-para-circlips-180mm-sk-112-7c-de-shek-para-arandelas-y-anillos-3-1000x1000-1.webp | https://www.distribuidordeherramientas.es/wp-content/uploads/2026/06/alicates-rectos-para-circlips-180mm-sk-112-7c-de-shek-para-arandelas-y-anillos-4-1000x1000-1.webp | https://www.distribuidordeherramientas.es/wp-content/uploads/2026/06/alicates-rectos-para-circlips-180mm-sk-112-7c-de-shek-para-arandelas-y-anillos-5-1000x1000-1.webp;0;;2026-06-15 10:00:00;2026-08-20 15:55:31
2.1;84571;3594;simple;Destornillador Philips 6mmx300mm Cabezal Magnetico;destornillador-philips-6mmx300mm-cabezal-magnetico;https://www.distribuidordeherramientas.es/producto/destornillador-philips-6mmx300mm-cabezal-magnetico/;publish;0;visible;Bricolaje;Herramientas para el hogar;Herramientas manuales de uso doméstico;40047;Destornillador;48894,40514,40617,48715;6 mm x 300 mm | destornillador | herramienta | SATKIT;product_brand;36879;SATKIT;;;;;;;Destornillador;herramienta;Perforación y fijación;;;Perforación y fijación;"[{""ambito"":""herramienta"",""tipo"":""producto"",""valor"":""Destornillador""}]";herramienta:producto=Destornillador;[];Destornillador. Destornillador Philips 6mmx300mm Cabezal Magnetico. Datos técnicos disponibles: dimensiones: 6 mm x 300 mm. Antes de comprar, compara estos datos con el uso previsto y verifica cualquier medida, conexión o compatibilidad que dependa de una máquina, vehículo o instalación concreta.;<p><strong>Destornillador Philips 6mmx300mm Cabezal Magnetico</strong> está clasificado en <strong>Destornillador</strong>. En los datos técnicos de esta referencia constan dimensiones: 6 mm x 300 mm.</p><p>Antes de comprar, compara estos datos con el uso previsto y verifica cualquier medida, conexión o compatibilidad que dependa de una máquina, vehículo o instalación concreta.</p>;4.25;3.51;4.25;EUR;taxable;;0;;instock;no;0;3;200;150;50;0;0;0;;80129;https://www.distribuidordeherramientas.es/wp-content/uploads/2026/03/SATKIT.png;;;0;;2026-06-15 10:00:00;2026-08-20 15:55:31
2.1;84642;3665;simple;Goot Cd-15 Destornillador Ajustador Cerámico Para Potenciometros 1,3mmx0,4mm;goot-cd-15-destornillador-ajustador-ceramico-para-potenciometros-13mmx04mm;https://www.distribuidordeherramientas.es/producto/goot-cd-15-destornillador-ajustador-ceramico-para-potenciometros-13mmx04mm/;publish;0;visible;Bricolaje;Herramientas para el hogar;Herramientas manuales de uso doméstico;40047;Destornillador;40514,48895,40617,48715;destornillador | dimensiones 1.3 mm x 0.4 mm | herramienta | SATKIT;product_brand;36879;SATKIT;;;;;;;Destornillador;herramienta;Mantenimiento y reparación electrónica;;;Mantenimiento y reparación electrónica;"[{""ambito"":""herramienta"",""tipo"":""marca"",""valor"":""Goot""},{""ambito"":""herramienta"",""tipo"":""medida_principal"",""valor"":""4 mm""},{""ambito"":""herramienta"",""tipo"":""producto"",""valor"":""Destornillador""}]";herramienta:marca=Goot | herramienta:medida_principal=4 mm | herramienta:producto=Destornillador;[];Destornillador. Goot Cd-15 Destornillador Ajustador Cerámico Para Potenciometros 1,3mmx0,4mm. Datos técnicos disponibles: medida principal: 4 mm, dimensiones: 1,3 mm x 0,4 mm. Antes de comprar, compara estos datos con el uso previsto y verifica cualquier medida, conexión o compatibilidad que dependa de una máquina, vehículo o instalación concreta.;<p><strong>Goot Cd-15 Destornillador Ajustador Cerámico Para Potenciometros 1,3mmx0,4mm</strong> está clasificado en <strong>Destornillador</strong>. En los datos técnicos de esta referencia constan medida principal: 4 mm, dimensiones: 1,3 mm x 0,4 mm.</p><p>Antes de comprar, compara estos datos con el uso previsto y verifica cualquier medida, conexión o compatibilidad que dependa de una máquina, vehículo o instalación concreta.</p>;5.32;4.4;5.32;EUR;taxable;;0;;instock;no;0;3;200;150;50;0;0;0;;105240;https://www.distribuidordeherramientas.es/wp-content/uploads/2026/06/destornillador-ajustador-ceramico-para-potenciometros-goot-cd-15-1-3mmx0-4mm-1000x1000-1.webp;;;0;;2026-06-15 10:00:00;2026-08-20 15:55:31
2.1;84647;3670;simple;Sk-100 Alicates Corte Fabricado En Acero Cromo Vanadio De 100mm;sk-100-alicates-corte-fabricado-en-acero-cromo-vanadio-de-100mm;https://www.distribuidordeherramientas.es/producto/sk-100-alicates-corte-fabricado-en-acero-cromo-vanadio-de-100mm/;publish;0;visible;Bricolaje;Herramientas para el hogar;Herramientas manuales de uso doméstico;40229;Alicates;48924,48925,40827,40617,48715;100 mm | acero Cr-V | alicates | herramienta | SATKIT;product_brand;36879;SATKIT;;;;;;;Alicates;herramienta;Fijación y sujeción técnica;;;Fijación y sujeción técnica;"[{""ambito"":""herramienta"",""tipo"":""material"",""valor"":""acero""},{""ambito"":""herramienta"",""tipo"":""medida_principal"",""valor"":""100 mm""},{""ambito"":""herramienta"",""tipo"":""producto"",""valor"":""Alicates""}]";herramienta:material=acero | herramienta:medida_principal=100 mm | herramienta:producto=Alicates;[];Alicates. Sk-100 Alicates Corte Fabricado En Acero Cromo Vanadio De 100mm. Datos técnicos disponibles: medida principal: 100 mm, material: acero Cr-V. Antes de comprar, compara estos datos con el uso previsto y verifica cualquier medida, conexión o compatibilidad que dependa de una máquina, vehículo o instalación concreta.;<p><strong>Sk-100 Alicates Corte Fabricado En Acero Cromo Vanadio De 100mm</strong> está clasificado en <strong>Alicates</strong>. En los datos técnicos de esta referencia constan medida principal: 100 mm, material: acero Cr-V.</p><p>Antes de comprar, compara estos datos con el uso previsto y verifica cualquier medida, conexión o compatibilidad que dependa de una máquina, vehículo o instalación concreta.</p>;7.45;6.16;7.45;EUR;taxable;;0;;instock;no;0;3;200;150;50;0;0;0;;105813;https://www.distribuidordeherramientas.es/wp-content/uploads/2026/06/alicates-corte-acero-cromo-vanadio-100mm-sk-100-de-shek-para-electronica-1000x1000-1.webp;;;0;;2026-06-15 10:00:00;2026-08-20 15:55:31
2.1;84690;3713;simple;Jm-Pj1003 9en1 Herramienta Multifuncional De Reparación Alicates Plegables Con Estuche;jm-pj1003-9en1-herramienta-multifuncional-de-reparacion-alicates-plegables-con-estuche;https://www.distribuidordeherramientas.es/producto/jm-pj1003-9en1-herramienta-multifuncional-de-reparacion-alicates-plegables-con-estuche/;publish;0;visible;Bricolaje;Herramientas para el hogar;Herramientas manuales de uso doméstico;40229;Alicates;48062,40827,40617,48715;9 | alicates | herramienta | SATKIT;product_brand;36879;SATKIT;;;;;;;Alicates;herramienta;Fijación y sujeción técnica;;;Fijación y sujeción técnica;"[{""ambito"":""herramienta"",""tipo"":""producto"",""valor"":""Alicates""}]";herramienta:producto=Alicates;[];Alicates. Jm-Pj1003 9en1 Herramienta Multifuncional De Reparación Alicates Plegables Con Estuche. Datos técnicos disponibles: funciones: 9. Antes de comprar, compara estos datos con el uso previsto y verifica cualquier medida, conexión o compatibilidad que dependa de una máquina, vehículo o instalación concreta.;<p><strong>Jm-Pj1003 9en1 Herramienta Multifuncional De Reparación Alicates Plegables Con Estuche</strong> está clasificado en <strong>Alicates</strong>. En los datos técnicos de esta referencia constan funciones: 9.</p><p>Antes de comprar, compara estos datos con el uso previsto y verifica cualquier medida, conexión o compatibilidad que dependa de una máquina, vehículo o instalación concreta.</p>;16.8;13.88;16.8;EUR;taxable;;0;;instock;no;0;18;350;250;100;0;0;0;;105314;https://www.distribuidordeherramientas.es/wp-content/uploads/2026/06/herramienta-multifuncional-9-en-1-alicates-plegables-jakemy-jm-pj1003-con-1000x1000-1.webp;105315,105316,105317,105318,105319,105320,105321;https://www.distribuidordeherramientas.es/wp-content/uploads/2026/06/herramienta-multifuncional-9-en-1-alicates-plegables-jakemy-jm-pj1003-con-2-1000x1000-1.webp | https://www.distribuidordeherramientas.es/wp-content/uploads/2026/06/herramienta-multifuncional-9-en-1-alicates-plegables-jakemy-jm-pj1003-con-3-1000x1000-1.webp | https://www.distribuidordeherramientas.es/wp-content/uploads/2026/06/herramienta-multifuncional-9-en-1-alicates-plegables-jakemy-jm-pj1003-con-4-1000x1000-1.webp | https://www.distribuidordeherramientas.es/wp-content/uploads/2026/06/herramienta-multifuncional-9-en-1-alicates-plegables-jakemy-jm-pj1003-con-5-1000x1000-1.webp | https://www.distribuidordeherramientas.es/wp-content/uploads/2026/06/herramienta-multifuncional-9-en-1-alicates-plegables-jakemy-jm-pj1003-con-6-1000x1000-1.webp | https://www.distribuidordeherramientas.es/wp-content/uploads/2026/06/herramienta-multifuncional-9-en-1-alicates-plegables-jakemy-jm-pj1003-con-7-1000x1000-1.webp | https://www.distribuidordeherramientas.es/wp-content/uploads/2026/06/herramienta-multifuncional-9-en-1-alicates-plegables-jakemy-jm-pj1003-con-8-1000x1000-1.webp;0;;2026-06-15 10:00:00;2026-08-20 15:55:32
2.1;84710;3733;simple;Alicates Abrazaderas De Manguera Clips De Alambre Herramienta De Extracción Profesional;alicates-abrazaderas-de-manguera-clips-de-alambre-herramienta-de-extraccion-profesional;https://www.distribuidordeherramientas.es/producto/alicates-abrazaderas-de-manguera-clips-de-alambre-herramienta-de-extraccion-profesional/;publish;0;visible;Bricolaje;Herramientas para el hogar;Herramientas manuales de uso doméstico;40229;Alicates;40827,40617,48715;alicates | herramienta | SATKIT;product_brand;36879;SATKIT;;;;;;;Alicates;herramienta;Mantenimiento y limpieza de vehículos;;;Mantenimiento y limpieza de vehículos;"[{""ambito"":""herramienta"",""tipo"":""producto"",""valor"":""Alicates""}]";herramienta:producto=Alicates;[];"Alicates. Alicates Abrazaderas De Manguera Clips De Alambre Herramienta De Extracción Profesional. Antes de comprar, confirma la referencia exacta, las medidas y la compatibilidad indicada en la ficha del producto; no des por supuesta una equivalencia solo por el nombre comercial.";"<p><strong>Alicates Abrazaderas De Manguera Clips De Alambre Herramienta De Extracción Profesional</strong> pertenece a <strong>Alicates</strong>. Antes de elegir esta referencia, comprueba en la ficha las medidas, conexión, alimentación o compatibilidad que sean relevantes para tu equipo o instalación.</p><p>Antes de comprar, confirma la referencia exacta, las medidas y la compatibilidad indicada en la ficha del producto; no des por supuesta una equivalencia solo por el nombre comercial.</p>";10.63;8.78;8.78;EUR;taxable;;0;;instock;no;0;18;350;250;100;0;0;0;;104663;https://www.distribuidordeherramientas.es/wp-content/uploads/2026/06/alicates-abrazaderas-manguera-profesional-para-extraccion-e-instalacion-1000x1000-1.webp;104664;https://www.distribuidordeherramientas.es/wp-content/uploads/2026/06/alicates-abrazaderas-manguera-profesional-para-extraccion-e-instalacion-2-1000x1000-1.webp;0;;2026-06-15 10:00:00;2026-08-20 15:55:32
2.1;84852;3875;simple;Sk-112-7d Alicates Curvos Para Circlips/Arandelas/Anillos De Seguridad 170mm;sk-112-7d-alicates-curvos-para-circlips-arandelas-anillos-de-seguridad-170mm;https://www.distribuidordeherramientas.es/producto/sk-112-7d-alicates-curvos-para-circlips-arandelas-anillos-de-seguridad-170mm/;publish;0;visible;Bricolaje;Herramientas para el hogar;Herramientas manuales de uso doméstico;40229;Alicates;48926,40827,40617,48715;170 mm | alicates | herramienta | SATKIT;product_brand;36879;SATKIT;;;;;;;Alicates;herramienta;Fijación y sujeción técnica;;;Fijación y sujeción técnica;"[{""ambito"":""herramienta"",""tipo"":""medida_principal"",""valor"":""170 mm""},{""ambito"":""herramienta"",""tipo"":""producto"",""valor"":""Alicates""}]";herramienta:medida_principal=170 mm | herramienta:producto=Alicates;[];Alicates. Sk-112-7d Alicates Curvos Para Circlips/Arandelas/Anillos De Seguridad 170mm. Datos técnicos disponibles: medida principal: 170 mm. Antes de comprar, compara estos datos con el uso previsto y verifica cualquier medida, conexión o compatibilidad que dependa de una máquina, vehículo o instalación concreta.;<p><strong>Sk-112-7d Alicates Curvos Para Circlips/Arandelas/Anillos De Seguridad 170mm</strong> está clasificado en <strong>Alicates</strong>. En los datos técnicos de esta referencia constan medida principal: 170 mm.</p><p>Antes de comprar, compara estos datos con el uso previsto y verifica cualquier medida, conexión o compatibilidad que dependa de una máquina, vehículo o instalación concreta.</p>;8.5;7.03;8.5;EUR;taxable;;0;;instock;no;0;3;200;150;50;0;0;0;;105829;https://www.distribuidordeherramientas.es/wp-content/uploads/2026/06/alicates-curvos-para-circlips-170mm-sk-112-7d-de-tsx-tool-1000x1000-1.webp;105830,105831;https://www.distribuidordeherramientas.es/wp-content/uploads/2026/06/alicates-curvos-para-circlips-170mm-sk-112-7d-de-tsx-tool-2-1000x1000-1.webp | https://www.distribuidordeherramientas.es/wp-content/uploads/2026/06/alicates-curvos-para-circlips-170mm-sk-112-7d-de-tsx-tool-3-1000x1000-1.webp;0;;2026-06-15 10:00:00;2026-08-20 15:55:32
2.1;84936;3961;simple;Destornillador Philips 5mmx150mm Cabezal Magnetico;destornillador-philips-5mmx150mm-cabezal-magnetico;https://www.distribuidordeherramientas.es/producto/destornillador-philips-5mmx150mm-cabezal-magnetico/;publish;0;visible;Bricolaje;Herramientas para el hogar;Herramientas manuales de uso doméstico;40047;Destornillador;48885,40514,40617,48715;5 mm x 150 mm | destornillador | herramienta | SATKIT;product_brand;36879;SATKIT;;;;;;;Destornillador;herramienta;Perforación y fijación;;;Perforación y fijación;"[{""ambito"":""herramienta"",""tipo"":""producto"",""valor"":""Destornillador""}]";herramienta:producto=Destornillador;[];Destornillador. Destornillador Philips 5mmx150mm Cabezal Magnetico. Datos técnicos disponibles: dimensiones: 5 mm x 150 mm. Antes de comprar, compara estos datos con el uso previsto y verifica cualquier medida, conexión o compatibilidad que dependa de una máquina, vehículo o instalación concreta.;<p><strong>Destornillador Philips 5mmx150mm Cabezal Magnetico</strong> está clasificado en <strong>Destornillador</strong>. En los datos técnicos de esta referencia constan dimensiones: 5 mm x 150 mm.</p><p>Antes de comprar, compara estos datos con el uso previsto y verifica cualquier medida, conexión o compatibilidad que dependa de una máquina, vehículo o instalación concreta.</p>;2.55;2.11;2.11;EUR;taxable;;0;;instock;no;0;3;200;150;50;0;0;0;;80129;https://www.distribuidordeherramientas.es/wp-content/uploads/2026/03/SATKIT.png;;;0;;2026-06-15 10:00:00;2026-08-20 15:55:32
2.1;85175;4202;simple;Alicates Corte Electronica;alicates-corte-electronica;https://www.distribuidordeherramientas.es/producto/alicates-corte-electronica/;publish;0;visible;Bricolaje;Herramientas para el hogar;Herramientas manuales de uso doméstico;40229;Alicates;40827,40617,48715;alicates | herramienta | SATKIT;product_brand;36879;SATKIT;;;;;;;Alicates;herramienta;Mantenimiento y reparación electrónica;;;Mantenimiento y reparación electrónica;"[{""ambito"":""herramienta"",""tipo"":""producto"",""valor"":""Alicates""}]";herramienta:producto=Alicates;[];"Alicates. Alicates Corte Electronica. Antes de comprar, confirma la referencia exacta, las medidas y la compatibilidad indicada en la ficha del producto; no des por supuesta una equivalencia solo por el nombre comercial.";"<p><strong>Alicates Corte Electronica</strong> pertenece a <strong>Alicates</strong>. Antes de elegir esta referencia, comprueba en la ficha las medidas, conexión, alimentación o compatibilidad que sean relevantes para tu equipo o instalación.</p><p>Antes de comprar, confirma la referencia exacta, las medidas y la compatibilidad indicada en la ficha del producto; no des por supuesta una equivalencia solo por el nombre comercial.</p>";8.49;7.01;7.01;EUR;taxable;;0;;instock;no;0;3;200;150;50;0;0;0;;80129;https://www.distribuidordeherramientas.es/wp-content/uploads/2026/03/SATKIT.png;;;0;;2026-06-15 10:00:00;2026-08-20 15:55:33
2.1;109945;C04010X-camara interior;simple;Cámara IP interior HD 720p con WiFi, visión infrarroja y detección de movimiento y sonido;camara-ip-interior-hd-720p-con-wifi-infrarrojos-movimiento-y-sonido;https://www.distribuidordeherramientas.es/producto/camara-ip-interior-hd-720p-con-wifi-infrarrojos-movimiento-y-sonido/;publish;0;visible;Bricolaje;Herramientas para el hogar;Herramientas manuales de uso doméstico;47505;Cámaras IP y videovigilancia;51922,51918,51917,51923,51927,24170,51925,44933,48715,51919,51920;Aplicacion videovigilancia interior | Cámara IP interior HD 720p con WiFi | Cámaras IP y videovigilancia | Conectividad WiFi | detección de movimiento y detección de sonido | Equipamiento | Funciones visión infrarroja | redes | SATKIT | visión infrarroja y detección de movimiento y sonido | Wi-Fi y conectividad;product_brand;36879;SATKIT;;SATKIT;5539;1233;Electrónica y Componentes > Cámaras y Drones > Cámaras de Acción;42.35;Cámaras IP y videovigilancia;equipamiento;Domótica y automatización;;;Domótica y automatización;"[{""ambito"":""equipamiento"",""tipo"":""aplicacion"",""valor"":""videovigilancia interior""},{""ambito"":""equipamiento"",""tipo"":""conectividad"",""valor"":""Wi-Fi""},{""ambito"":""equipamiento"",""tipo"":""funciones"",""valor"":""visión infrarroja, detección de movimiento y detección de sonido""},{""ambito"":""equipamiento"",""tipo"":""marca"",""valor"":""SATKIT""},{""ambito"":""equipamiento"",""tipo"":""producto"",""valor"":""Cámaras IP y videovigilancia""},{""ambito"":""equipamiento"",""tipo"":""subtipo"",""valor"":""cámara IP""}]";equipamiento:aplicacion=videovigilancia interior | equipamiento:conectividad=Wi-Fi | equipamiento:funciones=visión infrarroja, detección de movimiento y detección de sonido | equipamiento:marca=SATKIT | equipamiento:producto=Cámaras IP y videovigilancia | equipamiento:subtipo=cámara IP;"[{""name"":""Aplicacion"",""taxonomy"":"""",""is_taxonomy"":0,""options"":[""videovigilancia interior""],""visible"":1,""variation"":0,""position"":0},{""name"":""Conectividad"",""taxonomy"":"""",""is_taxonomy"":0,""options"":[""WiFi""],""visible"":1,""variation"":0,""position"":1},{""name"":""Funciones"",""taxonomy"":"""",""is_taxonomy"":0,""options"":[""visión infrarroja, detección de movimiento y detección de sonido""],""visible"":1,""variation"":0,""position"":2},{""name"":""Interfaz"",""taxonomy"":"""",""is_taxonomy"":0,""options"":[""WiFi""],""visible"":1,""variation"":0,""position"":3}]";"Cámara IP interior HD 720p con WiFi, visión infrarroja y detección de movimiento y sonido es un producto pensado para conexión, adaptación o distribución de señal y alimentación. Sus datos verificados incluyen aplicacion: videovigilancia interior; conectividad: WiFi; funciones: visión infrarroja, detección de movimiento y detección de sonido; interfaz: WiFi. Antes de comprar, comprueba el tipo de conector, el estándar, la longitud y la compatibilidad entre ambos equipos para confirmar que corresponde a la aplicación prevista. Referencia: C04010X-camara interior.";"<h2>Descripción</h2><p><strong>Cámara IP interior HD 720p con WiFi, visión infrarroja y detección de movimiento y sonido</strong> es un producto pensado para conexión, adaptación o distribución de señal y alimentación dentro de la categoría cámaras ip y videovigilancia. Su identificación y características permiten diferenciarlo de otras referencias parecidas.</p><p>Sus especificaciones verificadas incluyen aplicacion: videovigilancia interior; conectividad: WiFi; funciones: visión infrarroja, detección de movimiento y detección de sonido; interfaz: WiFi. Estos datos permiten comparar esta referencia con otros modelos y escoger la opción que encaje con el trabajo previsto.</p><p>Antes de elegirlo, comprueba el tipo de conector, el estándar, la longitud y la compatibilidad entre ambos equipos. Esta revisión es especialmente importante cuando se utiliza como recambio, accesorio o elemento de conexión.</p><h2>Características verificadas</h2><ul><li><strong>Aplicacion:</strong> videovigilancia interior.</li><li><strong>Conectividad:</strong> WiFi.</li><li><strong>Funciones:</strong> visión infrarroja, detección de movimiento y detección de sonido.</li><li><strong>Interfaz:</strong> WiFi.</li><li><strong>Marca:</strong> SATKIT.</li><li><strong>Referencia:</strong> C04010X-camara interior.</li></ul>";61.41;50.82;50.82;EUR;taxable;;0;;outofstock;no;0;;;;;0;0;0;;109946;https://www.distribuidordeherramientas.es/wp-content/uploads/2026/07/camara-ip-interior-hd-720p-con-wifi-infrarrojos-movimiento-y-sonido-1000x1000-1.webp;;;0;;2026-07-28 21:27:11;2026-08-20 15:56:12
2.1;110116;Q030105-rf-sonoff-conmutador;simple;Conmutador inalámbrico WiFi Sonoff compatible Alexa y Google Home para domótica;conmutador-inalambrico-wifi-sonoff-compatible-alexa-y-google-home-para-domotica;https://www.distribuidordeherramientas.es/producto/conmutador-inalambrico-wifi-sonoff-compatible-alexa-y-google-home-para-domotica/;publish;0;visible;Bricolaje;Herramientas para el hogar;Herramientas manuales de uso doméstico;47492;Interruptores y actuadores domóticos;24170,51789,51975,49198,51976;Equipamiento | Interfaz WiFi | Interruptores y actuadores domóticos | Programación y electrónica de control | SONOFF;product_brand;47258;SONOFF;;SATKIT;7607;1555;Electrónica y Componentes > Domótica y Smart Home;8.47;Interruptores y actuadores domóticos;accesorio;Domótica y automatización;;;Domótica y automatización;"[{""ambito"":""accesorio"",""tipo"":""conectividad"",""valor"":""Wi-Fi""},{""ambito"":""accesorio"",""tipo"":""marca"",""valor"":""SONOFF""},{""ambito"":""accesorio"",""tipo"":""producto"",""valor"":""Conmutador inalámbrico WiFi Sonoff compatible Alexa y Google Home""}]";accesorio:conectividad=Wi-Fi | accesorio:marca=SONOFF | accesorio:producto=Conmutador inalámbrico WiFi Sonoff compatible Alexa y Google Home;"[{""name"":""Interfaz"",""taxonomy"":"""",""is_taxonomy"":0,""options"":[""WiFi""],""visible"":1,""variation"":0,""position"":0}]";Conmutador inalámbrico WiFi Sonoff compatible Alexa y Google Home para domótica es un producto pensado para el uso indicado por su categoría y sus características verificadas. Sus datos verificados incluyen interfaz: WiFi. Antes de comprar, comprueba las medidas, el modelo, la compatibilidad y los datos técnicos indicados para confirmar que corresponde a la aplicación prevista. Referencia: Q030105-rf-sonoff-conmutador.;<h2>Descripción</h2><p><strong>Conmutador inalámbrico WiFi Sonoff compatible Alexa y Google Home para domótica</strong> es un producto pensado para el uso indicado por su categoría y sus características verificadas dentro de la categoría interruptores y actuadores domóticos. Su identificación y características permiten diferenciarlo de otras referencias parecidas.</p><p>Sus especificaciones verificadas incluyen interfaz: WiFi. Estos datos permiten comparar esta referencia con otros modelos y escoger la opción que encaje con el trabajo previsto.</p><p>Antes de elegirlo, comprueba las medidas, el modelo, la compatibilidad y los datos técnicos indicados. Esta revisión es especialmente importante cuando se utiliza como recambio, accesorio o elemento de conexión.</p><h2>Características verificadas</h2><ul><li><strong>Interfaz:</strong> WiFi.</li><li><strong>Marca:</strong> SONOFF.</li><li><strong>Referencia:</strong> Q030105-rf-sonoff-conmutador.</li></ul>;12.28;10.16;10.16;EUR;taxable;;0;;instock;no;0;;;;;0;0;0;;110117;https://www.distribuidordeherramientas.es/wp-content/uploads/2026/07/conmutador-inalambrico-wifi-sonoff-compatible-alexa-y-google-home-para-domotica-1000x1000-1.webp;110118,110119,110120,110121;https://www.distribuidordeherramientas.es/wp-content/uploads/2026/07/conmutador-inalambrico-wifi-sonoff-compatible-alexa-y-google-home-para-domotica-2-1000x1000-1.webp | https://www.distribuidordeherramientas.es/wp-content/uploads/2026/07/conmutador-inalambrico-wifi-sonoff-compatible-alexa-y-google-home-para-domotica-3-1000x1000-1.webp | https://www.distribuidordeherramientas.es/wp-content/uploads/2026/07/conmutador-inalambrico-wifi-sonoff-compatible-alexa-y-google-home-para-domotica-4-1000x1000-1.webp | https://www.distribuidordeherramientas.es/wp-content/uploads/2026/07/conmutador-inalambrico-wifi-sonoff-compatible-alexa-y-google-home-para-domotica-5-1000x1000-1.webp;0;;2026-07-28 21:28:20;2026-08-20 15:56:24
2.1;110122;Q030105-sonoff-basic-conmutador;simple;Conmutador WiFi Sonoff Basic para domótica compatible con Alexa y Google Home;conmutador-wifi-sonoff-basic-para-domotica-compatible-con-alexa-y-google-home;https://www.distribuidordeherramientas.es/producto/conmutador-wifi-sonoff-basic-para-domotica-compatible-con-alexa-y-google-home/;publish;0;visible;Bricolaje;Herramientas para el hogar;Herramientas manuales de uso doméstico;47492;Interruptores y actuadores domóticos;44356,51977,51789,51975,49198,51976;accesorio | Compatibilidad Alexa y Google Home | Interfaz WiFi | Interruptores y actuadores domóticos | Programación y electrónica de control | SONOFF;product_brand;47258;SONOFF;;SATKIT;7608;1558;Electrónica y Componentes > Domótica y Smart Home;7.26;Interruptores y actuadores domóticos;accesorio;Domótica y automatización;;;Domótica y automatización;"[{""ambito"":""accesorio"",""tipo"":""compatibilidad"",""valor"":""Alexa y Google Home""},{""ambito"":""accesorio"",""tipo"":""conectividad"",""valor"":""Wi-Fi""},{""ambito"":""accesorio"",""tipo"":""marca"",""valor"":""SONOFF""},{""ambito"":""accesorio"",""tipo"":""producto"",""valor"":""Conmutador WiFi Sonoff Basic para domótica""}]";accesorio:compatibilidad=Alexa y Google Home | accesorio:conectividad=Wi-Fi | accesorio:marca=SONOFF | accesorio:producto=Conmutador WiFi Sonoff Basic para domótica;"[{""name"":""Compatibilidad"",""taxonomy"":"""",""is_taxonomy"":0,""options"":[""Alexa y Google Home""],""visible"":1,""variation"":0,""position"":0},{""name"":""Interfaz"",""taxonomy"":"""",""is_taxonomy"":0,""options"":[""WiFi""],""visible"":1,""variation"":0,""position"":1}]";"Conmutador WiFi Sonoff Basic para domótica compatible con Alexa y Google Home es un producto pensado para el uso indicado por su categoría y sus características verificadas. Sus datos verificados incluyen compatibilidad: Alexa y Google Home; interfaz: WiFi. Antes de comprar, comprueba las medidas, el modelo, la compatibilidad y los datos técnicos indicados para confirmar que corresponde a la aplicación prevista. Referencia: Q030105-sonoff-basic-conmutador.";"<h2>Descripción</h2><p><strong>Conmutador WiFi Sonoff Basic para domótica compatible con Alexa y Google Home</strong> es un producto pensado para el uso indicado por su categoría y sus características verificadas dentro de la categoría interruptores y actuadores domóticos. Su identificación y características permiten diferenciarlo de otras referencias parecidas.</p><p>Sus especificaciones verificadas incluyen compatibilidad: Alexa y Google Home; interfaz: WiFi. Estos datos permiten comparar esta referencia con otros modelos y escoger la opción que encaje con el trabajo previsto.</p><p>Antes de elegirlo, comprueba las medidas, el modelo, la compatibilidad y los datos técnicos indicados. Esta revisión es especialmente importante cuando se utiliza como recambio, accesorio o elemento de conexión.</p><h2>Características verificadas</h2><ul><li><strong>Compatibilidad:</strong> Alexa y Google Home.</li><li><strong>Interfaz:</strong> WiFi.</li><li><strong>Marca:</strong> SONOFF.</li><li><strong>Referencia:</strong> Q030105-sonoff-basic-conmutador.</li></ul>";10.53;8.71;8.71;EUR;taxable;;0;;instock;no;0;;;;;0;0;0;;110123;https://www.distribuidordeherramientas.es/wp-content/uploads/2026/07/conmutador-wifi-sonoff-basic-para-domotica-compatible-con-alexa-y-google-home-1000x1000-1.webp;110124,110125,110126,110127;https://www.distribuidordeherramientas.es/wp-content/uploads/2026/07/conmutador-wifi-sonoff-basic-para-domotica-compatible-con-alexa-y-google-home-2-1000x1000-1.webp | https://www.distribuidordeherramientas.es/wp-content/uploads/2026/07/conmutador-wifi-sonoff-basic-para-domotica-compatible-con-alexa-y-google-home-3-1000x1000-1.webp | https://www.distribuidordeherramientas.es/wp-content/uploads/2026/07/conmutador-wifi-sonoff-basic-para-domotica-compatible-con-alexa-y-google-home-4-1000x1000-1.webp | https://www.distribuidordeherramientas.es/wp-content/uploads/2026/07/conmutador-wifi-sonoff-basic-para-domotica-compatible-con-alexa-y-google-home-5-1000x1000-1.webp;0;;2026-07-28 21:28:22;2026-08-20 15:56:24
2.1;110128;Q03015-pow-sonoff;simple;Conmutador Wifi Sonoff Pow con función de medición de consumo de energía inteligente y control remoto;conmutador-wifi-sonoff-pow-con-funcion-de-medicion-de-consumo-de-energia-inteligente-y-control-remoto;https://www.distribuidordeherramientas.es/producto/conmutador-wifi-sonoff-pow-con-funcion-de-medicion-de-consumo-de-energia-inteligente-y-control-remoto/;publish;0;visible;Bricolaje;Herramientas para el hogar;Herramientas manuales de uso doméstico;47492;Interruptores y actuadores domóticos;24170,51789,51975,49198,51976;Equipamiento | Interfaz WiFi | Interruptores y actuadores domóticos | Programación y electrónica de control | SONOFF;product_brand;47258;SONOFF;;SATKIT;7611;1559;Electrónica y Componentes > Domótica y Smart Home;14.53;Interruptores y actuadores domóticos;accesorio;Domótica y automatización;;;Domótica y automatización;"[{""ambito"":""accesorio"",""tipo"":""conectividad"",""valor"":""Wi-Fi""},{""ambito"":""accesorio"",""tipo"":""marca"",""valor"":""SONOFF""},{""ambito"":""accesorio"",""tipo"":""producto"",""valor"":""Conmutador Wifi Sonoff Pow""}]";accesorio:conectividad=Wi-Fi | accesorio:marca=SONOFF | accesorio:producto=Conmutador Wifi Sonoff Pow;"[{""name"":""Interfaz"",""taxonomy"":"""",""is_taxonomy"":0,""options"":[""Wifi""],""visible"":1,""variation"":0,""position"":0}]";Conmutador Wifi Sonoff Pow con función de medición de consumo de energía inteligente y control remoto es un producto pensado para mantenimiento, diagnóstico o equipamiento de vehículos. Sus datos verificados incluyen interfaz: Wifi. Antes de comprar, comprueba el vehículo o sistema compatible, las medidas, el rango de trabajo y las conexiones para confirmar que corresponde a la aplicación prevista. Referencia: Q03015-pow-sonoff.;<h2>Descripción</h2><p><strong>Conmutador Wifi Sonoff Pow con función de medición de consumo de energía inteligente y control remoto</strong> es un producto pensado para mantenimiento, diagnóstico o equipamiento de vehículos dentro de la categoría interruptores y actuadores domóticos. Su identificación y características permiten diferenciarlo de otras referencias parecidas.</p><p>Sus especificaciones verificadas incluyen interfaz: Wifi. Estos datos permiten comparar esta referencia con otros modelos y escoger la opción que encaje con el trabajo previsto.</p><p>Antes de elegirlo, comprueba el vehículo o sistema compatible, las medidas, el rango de trabajo y las conexiones. Esta revisión es especialmente importante cuando se utiliza como recambio, accesorio o elemento de conexión.</p><h2>Características verificadas</h2><ul><li><strong>Interfaz:</strong> Wifi.</li><li><strong>Marca:</strong> SONOFF.</li><li><strong>Referencia:</strong> Q03015-pow-sonoff.</li></ul>;21.07;17.44;17.44;EUR;taxable;;0;;outofstock;no;0;;;;;0;0;0;;110129;https://www.distribuidordeherramientas.es/wp-content/uploads/2026/07/conmutador-wifi-sonoff-pow-con-funcion-de-medicion-de-consumo-de-energia-1000x1000-1.webp;110130,110131,110132,110133;https://www.distribuidordeherramientas.es/wp-content/uploads/2026/07/conmutador-wifi-sonoff-pow-con-funcion-de-medicion-de-consumo-de-energia-2-1000x1000-1.webp | https://www.distribuidordeherramientas.es/wp-content/uploads/2026/07/conmutador-wifi-sonoff-pow-con-funcion-de-medicion-de-consumo-de-energia-3-1000x1000-1.webp | https://www.distribuidordeherramientas.es/wp-content/uploads/2026/07/conmutador-wifi-sonoff-pow-con-funcion-de-medicion-de-consumo-de-energia-4-1000x1000-1.webp | https://www.distribuidordeherramientas.es/wp-content/uploads/2026/07/conmutador-wifi-sonoff-pow-con-funcion-de-medicion-de-consumo-de-energia-5-1000x1000-1.webp;0;;2026-07-28 21:28:25;2026-08-20 15:56:25
2.1;110307;2b130104-sonoff-enchufe;simple;Enchufe inteligente exterior WiFi Sonoff compatible Alexa y Google Home;enchufe-inteligente-exterior-wifi-sonoff-compatible-alexa-y-google-home;https://www.distribuidordeherramientas.es/producto/enchufe-inteligente-exterior-wifi-sonoff-compatible-alexa-y-google-home/;publish;0;visible;Bricolaje;Herramientas para el hogar;Herramientas manuales de uso doméstico;47492;Interruptores y actuadores domóticos;24170,51789,51975,49198,51976;Equipamiento | Interfaz WiFi | Interruptores y actuadores domóticos | Programación y electrónica de control | SONOFF;product_brand;47258;SONOFF;;SATKIT;7806;1790;Electrónica y Componentes > Domótica y Smart Home;20.57;Interruptores y actuadores domóticos;accesorio;Domótica y automatización;;;Domótica y automatización;"[{""ambito"":""accesorio"",""tipo"":""conectividad"",""valor"":""Wi-Fi""},{""ambito"":""accesorio"",""tipo"":""marca"",""valor"":""SONOFF""},{""ambito"":""accesorio"",""tipo"":""producto"",""valor"":""Enchufe inteligente exterior WiFi Sonoff compatible Alexa y Google""}]";accesorio:conectividad=Wi-Fi | accesorio:marca=SONOFF | accesorio:producto=Enchufe inteligente exterior WiFi Sonoff compatible Alexa y Google;"[{""name"":""Interfaz"",""taxonomy"":"""",""is_taxonomy"":0,""options"":[""WiFi""],""visible"":1,""variation"":0,""position"":0}]";Enchufe inteligente exterior WiFi Sonoff compatible Alexa y Google Home es un producto pensado para el uso indicado por su categoría y sus características verificadas. Sus datos verificados incluyen interfaz: WiFi. Antes de comprar, comprueba las medidas, el modelo, la compatibilidad y los datos técnicos indicados para confirmar que corresponde a la aplicación prevista. Referencia: 2b130104-sonoff-enchufe.;<h2>Descripción</h2><p><strong>Enchufe inteligente exterior WiFi Sonoff compatible Alexa y Google Home</strong> es un producto pensado para el uso indicado por su categoría y sus características verificadas dentro de la categoría interruptores y actuadores domóticos. Su identificación y características permiten diferenciarlo de otras referencias parecidas.</p><p>Sus especificaciones verificadas incluyen interfaz: WiFi. Estos datos permiten comparar esta referencia con otros modelos y escoger la opción que encaje con el trabajo previsto.</p><p>Antes de elegirlo, comprueba las medidas, el modelo, la compatibilidad y los datos técnicos indicados. Esta revisión es especialmente importante cuando se utiliza como recambio, accesorio o elemento de conexión.</p><h2>Características verificadas</h2><ul><li><strong>Interfaz:</strong> WiFi.</li><li><strong>Marca:</strong> SONOFF.</li><li><strong>Referencia:</strong> 2b130104-sonoff-enchufe.</li></ul>;29.83;24.68;24.68;EUR;taxable;;0;;outofstock;no;0;;;;;0;0;0;;110308;https://www.distribuidordeherramientas.es/wp-content/uploads/2026/07/enchufe-inteligente-exterior-wifi-sonoff-compatible-alexa-y-google-home-1000x1000-1.webp;110309,110310,110311;https://www.distribuidordeherramientas.es/wp-content/uploads/2026/07/enchufe-inteligente-exterior-wifi-sonoff-compatible-alexa-y-google-home-2-1000x1000-1.webp | https://www.distribuidordeherramientas.es/wp-content/uploads/2026/07/enchufe-inteligente-exterior-wifi-sonoff-compatible-alexa-y-google-home-3-1000x1000-1.webp | https://www.distribuidordeherramientas.es/wp-content/uploads/2026/07/enchufe-inteligente-exterior-wifi-sonoff-compatible-alexa-y-google-home-4-1000x1000-1.webp;0;;2026-07-28 21:29:40;2026-08-20 15:56:26
2.1;110312;2B100404-S20-ENCHUFE;simple;Enchufe Inteligente Sonoff S20 - Wifi Smart Plug EU para control móvil;enchufe-inteligente-sonoff-s20-wifi-smart-plug-eu-para-control-movil;https://www.distribuidordeherramientas.es/producto/enchufe-inteligente-sonoff-s20-wifi-smart-plug-eu-para-control-movil/;publish;0;visible;Bricolaje;Herramientas para el hogar;Herramientas manuales de uso doméstico;47492;Interruptores y actuadores domóticos;24170,51789,51975,49198,51976;Equipamiento | Interfaz WiFi | Interruptores y actuadores domóticos | Programación y electrónica de control | SONOFF;product_brand;47258;SONOFF;;SATKIT;7615;1791;Electrónica y Componentes > Domótica y Smart Home;15.73;Interruptores y actuadores domóticos;accesorio;Domótica y automatización;;;Domótica y automatización;"[{""ambito"":""accesorio"",""tipo"":""conectividad"",""valor"":""Wi-Fi""},{""ambito"":""accesorio"",""tipo"":""marca"",""valor"":""SONOFF""},{""ambito"":""accesorio"",""tipo"":""producto"",""valor"":""Enchufe Inteligente Sonoff S20 - Wifi Smart Plug EU""}]";accesorio:conectividad=Wi-Fi | accesorio:marca=SONOFF | accesorio:producto=Enchufe Inteligente Sonoff S20 - Wifi Smart Plug EU;"[{""name"":""Interfaz"",""taxonomy"":"""",""is_taxonomy"":0,""options"":[""Wifi""],""visible"":1,""variation"":0,""position"":0}]";Enchufe Inteligente Sonoff S20 - Wifi Smart Plug EU para control móvil es un producto pensado para reparación, sustitución o mantenimiento de dispositivos móviles y pantallas. Sus datos verificados incluyen interfaz: Wifi. Antes de comprar, comprueba el modelo exacto del dispositivo, el formato, el conector y las dimensiones para confirmar que corresponde a la aplicación prevista. Referencia: 2B100404-S20-ENCHUFE.;<h2>Descripción</h2><p><strong>Enchufe Inteligente Sonoff S20 - Wifi Smart Plug EU para control móvil</strong> es un producto pensado para reparación, sustitución o mantenimiento de dispositivos móviles y pantallas dentro de la categoría interruptores y actuadores domóticos. Su identificación y características permiten diferenciarlo de otras referencias parecidas.</p><p>Sus especificaciones verificadas incluyen interfaz: Wifi. Estos datos permiten comparar esta referencia con otros modelos y escoger la opción que encaje con el trabajo previsto.</p><p>Antes de elegirlo, comprueba el modelo exacto del dispositivo, el formato, el conector y las dimensiones. Esta revisión es especialmente importante cuando se utiliza como recambio, accesorio o elemento de conexión.</p><h2>Características verificadas</h2><ul><li><strong>Interfaz:</strong> Wifi.</li><li><strong>Marca:</strong> SONOFF.</li><li><strong>Referencia:</strong> 2B100404-S20-ENCHUFE.</li></ul>;22.81;18.88;18.88;EUR;taxable;;0;;outofstock;no;0;;;;;0;0;0;;110313;https://www.distribuidordeherramientas.es/wp-content/uploads/2026/07/enchufe-inteligente-sonoff-s20-wifi-smart-plug-eu-para-control-movil-1000x1000-1.webp;110314,110315,110316,110317,110318,110319,110320,110321,110322,110323;https://www.distribuidordeherramientas.es/wp-content/uploads/2026/07/enchufe-inteligente-sonoff-s20-wifi-smart-plug-eu-para-control-movil-2-1000x1000-1.webp | https://www.distribuidordeherramientas.es/wp-content/uploads/2026/07/enchufe-inteligente-sonoff-s20-wifi-smart-plug-eu-para-control-movil-3-1000x1000-1.webp | https://www.distribuidordeherramientas.es/wp-content/uploads/2026/07/enchufe-inteligente-sonoff-s20-wifi-smart-plug-eu-para-control-movil-4-1000x1000-1.webp | https://www.distribuidordeherramientas.es/wp-content/uploads/2026/07/enchufe-inteligente-sonoff-s20-wifi-smart-plug-eu-para-control-movil-5-1000x1000-1.webp | https://www.distribuidordeherramientas.es/wp-content/uploads/2026/07/enchufe-inteligente-sonoff-s20-wifi-smart-plug-eu-para-control-movil-6-1000x1000-1.webp | https://www.distribuidordeherramientas.es/wp-content/uploads/2026/07/enchufe-inteligente-sonoff-s20-wifi-smart-plug-eu-para-control-movil-7-1000x1000-1.webp | https://www.distribuidordeherramientas.es/wp-content/uploads/2026/07/enchufe-inteligente-sonoff-s20-wifi-smart-plug-eu-para-control-movil-9-1000x1000-1.webp | https://www.distribuidordeherramientas.es/wp-content/uploads/2026/07/enchufe-inteligente-sonoff-s20-wifi-smart-plug-eu-para-control-movil-11-1000x1000-1.webp | https://www.distribuidordeherramientas.es/wp-content/uploads/2026/07/enchufe-inteligente-sonoff-s20-wifi-smart-plug-eu-para-control-movil-13-1000x1000-1.webp | https://www.distribuidordeherramientas.es/wp-content/uploads/2026/07/enchufe-inteligente-sonoff-s20-wifi-smart-plug-eu-para-control-movil-15-1000x1000-1.webp;0;;2026-07-28 21:29:42;2026-08-20 15:56:26
2.1;110324;2B100404-S26-ENCHUFE;simple;Enchufe inteligente Sonoff S26 R2 - Control remoto WiFi para hogar EU;enchufe-inteligente-sonoff-s26-r2-control-remoto-wifi-para-hogar-eu;https://www.distribuidordeherramientas.es/producto/enchufe-inteligente-sonoff-s26-r2-control-remoto-wifi-para-hogar-eu/;publish;0;visible;Bricolaje;Herramientas para el hogar;Herramientas manuales de uso doméstico;47492;Interruptores y actuadores domóticos;24170,51789,51975,49198,51976;Equipamiento | Interfaz WiFi | Interruptores y actuadores domóticos | Programación y electrónica de control | SONOFF;product_brand;47258;SONOFF;;SATKIT;8334;1792;Electrónica y Componentes > Domótica y Smart Home;15.73;Interruptores y actuadores domóticos;accesorio;Domótica y automatización;;;Domótica y automatización;"[{""ambito"":""accesorio"",""tipo"":""conectividad"",""valor"":""Wi-Fi""},{""ambito"":""accesorio"",""tipo"":""marca"",""valor"":""SONOFF""},{""ambito"":""accesorio"",""tipo"":""producto"",""valor"":""Enchufe inteligente Sonoff S26 R2 - Control remoto WiFi""}]";accesorio:conectividad=Wi-Fi | accesorio:marca=SONOFF | accesorio:producto=Enchufe inteligente Sonoff S26 R2 - Control remoto WiFi;"[{""name"":""Interfaz"",""taxonomy"":"""",""is_taxonomy"":0,""options"":[""WiFi""],""visible"":1,""variation"":0,""position"":0}]";Enchufe inteligente Sonoff S26 R2 - Control remoto WiFi para hogar EU es un producto pensado para mantenimiento, diagnóstico o equipamiento de vehículos. Sus datos verificados incluyen interfaz: WiFi. Antes de comprar, comprueba el vehículo o sistema compatible, las medidas, el rango de trabajo y las conexiones para confirmar que corresponde a la aplicación prevista. Referencia: 2B100404-S26-ENCHUFE.;<h2>Descripción</h2><p><strong>Enchufe inteligente Sonoff S26 R2 - Control remoto WiFi para hogar EU</strong> es un producto pensado para mantenimiento, diagnóstico o equipamiento de vehículos dentro de la categoría interruptores y actuadores domóticos. Su identificación y características permiten diferenciarlo de otras referencias parecidas.</p><p>Sus especificaciones verificadas incluyen interfaz: WiFi. Estos datos permiten comparar esta referencia con otros modelos y escoger la opción que encaje con el trabajo previsto.</p><p>Antes de elegirlo, comprueba el vehículo o sistema compatible, las medidas, el rango de trabajo y las conexiones. Esta revisión es especialmente importante cuando se utiliza como recambio, accesorio o elemento de conexión.</p><h2>Características verificadas</h2><ul><li><strong>Interfaz:</strong> WiFi.</li><li><strong>Marca:</strong> SONOFF.</li><li><strong>Referencia:</strong> 2B100404-S26-ENCHUFE.</li></ul>;22.81;18.88;18.88;EUR;taxable;;0;;outofstock;no;0;;;;;0;0;0;;110325;https://www.distribuidordeherramientas.es/wp-content/uploads/2026/07/enchufe-inteligente-sonoff-s26-r2-control-remoto-wifi-para-hogar-eu-1000x1000-1.webp;110326,110327,110328,110329,110330,110331,110332,110333,110322,110323;https://www.distribuidordeherramientas.es/wp-content/uploads/2026/07/enchufe-inteligente-sonoff-s26-r2-control-remoto-wifi-para-hogar-eu-2-1000x1000-1.webp | https://www.distribuidordeherramientas.es/wp-content/uploads/2026/07/enchufe-inteligente-sonoff-s26-r2-control-remoto-wifi-para-hogar-eu-3-1000x1000-1.webp | https://www.distribuidordeherramientas.es/wp-content/uploads/2026/07/enchufe-inteligente-sonoff-s26-r2-control-remoto-wifi-para-hogar-eu-4-1000x1000-1.webp | https://www.distribuidordeherramientas.es/wp-content/uploads/2026/07/enchufe-inteligente-sonoff-s26-r2-control-remoto-wifi-para-hogar-eu-5-1000x1000-1.webp | https://www.distribuidordeherramientas.es/wp-content/uploads/2026/07/enchufe-inteligente-sonoff-s26-r2-control-remoto-wifi-para-hogar-eu-6-1000x1000-1.webp | https://www.distribuidordeherramientas.es/wp-content/uploads/2026/07/enchufe-inteligente-sonoff-s26-r2-control-remoto-wifi-para-hogar-eu-7-1000x1000-1.webp | https://www.distribuidordeherramientas.es/wp-content/uploads/2026/07/enchufe-inteligente-sonoff-s26-r2-control-remoto-wifi-para-hogar-eu-8-1000x1000-1.webp | https://www.distribuidordeherramientas.es/wp-content/uploads/2026/07/enchufe-inteligente-sonoff-s26-r2-control-remoto-wifi-para-hogar-eu-9-1000x1000-1.webp | https://www.distribuidordeherramientas.es/wp-content/uploads/2026/07/enchufe-inteligente-sonoff-s20-wifi-smart-plug-eu-para-control-movil-13-1000x1000-1.webp | https://www.distribuidordeherramientas.es/wp-content/uploads/2026/07/enchufe-inteligente-sonoff-s20-wifi-smart-plug-eu-para-control-movil-15-1000x1000-1.webp;0;;2026-07-28 21:29:47;2026-08-20 15:56:26
2.1;110725;1b060104;simple;Interruptor de Control Remoto Inalámbrico 220V SONOFF compacto y seguro para tu hogar;interruptor-de-control-remoto-inalambrico-220v-sonoff-compacto-y-seguro-para-tu-hogar;https://www.distribuidordeherramientas.es/producto/interruptor-de-control-remoto-inalambrico-220v-sonoff-compacto-y-seguro-para-tu-hogar/;publish;0;visible;Bricolaje;Herramientas para el hogar;Herramientas manuales de uso doméstico;47492;Interruptores y actuadores domóticos;24170,51975,49198,51976,51082;Equipamiento | Interruptores y actuadores domóticos | Programación y electrónica de control | SONOFF | tension 220 V;product_brand;47258;SONOFF;;SATKIT;8099;2195;Electrónica y Componentes > Domótica y Smart Home;8.48;Interruptores y actuadores domóticos;accesorio;Domótica y automatización;;;Domótica y automatización;"[{""ambito"":""accesorio"",""tipo"":""marca"",""valor"":""SONOFF""},{""ambito"":""accesorio"",""tipo"":""producto"",""valor"":""Interruptores y actuadores domóticos""},{""ambito"":""accesorio"",""tipo"":""subtipo"",""valor"":""interruptor de control remoto inalambrico sonoff compacto y seguro para tu hogar""},{""ambito"":""accesorio"",""tipo"":""tension"",""valor"":""220 V""}]";accesorio:marca=SONOFF | accesorio:producto=Interruptores y actuadores domóticos | accesorio:subtipo=interruptor de control remoto inalambrico sonoff compacto y seguro para tu hogar | accesorio:tension=220 V;"[{""name"":""Tensión"",""taxonomy"":"""",""is_taxonomy"":0,""options"":[""220 V""],""visible"":1,""variation"":0,""position"":0}]";Interruptor de Control Remoto Inalámbrico 220V SONOFF compacto y seguro para tu hogar es un producto pensado para mantenimiento, diagnóstico o equipamiento de vehículos. Sus datos verificados incluyen tensión: 220 V. Antes de comprar, comprueba el vehículo o sistema compatible, las medidas, el rango de trabajo y las conexiones para confirmar que corresponde a la aplicación prevista. Referencia: 1b060104.;<h2>Descripción</h2><p><strong>Interruptor de Control Remoto Inalámbrico 220V SONOFF compacto y seguro para tu hogar</strong> es un producto pensado para mantenimiento, diagnóstico o equipamiento de vehículos dentro de la categoría interruptores y actuadores domóticos. Su identificación y características permiten diferenciarlo de otras referencias parecidas.</p><p>Sus especificaciones verificadas incluyen tensión: 220 V. Estos datos permiten comparar esta referencia con otros modelos y escoger la opción que encaje con el trabajo previsto.</p><p>Antes de elegirlo, comprueba el vehículo o sistema compatible, las medidas, el rango de trabajo y las conexiones. Esta revisión es especialmente importante cuando se utiliza como recambio, accesorio o elemento de conexión.</p><h2>Características verificadas</h2><ul><li><strong>Tensión:</strong> 220 V.</li><li><strong>Marca:</strong> SONOFF.</li><li><strong>Referencia:</strong> 1b060104.</li></ul>;12.3;10.18;10.18;EUR;taxable;;0;;instock;no;0;;;;;0;0;0;;110726;https://www.distribuidordeherramientas.es/wp-content/uploads/2026/07/interruptor-de-control-remoto-inalambrico-220v-sonoff-compacto-y-seguro-para-tu-1000x1000-1.webp;110727,110728,110729,110730,110731;https://www.distribuidordeherramientas.es/wp-content/uploads/2026/07/interruptor-de-control-remoto-inalambrico-220v-sonoff-compacto-y-seguro-para-tu-2-1000x1000-1.webp | https://www.distribuidordeherramientas.es/wp-content/uploads/2026/07/interruptor-de-control-remoto-inalambrico-220v-sonoff-compacto-y-seguro-para-tu-3-1000x1000-1.webp | https://www.distribuidordeherramientas.es/wp-content/uploads/2026/07/interruptor-de-control-remoto-inalambrico-220v-sonoff-compacto-y-seguro-para-tu-4-1000x1000-1.webp | https://www.distribuidordeherramientas.es/wp-content/uploads/2026/07/interruptor-de-control-remoto-inalambrico-220v-sonoff-compacto-y-seguro-para-tu-5-1000x1000-1.webp | https://www.distribuidordeherramientas.es/wp-content/uploads/2026/07/interruptor-de-control-remoto-inalambrico-220v-sonoff-compacto-y-seguro-para-tu-6-1000x1000-1.webp;0;;2026-07-29 04:16:04;2026-08-20 15:56:28
2.1;110741;2B100405-4ch-sonoff;simple;Interruptor WiFi Sonoff 4 Canales para Domótica Compatible con Alexa y Google Home;interruptor-wifi-sonoff-4-canales-para-domotica-compatible-con-alexa-y-google-home;https://www.distribuidordeherramientas.es/producto/interruptor-wifi-sonoff-4-canales-para-domotica-compatible-con-alexa-y-google-home/;publish;0;visible;Bricolaje;Herramientas para el hogar;Herramientas manuales de uso doméstico;47492;Interruptores y actuadores domóticos;44356,51773,51977,51789,51975,49198,51976;accesorio | Canales 4 | Compatibilidad Alexa y Google Home | Interfaz WiFi | Interruptores y actuadores domóticos | Programación y electrónica de control | SONOFF;product_brand;47258;SONOFF;;SATKIT;7616;2205;Electrónica y Componentes > Domótica y Smart Home;18.15;Interruptores y actuadores domóticos;accesorio;Domótica y automatización;;;Domótica y automatización;"[{""ambito"":""accesorio"",""tipo"":""compatibilidad"",""valor"":""Alexa y Google Home""},{""ambito"":""accesorio"",""tipo"":""conectividad"",""valor"":""Wi-Fi""},{""ambito"":""accesorio"",""tipo"":""marca"",""valor"":""SONOFF""},{""ambito"":""accesorio"",""tipo"":""numero_canales"",""valor"":""4""},{""ambito"":""accesorio"",""tipo"":""numero_canales"",""valor"":""4 Canales""},{""ambito"":""accesorio"",""tipo"":""producto"",""valor"":""Interruptores y actuadores domóticos""}]";accesorio:compatibilidad=Alexa y Google Home | accesorio:conectividad=Wi-Fi | accesorio:marca=SONOFF | accesorio:numero_canales=4 | accesorio:numero_canales=4 Canales | accesorio:producto=Interruptores y actuadores domóticos;"[{""name"":""Compatibilidad"",""taxonomy"":"""",""is_taxonomy"":0,""options"":[""Alexa y Google Home""],""visible"":1,""variation"":0,""position"":0},{""name"":""Interfaz"",""taxonomy"":"""",""is_taxonomy"":0,""options"":[""WiFi""],""visible"":1,""variation"":0,""position"":1},{""name"":""Canales"",""taxonomy"":"""",""is_taxonomy"":0,""options"":[""4 Canales""],""visible"":1,""variation"":0,""position"":3}]";"Interruptor WiFi Sonoff 4 Canales para Domótica Compatible con Alexa y Google Home es un producto pensado para el uso indicado por su categoría y sus características verificadas. Sus datos verificados incluyen compatibilidad: Alexa y Google Home; interfaz: WiFi; canales: 4; canales: 4 Canales. Antes de comprar, comprueba las medidas, el modelo, la compatibilidad y los datos técnicos indicados para confirmar que corresponde a la aplicación prevista. Referencia: 2B100405-4ch-sonoff.";"<h2>Descripción</h2><p><strong>Interruptor WiFi Sonoff 4 Canales para Domótica Compatible con Alexa y Google Home</strong> es un producto pensado para el uso indicado por su categoría y sus características verificadas dentro de la categoría interruptores y actuadores domóticos. Su identificación y características permiten diferenciarlo de otras referencias parecidas.</p><p>Sus especificaciones verificadas incluyen compatibilidad: Alexa y Google Home; interfaz: WiFi; canales: 4; canales: 4 Canales. Estos datos permiten comparar esta referencia con otros modelos y escoger la opción que encaje con el trabajo previsto.</p><p>Antes de elegirlo, comprueba las medidas, el modelo, la compatibilidad y los datos técnicos indicados. Esta revisión es especialmente importante cuando se utiliza como recambio, accesorio o elemento de conexión.</p><h2>Características verificadas</h2><ul><li><strong>Compatibilidad:</strong> Alexa y Google Home.</li><li><strong>Interfaz:</strong> WiFi.</li><li><strong>Canales:</strong> 4.</li><li><strong>Canales:</strong> 4 Canales.</li><li><strong>Marca:</strong> SONOFF.</li><li><strong>Referencia:</strong> 2B100405-4ch-sonoff.</li></ul>";26.32;21.78;21.78;EUR;taxable;;0;;outofstock;no;0;;;;;0;0;0;;110742;https://www.distribuidordeherramientas.es/wp-content/uploads/2026/07/interruptor-wifi-sonoff-4-canales-para-domotica-compatible-con-alexa-y-google-1000x1000-1.webp;110743,110744,110745,110746,110747,110748,110749;https://www.distribuidordeherramientas.es/wp-content/uploads/2026/07/interruptor-wifi-sonoff-4-canales-para-domotica-compatible-con-alexa-y-google-2-1000x1000-1.webp | https://www.distribuidordeherramientas.es/wp-content/uploads/2026/07/interruptor-wifi-sonoff-4-canales-para-domotica-compatible-con-alexa-y-google-3-1000x1000-1.webp | https://www.distribuidordeherramientas.es/wp-content/uploads/2026/07/interruptor-wifi-sonoff-4-canales-para-domotica-compatible-con-alexa-y-google-4-1000x1000-1.webp | https://www.distribuidordeherramientas.es/wp-content/uploads/2026/07/interruptor-wifi-sonoff-4-canales-para-domotica-compatible-con-alexa-y-google-5-1000x1000-1.webp | https://www.distribuidordeherramientas.es/wp-content/uploads/2026/07/interruptor-wifi-sonoff-4-canales-para-domotica-compatible-con-alexa-y-google-6-1000x1000-1.webp | https://www.distribuidordeherramientas.es/wp-content/uploads/2026/07/interruptor-wifi-sonoff-4-canales-para-domotica-compatible-con-alexa-y-google-7-1000x1000-1.webp | https://www.distribuidordeherramientas.es/wp-content/uploads/2026/07/interruptor-wifi-sonoff-4-canales-para-domotica-compatible-con-alexa-y-google-8-1000x1000-1.webp;0;;2026-07-28 21:33:02;2026-08-20 15:56:28
2.1;110750;2B110305-pulsador-tactil-sonoff;simple;Interruptor WiFi Sonoff táctil básico para domótica compatible Alexa y Google Home;interruptor-wifi-sonoff-tactil-basico-para-domotica-compatible-alexa-y-google-home;https://www.distribuidordeherramientas.es/producto/interruptor-wifi-sonoff-tactil-basico-para-domotica-compatible-alexa-y-google-home/;publish;0;visible;Bricolaje;Herramientas para el hogar;Herramientas manuales de uso doméstico;47492;Interruptores y actuadores domóticos;24170,51789,51975,49198,51976;Equipamiento | Interfaz WiFi | Interruptores y actuadores domóticos | Programación y electrónica de control | SONOFF;product_brand;47258;SONOFF;;SATKIT;7646;2206;Electrónica y Componentes > Domótica y Smart Home;16.34;Interruptores y actuadores domóticos;accesorio;Domótica y automatización;;módulo de control;Domótica y automatización | módulo de control;"[{""ambito"":""accesorio"",""tipo"":""conectividad"",""valor"":""Wi-Fi""},{""ambito"":""accesorio"",""tipo"":""marca"",""valor"":""SONOFF""},{""ambito"":""accesorio"",""tipo"":""producto"",""valor"":""Interruptores y actuadores domóticos""},{""ambito"":""accesorio"",""tipo"":""subtipo"",""valor"":""módulo de control""}]";accesorio:conectividad=Wi-Fi | accesorio:marca=SONOFF | accesorio:producto=Interruptores y actuadores domóticos | accesorio:subtipo=módulo de control;"[{""name"":""Interfaz"",""taxonomy"":"""",""is_taxonomy"":0,""options"":[""WiFi""],""visible"":1,""variation"":0,""position"":0}]";Interruptor WiFi Sonoff táctil básico para domótica compatible Alexa y Google Home es un producto pensado para el uso indicado por su categoría y sus características verificadas. Sus datos verificados incluyen interfaz: WiFi. Antes de comprar, comprueba las medidas, el modelo, la compatibilidad y los datos técnicos indicados para confirmar que corresponde a la aplicación prevista. Referencia: 2B110305-pulsador-tactil-sonoff.;<h2>Descripción</h2><p><strong>Interruptor WiFi Sonoff táctil básico para domótica compatible Alexa y Google Home</strong> es un producto pensado para el uso indicado por su categoría y sus características verificadas dentro de la categoría interruptores y actuadores domóticos. Su identificación y características permiten diferenciarlo de otras referencias parecidas.</p><p>Sus especificaciones verificadas incluyen interfaz: WiFi. Estos datos permiten comparar esta referencia con otros modelos y escoger la opción que encaje con el trabajo previsto.</p><p>Antes de elegirlo, comprueba las medidas, el modelo, la compatibilidad y los datos técnicos indicados. Esta revisión es especialmente importante cuando se utiliza como recambio, accesorio o elemento de conexión.</p><h2>Características verificadas</h2><ul><li><strong>Interfaz:</strong> WiFi.</li><li><strong>Marca:</strong> SONOFF.</li><li><strong>Referencia:</strong> 2B110305-pulsador-tactil-sonoff.</li></ul>;23.69;19.61;19.61;EUR;taxable;;0;;instock;no;0;;;;;0;0;0;;110751;https://www.distribuidordeherramientas.es/wp-content/uploads/2026/07/interruptor-wifi-sonoff-tactil-basico-para-domotica-compatible-alexa-y-google-1000x1000-1.webp;110752,110753,110754,110755,110756,110127;https://www.distribuidordeherramientas.es/wp-content/uploads/2026/07/interruptor-wifi-sonoff-tactil-basico-para-domotica-compatible-alexa-y-google-2-1000x1000-1.webp | https://www.distribuidordeherramientas.es/wp-content/uploads/2026/07/interruptor-wifi-sonoff-tactil-basico-para-domotica-compatible-alexa-y-google-3-1000x1000-1.webp | https://www.distribuidordeherramientas.es/wp-content/uploads/2026/07/interruptor-wifi-sonoff-tactil-basico-para-domotica-compatible-alexa-y-google-4-1000x1000-1.webp | https://www.distribuidordeherramientas.es/wp-content/uploads/2026/07/interruptor-wifi-sonoff-tactil-basico-para-domotica-compatible-alexa-y-google-5-1000x1000-1.webp | https://www.distribuidordeherramientas.es/wp-content/uploads/2026/07/interruptor-wifi-sonoff-tactil-basico-para-domotica-compatible-alexa-y-google-6-1000x1000-1.webp | https://www.distribuidordeherramientas.es/wp-content/uploads/2026/07/conmutador-wifi-sonoff-basic-para-domotica-compatible-con-alexa-y-google-home-5-1000x1000-1.webp;0;;2026-07-28 21:33:06;2026-08-20 15:56:28
2.1;111554;1b070203-DW2-WiFi;simple;SONOFF SDW2 WiFi Sensor de apertura para puerta y ventana inalámbrico;sonoff-sdw2-wifi-sensor-de-apertura-para-puerta-y-ventana-inalambrico;https://www.distribuidordeherramientas.es/producto/sonoff-sdw2-wifi-sensor-de-apertura-para-puerta-y-ventana-inalambrico/;publish;0;visible;Bricolaje;Herramientas para el hogar;Herramientas manuales de uso doméstico;47493;Sensores, pasarelas y accesorios domóticos;44356,51789,52260,49198,52259,51976;accesorio | Interfaz WiFi | pasarelas y accesorios domóticos | Programación y electrónica de control | Sensores | SONOFF;product_brand;47258;SONOFF;;SATKIT;8330;3598;Electrónica y Componentes > Domótica y Smart Home;8.47;Sensor de apertura de puerta/ventana;accesorio;Domótica y automatización;;;Domótica y automatización;"[{""ambito"":""accesorio"",""tipo"":""conectividad"",""valor"":""Wi-Fi""},{""ambito"":""accesorio"",""tipo"":""marca"",""valor"":""SONOFF""},{""ambito"":""accesorio"",""tipo"":""producto"",""valor"":""Sensores, pasarelas y accesorios domóticos""},{""ambito"":""accesorio"",""tipo"":""subtipo"",""valor"":""sonoff sdw2 wifi sensor de apertura para puerta y ventana inalambrico""}]";accesorio:conectividad=Wi-Fi | accesorio:marca=SONOFF | accesorio:producto=Sensores, pasarelas y accesorios domóticos | accesorio:subtipo=sonoff sdw2 wifi sensor de apertura para puerta y ventana inalambrico;"[{""name"":""Interfaz"",""taxonomy"":"""",""is_taxonomy"":0,""options"":[""WiFi""],""visible"":1,""variation"":0,""position"":0}]";SONOFF SDW2 WiFi Sensor de apertura para puerta y ventana inalámbrico es un producto pensado para montaje, prototipado y reparación de circuitos electrónicos. Sus datos verificados incluyen interfaz: WiFi. Antes de comprar, comprueba la tensión de trabajo, la interfaz, el encapsulado, el pinout y las dimensiones para confirmar que corresponde a la aplicación prevista. Referencia: 1b070203-DW2-WiFi.;<h2>Descripción</h2><p><strong>SONOFF SDW2 WiFi Sensor de apertura para puerta y ventana inalámbrico</strong> es un producto pensado para montaje, prototipado y reparación de circuitos electrónicos dentro de la categoría sensores, pasarelas y accesorios domóticos. Su identificación y características permiten diferenciarlo de otras referencias parecidas.</p><p>Sus especificaciones verificadas incluyen interfaz: WiFi. Estos datos permiten comparar esta referencia con otros modelos y escoger la opción que encaje con el trabajo previsto.</p><p>Antes de elegirlo, comprueba la tensión de trabajo, la interfaz, el encapsulado, el pinout y las dimensiones. Esta revisión es especialmente importante cuando se utiliza como recambio, accesorio o elemento de conexión.</p><h2>Características verificadas</h2><ul><li><strong>Interfaz:</strong> WiFi.</li><li><strong>Marca:</strong> SONOFF.</li><li><strong>Referencia:</strong> 1b070203-DW2-WiFi.</li></ul>;12.28;10.16;10.16;EUR;taxable;;0;;instock;no;0;;;;;0;0;0;;111555;https://www.distribuidordeherramientas.es/wp-content/uploads/2026/07/sonoff-sdw2-wifi-sensor-de-apertura-para-puerta-y-ventana-inalambrico-1000x1000-1.webp;111556,111557,111558,111559,111560,111561,111562,111563,111564,111565,111566,111567,111568;https://www.distribuidordeherramientas.es/wp-content/uploads/2026/07/sonoff-sdw2-wifi-sensor-de-apertura-para-puerta-y-ventana-inalambrico-2-1000x1000-1.webp | https://www.distribuidordeherramientas.es/wp-content/uploads/2026/07/sonoff-sdw2-wifi-sensor-de-apertura-para-puerta-y-ventana-inalambrico-3-1000x1000-1.webp | https://www.distribuidordeherramientas.es/wp-content/uploads/2026/07/sonoff-sdw2-wifi-sensor-de-apertura-para-puerta-y-ventana-inalambrico-4-1000x1000-1.webp | https://www.distribuidordeherramientas.es/wp-content/uploads/2026/07/sonoff-sdw2-wifi-sensor-de-apertura-para-puerta-y-ventana-inalambrico-5-1000x1000-1.webp | https://www.distribuidordeherramientas.es/wp-content/uploads/2026/07/sonoff-sdw2-wifi-sensor-de-apertura-para-puerta-y-ventana-inalambrico-6-1000x1000-1.webp | https://www.distribuidordeherramientas.es/wp-content/uploads/2026/07/sonoff-sdw2-wifi-sensor-de-apertura-para-puerta-y-ventana-inalambrico-7-1000x1000-1.webp | https://www.distribuidordeherramientas.es/wp-content/uploads/2026/07/sonoff-sdw2-wifi-sensor-de-apertura-para-puerta-y-ventana-inalambrico-8-1000x1000-1.webp | https://www.distribuidordeherramientas.es/wp-content/uploads/2026/07/sonoff-sdw2-wifi-sensor-de-apertura-para-puerta-y-ventana-inalambrico-9-1000x1000-1.webp | https://www.distribuidordeherramientas.es/wp-content/uploads/2026/07/sonoff-sdw2-wifi-sensor-de-apertura-para-puerta-y-ventana-inalambrico-10-1000x1000-1.webp | https://www.distribuidordeherramientas.es/wp-content/uploads/2026/07/sonoff-sdw2-wifi-sensor-de-apertura-para-puerta-y-ventana-inalambrico-11-1000x1000-1.webp | https://www.distribuidordeherramientas.es/wp-content/uploads/2026/07/sonoff-sdw2-wifi-sensor-de-apertura-para-puerta-y-ventana-inalambrico-12-1000x1000-1.webp | https://www.distribuidordeherramientas.es/wp-content/uploads/2026/07/sonoff-sdw2-wifi-sensor-de-apertura-para-puerta-y-ventana-inalambrico-13-1000x1000-1.webp | https://www.distribuidordeherramientas.es/wp-content/uploads/2026/07/sonoff-sdw2-wifi-sensor-de-apertura-para-puerta-y-ventana-inalambrico-14-1000x1000-1.webp;0;;2026-07-29 04:16:04;2026-08-20 15:56:34
2.1;111569;1b070901-SNZB-04;simple;SONOFF SNZB-04 - Sensor de apertura puerta ZigBee inalámbrico para domótica;sonoff-snzb-04-sensor-de-apertura-puerta-zigbee-inalambrico-para-domotica;https://www.distribuidordeherramientas.es/producto/sonoff-snzb-04-sensor-de-apertura-puerta-zigbee-inalambrico-para-domotica/;publish;0;visible;Bricolaje;Herramientas para el hogar;Herramientas manuales de uso doméstico;47493;Sensores, pasarelas y accesorios domóticos;44356,52260,49198,52259,51976;accesorio | pasarelas y accesorios domóticos | Programación y electrónica de control | Sensores | SONOFF;product_brand;47258;SONOFF;;SATKIT;8318;3599;Electrónica y Componentes > Domótica y Smart Home;8.4;Sensor/dispositivo domótico;accesorio;Domótica y automatización;;;Domótica y automatización;"[{""ambito"":""accesorio"",""tipo"":""marca"",""valor"":""SONOFF""},{""ambito"":""accesorio"",""tipo"":""producto"",""valor"":""Sensores, pasarelas y accesorios domóticos""},{""ambito"":""accesorio"",""tipo"":""subtipo"",""valor"":""sonoff snzb 04""}]";accesorio:marca=SONOFF | accesorio:producto=Sensores, pasarelas y accesorios domóticos | accesorio:subtipo=sonoff snzb 04;[];SONOFF SNZB-04 - Sensor de apertura puerta ZigBee inalámbrico para domótica es un producto pensado para montaje, prototipado y reparación de circuitos electrónicos. Se identifica por el modelo indicado y la referencia 1b070901-SNZB-04. Antes de comprar, comprueba la tensión de trabajo, la interfaz, el encapsulado, el pinout y las dimensiones para confirmar que corresponde a la aplicación prevista.;<h2>Descripción</h2><p><strong>SONOFF SNZB-04 - Sensor de apertura puerta ZigBee inalámbrico para domótica</strong> es un producto pensado para montaje, prototipado y reparación de circuitos electrónicos dentro de la categoría sensores, pasarelas y accesorios domóticos. Su identificación y características permiten diferenciarlo de otras referencias parecidas.</p><p>Esta referencia se identifica por el modelo indicado en el título y por el SKU 1b070901-SNZB-04. Comprueba que el modelo y la referencia coincidan con la pieza, equipo o versión que necesitas antes de realizar la compra.</p><p>Antes de elegirlo, comprueba la tensión de trabajo, la interfaz, el encapsulado, el pinout y las dimensiones. Esta revisión es especialmente importante cuando se utiliza como recambio, accesorio o elemento de conexión.</p><h2>Características verificadas</h2><ul><li><strong>Marca:</strong> SONOFF.</li><li><strong>Referencia:</strong> 1b070901-SNZB-04.</li><li><strong>Categoría:</strong> Sensores, pasarelas y accesorios domóticos.</li></ul>;12.18;10.08;10.08;EUR;taxable;;0;;outofstock;no;0;;;;;0;0;0;;111570;https://www.distribuidordeherramientas.es/wp-content/uploads/2026/07/sonoff-snzb-04-sensor-de-apertura-puerta-zigbee-inalambrico-para-domotica-1000x1000-1.webp;111571,111572,111573,111574,111575,111576,111577,111578,111579;https://www.distribuidordeherramientas.es/wp-content/uploads/2026/07/sonoff-snzb-04-sensor-de-apertura-puerta-zigbee-inalambrico-para-domotica-2-1000x1000-1.webp | https://www.distribuidordeherramientas.es/wp-content/uploads/2026/07/sonoff-snzb-04-sensor-de-apertura-puerta-zigbee-inalambrico-para-domotica-3-1000x1000-1.webp | https://www.distribuidordeherramientas.es/wp-content/uploads/2026/07/sonoff-snzb-04-sensor-de-apertura-puerta-zigbee-inalambrico-para-domotica-4-1000x1000-1.webp | https://www.distribuidordeherramientas.es/wp-content/uploads/2026/07/sonoff-snzb-04-sensor-de-apertura-puerta-zigbee-inalambrico-para-domotica-5-1000x1000-1.webp | https://www.distribuidordeherramientas.es/wp-content/uploads/2026/07/sonoff-snzb-04-sensor-de-apertura-puerta-zigbee-inalambrico-para-domotica-6-1000x1000-1.webp | https://www.distribuidordeherramientas.es/wp-content/uploads/2026/07/sonoff-snzb-04-sensor-de-apertura-puerta-zigbee-inalambrico-para-domotica-7-1000x1000-1.webp | https://www.distribuidordeherramientas.es/wp-content/uploads/2026/07/sonoff-snzb-04-sensor-de-apertura-puerta-zigbee-inalambrico-para-domotica-8-1000x1000-1.webp | https://www.distribuidordeherramientas.es/wp-content/uploads/2026/07/sonoff-snzb-04-sensor-de-apertura-puerta-zigbee-inalambrico-para-domotica-9-1000x1000-1.webp | https://www.distribuidordeherramientas.es/wp-content/uploads/2026/07/sonoff-snzb-04-sensor-de-apertura-puerta-zigbee-inalambrico-para-domotica-10-1000x1000-1.webp;0;;2026-07-29 04:16:05;2026-08-20 15:56:34
2.1;111665;1b070801-DW2-RF;simple;Sensor puerta ventana inalámbrico SONOFF DW2 RF para alarma de seguridad doméstica;sensor-puerta-ventana-inalambrico-sonoff-dw2-rf-para-alarma-de-seguridad-domestica;https://www.distribuidordeherramientas.es/producto/sensor-puerta-ventana-inalambrico-sonoff-dw2-rf-para-alarma-de-seguridad-domestica/;publish;0;visible;Bricolaje;Herramientas para el hogar;Herramientas manuales de uso doméstico;47493;Sensores, pasarelas y accesorios domóticos;44356,52260,49198,52259,51976;accesorio | pasarelas y accesorios domóticos | Programación y electrónica de control | Sensores | SONOFF;product_brand;47258;SONOFF;;SATKIT;8332;3624;Electrónica y Componentes > Domótica y Smart Home;6.05;Sensor de apertura de puerta/ventana;accesorio;Domótica y automatización;;;Domótica y automatización;"[{""ambito"":""accesorio"",""tipo"":""marca"",""valor"":""SONOFF""},{""ambito"":""accesorio"",""tipo"":""producto"",""valor"":""Sensores, pasarelas y accesorios domóticos""},{""ambito"":""accesorio"",""tipo"":""subtipo"",""valor"":""sensor puerta ventana inalambrico sonoff dw2 rf para alarma de seguridad domestica""}]";accesorio:marca=SONOFF | accesorio:producto=Sensores, pasarelas y accesorios domóticos | accesorio:subtipo=sensor puerta ventana inalambrico sonoff dw2 rf para alarma de seguridad domestica;[];Sensor puerta ventana inalámbrico SONOFF DW2 RF para alarma de seguridad doméstica es un producto pensado para montaje, prototipado y reparación de circuitos electrónicos. Se identifica por el modelo indicado y la referencia 1b070801-DW2-RF. Antes de comprar, comprueba la tensión de trabajo, la interfaz, el encapsulado, el pinout y las dimensiones para confirmar que corresponde a la aplicación prevista.;<h2>Descripción</h2><p><strong>Sensor puerta ventana inalámbrico SONOFF DW2 RF para alarma de seguridad doméstica</strong> es un producto pensado para montaje, prototipado y reparación de circuitos electrónicos dentro de la categoría sensores, pasarelas y accesorios domóticos. Su identificación y características permiten diferenciarlo de otras referencias parecidas.</p><p>Esta referencia se identifica por el modelo indicado en el título y por el SKU 1b070801-DW2-RF. Comprueba que el modelo y la referencia coincidan con la pieza, equipo o versión que necesitas antes de realizar la compra.</p><p>Antes de elegirlo, comprueba la tensión de trabajo, la interfaz, el encapsulado, el pinout y las dimensiones. Esta revisión es especialmente importante cuando se utiliza como recambio, accesorio o elemento de conexión.</p><h2>Características verificadas</h2><ul><li><strong>Marca:</strong> SONOFF.</li><li><strong>Referencia:</strong> 1b070801-DW2-RF.</li><li><strong>Categoría:</strong> Sensores, pasarelas y accesorios domóticos.</li></ul>;8.77;7.26;7.26;EUR;taxable;;0;;instock;no;0;;;;;0;0;0;;111666;https://www.distribuidordeherramientas.es/wp-content/uploads/2026/07/sensor-puerta-ventana-inalambrico-sonoff-dw2-rf-para-alarma-de-seguridad-1000x1000-1.webp;111667,111668,111669,111670,111671,111672,111673,111674,111675,111676,111677,111678,111679;https://www.distribuidordeherramientas.es/wp-content/uploads/2026/07/sensor-puerta-ventana-inalambrico-sonoff-dw2-rf-para-alarma-de-seguridad-2-1000x1000-1.webp | https://www.distribuidordeherramientas.es/wp-content/uploads/2026/07/sensor-puerta-ventana-inalambrico-sonoff-dw2-rf-para-alarma-de-seguridad-3-1000x1000-1.webp | https://www.distribuidordeherramientas.es/wp-content/uploads/2026/07/sensor-puerta-ventana-inalambrico-sonoff-dw2-rf-para-alarma-de-seguridad-4-1000x1000-1.webp | https://www.distribuidordeherramientas.es/wp-content/uploads/2026/07/sensor-puerta-ventana-inalambrico-sonoff-dw2-rf-para-alarma-de-seguridad-5-1000x1000-1.webp | https://www.distribuidordeherramientas.es/wp-content/uploads/2026/07/sensor-puerta-ventana-inalambrico-sonoff-dw2-rf-para-alarma-de-seguridad-6-1000x1000-1.webp | https://www.distribuidordeherramientas.es/wp-content/uploads/2026/07/sensor-puerta-ventana-inalambrico-sonoff-dw2-rf-para-alarma-de-seguridad-7-1000x1000-1.webp | https://www.distribuidordeherramientas.es/wp-content/uploads/2026/07/sensor-puerta-ventana-inalambrico-sonoff-dw2-rf-para-alarma-de-seguridad-8-1000x1000-1.webp | https://www.distribuidordeherramientas.es/wp-content/uploads/2026/07/sensor-puerta-ventana-inalambrico-sonoff-dw2-rf-para-alarma-de-seguridad-9-1000x1000-1.webp | https://www.distribuidordeherramientas.es/wp-content/uploads/2026/07/sensor-puerta-ventana-inalambrico-sonoff-dw2-rf-para-alarma-de-seguridad-10-1000x1000-1.webp | https://www.distribuidordeherramientas.es/wp-content/uploads/2026/07/sensor-puerta-ventana-inalambrico-sonoff-dw2-rf-para-alarma-de-seguridad-11-1000x1000-1.webp | https://www.distribuidordeherramientas.es/wp-content/uploads/2026/07/sensor-puerta-ventana-inalambrico-sonoff-dw2-rf-para-alarma-de-seguridad-12-1000x1000-1.webp | https://www.distribuidordeherramientas.es/wp-content/uploads/2026/07/sensor-puerta-ventana-inalambrico-sonoff-dw2-rf-para-alarma-de-seguridad-13-1000x1000-1.webp | https://www.distribuidordeherramientas.es/wp-content/uploads/2026/07/sensor-puerta-ventana-inalambrico-sonoff-dw2-rf-para-alarma-de-seguridad-14-1000x1000-1.webp;0;;2026-07-29 04:16:05;2026-08-20 15:56:34
2.1;111736;2a140105-sonoff-pro-4ch-r2;simple;Sonoff 4ch Pro R3 Interruptor Wifi 4 Canales para Domótica Compatible con Alexa y Google Home;sonoff-4ch-pro-r3-interruptor-wifi-4-canales-para-domotica-compatible-con-alexa-y-google-home;https://www.distribuidordeherramientas.es/producto/sonoff-4ch-pro-r3-interruptor-wifi-4-canales-para-domotica-compatible-con-alexa-y-google-home/;publish;0;visible;Bricolaje;Herramientas para el hogar;Herramientas manuales de uso doméstico;47492;Interruptores y actuadores domóticos;44356,51773,51977,51789,51975,49198,51976;accesorio | Canales 4 | Compatibilidad Alexa y Google Home | Interfaz WiFi | Interruptores y actuadores domóticos | Programación y electrónica de control | SONOFF;product_brand;47258;SONOFF;;SATKIT;7803;3708;Electrónica y Componentes > Domótica y Smart Home;27.83;Interruptores y actuadores domóticos;accesorio;Domótica y automatización;;;Domótica y automatización;"[{""ambito"":""accesorio"",""tipo"":""compatibilidad"",""valor"":""Alexa y Google Home""},{""ambito"":""accesorio"",""tipo"":""conectividad"",""valor"":""Wi-Fi""},{""ambito"":""accesorio"",""tipo"":""marca"",""valor"":""SONOFF""},{""ambito"":""accesorio"",""tipo"":""numero_canales"",""valor"":""4""},{""ambito"":""accesorio"",""tipo"":""numero_canales"",""valor"":""4 Canales""},{""ambito"":""accesorio"",""tipo"":""producto"",""valor"":""Interruptores y actuadores domóticos""}]";accesorio:compatibilidad=Alexa y Google Home | accesorio:conectividad=Wi-Fi | accesorio:marca=SONOFF | accesorio:numero_canales=4 | accesorio:numero_canales=4 Canales | accesorio:producto=Interruptores y actuadores domóticos;"[{""name"":""Compatibilidad"",""taxonomy"":"""",""is_taxonomy"":0,""options"":[""Alexa y Google Home""],""visible"":1,""variation"":0,""position"":0},{""name"":""Interfaz"",""taxonomy"":"""",""is_taxonomy"":0,""options"":[""Wifi""],""visible"":1,""variation"":0,""position"":1},{""name"":""Canales"",""taxonomy"":"""",""is_taxonomy"":0,""options"":[""4 Canales""],""visible"":1,""variation"":0,""position"":3}]";"Sonoff 4ch Pro R3 Interruptor Wifi 4 Canales para Domótica Compatible con Alexa y Google Home es un producto pensado para el uso indicado por su categoría y sus características verificadas. Sus datos verificados incluyen compatibilidad: Alexa y Google Home; interfaz: Wifi; canales: 4; canales: 4 Canales. Antes de comprar, comprueba las medidas, el modelo, la compatibilidad y los datos técnicos indicados para confirmar que corresponde a la aplicación prevista. Referencia: 2a140105-sonoff-pro-4ch-r2.";"<h2>Descripción</h2><p><strong>Sonoff 4ch Pro R3 Interruptor Wifi 4 Canales para Domótica Compatible con Alexa y Google Home</strong> es un producto pensado para el uso indicado por su categoría y sus características verificadas dentro de la categoría interruptores y actuadores domóticos. Su identificación y características permiten diferenciarlo de otras referencias parecidas.</p><p>Sus especificaciones verificadas incluyen compatibilidad: Alexa y Google Home; interfaz: Wifi; canales: 4; canales: 4 Canales. Estos datos permiten comparar esta referencia con otros modelos y escoger la opción que encaje con el trabajo previsto.</p><p>Antes de elegirlo, comprueba las medidas, el modelo, la compatibilidad y los datos técnicos indicados. Esta revisión es especialmente importante cuando se utiliza como recambio, accesorio o elemento de conexión.</p><h2>Características verificadas</h2><ul><li><strong>Compatibilidad:</strong> Alexa y Google Home.</li><li><strong>Interfaz:</strong> Wifi.</li><li><strong>Canales:</strong> 4.</li><li><strong>Canales:</strong> 4 Canales.</li><li><strong>Marca:</strong> SONOFF.</li><li><strong>Referencia:</strong> 2a140105-sonoff-pro-4ch-r2.</li></ul>";40.35;33.4;33.4;EUR;taxable;;0;;outofstock;no;0;;;;;0;0;0;;111737;https://www.distribuidordeherramientas.es/wp-content/uploads/2026/07/sonoff-4ch-pro-r3-interruptor-wifi-4-canales-para-domotica-compatible-con-alexa-1000x1000-1.webp;111738,111739,111740,111741,111742,111743,111744,111745,111746,111747;https://www.distribuidordeherramientas.es/wp-content/uploads/2026/07/sonoff-4ch-pro-r3-interruptor-wifi-4-canales-para-domotica-compatible-con-alexa-2-1000x1000-1.webp | https://www.distribuidordeherramientas.es/wp-content/uploads/2026/07/sonoff-4ch-pro-r3-interruptor-wifi-4-canales-para-domotica-compatible-con-alexa-3-1000x1000-1.webp | https://www.distribuidordeherramientas.es/wp-content/uploads/2026/07/sonoff-4ch-pro-r3-interruptor-wifi-4-canales-para-domotica-compatible-con-alexa-4-1000x1000-1.webp | https://www.distribuidordeherramientas.es/wp-content/uploads/2026/07/sonoff-4ch-pro-r3-interruptor-wifi-4-canales-para-domotica-compatible-con-alexa-5-1000x1000-1.webp | https://www.distribuidordeherramientas.es/wp-content/uploads/2026/07/sonoff-4ch-pro-r3-interruptor-wifi-4-canales-para-domotica-compatible-con-alexa-6-1000x1000-1.webp | https://www.distribuidordeherramientas.es/wp-content/uploads/2026/07/sonoff-4ch-pro-r3-interruptor-wifi-4-canales-para-domotica-compatible-con-alexa-7-1000x1000-1.webp | https://www.distribuidordeherramientas.es/wp-content/uploads/2026/07/sonoff-4ch-pro-r3-interruptor-wifi-4-canales-para-domotica-compatible-con-alexa-8-1000x1000-1.webp | https://www.distribuidordeherramientas.es/wp-content/uploads/2026/07/sonoff-4ch-pro-r3-interruptor-wifi-4-canales-para-domotica-compatible-con-alexa-9-1000x1000-1.webp | https://www.distribuidordeherramientas.es/wp-content/uploads/2026/07/sonoff-4ch-pro-r3-interruptor-wifi-4-canales-para-domotica-compatible-con-alexa-10-1000x1000-1.webp | https://www.distribuidordeherramientas.es/wp-content/uploads/2026/07/sonoff-4ch-pro-r3-interruptor-wifi-4-canales-para-domotica-compatible-con-alexa-11-1000x1000-1.webp;0;;2026-07-28 21:40:18;2026-08-20 15:56:35
2.1;111748;2D060302-sonoff-basic-ZBR3;simple;Sonoff Basic Zbr3 Zigbee Switch - Módulo Inalámbrico para Smart Home;sonoff-basic-zbr3-zigbee-switch-modulo-inalambrico-para-smart-home;https://www.distribuidordeherramientas.es/producto/sonoff-basic-zbr3-zigbee-switch-modulo-inalambrico-para-smart-home/;publish;0;visible;Bricolaje;Herramientas para el hogar;Herramientas manuales de uso doméstico;47492;Interruptores y actuadores domóticos;44356,51975,48715,51976;accesorio | Interruptores y actuadores domóticos | SATKIT | SONOFF;product_brand;47258;SONOFF;;SATKIT;7996;3709;Electrónica y Componentes > Domótica y Smart Home;11.13;Interruptores y actuadores domóticos;accesorio;Domótica y automatización;;;Domótica y automatización;"[{""ambito"":""accesorio"",""tipo"":""marca"",""valor"":""SONOFF""},{""ambito"":""accesorio"",""tipo"":""producto"",""valor"":""Basic Zbr3 Zigbee Switch - Módulo Inalámbrico para Smart""}]";accesorio:marca=SONOFF | accesorio:producto=Basic Zbr3 Zigbee Switch - Módulo Inalámbrico para Smart;[];Sonoff Basic Zbr3 Zigbee Switch - Módulo Inalámbrico para Smart Home. Clasificado en Interruptores y actuadores domóticos. Antes de comprar, confirma en la ficha concreta las medidas, capacidad, conexión o compatibilidad que correspondan al uso previsto.;<h2>Sonoff Basic Zbr3 Zigbee Switch - Módulo Inalámbrico para Smart Home</h2><p>Esta referencia está clasificada en <strong>Interruptores y actuadores domóticos</strong>.</p><h2>Antes de comprar</h2><p>Comprueba en la ficha concreta las medidas, capacidad, conexión, alimentación o compatibilidad que resulten relevantes para el uso previsto. No presupongas compatibilidad cuando no esté indicada de forma expresa.</p>;16.14;13.36;13.36;EUR;taxable;;0;;instock;no;0;;;;;0;0;0;;111749;https://www.distribuidordeherramientas.es/wp-content/uploads/2026/07/sonoff-basic-zbr3-zigbee-switch-modulo-inalambrico-para-smart-home-1000x1000-1.webp;111750,111751,111752,111753,111754,111755,111756,111757;https://www.distribuidordeherramientas.es/wp-content/uploads/2026/07/sonoff-basic-zbr3-zigbee-switch-modulo-inalambrico-para-smart-home-2-1000x1000-1.webp | https://www.distribuidordeherramientas.es/wp-content/uploads/2026/07/sonoff-basic-zbr3-zigbee-switch-modulo-inalambrico-para-smart-home-3-1000x1000-1.webp | https://www.distribuidordeherramientas.es/wp-content/uploads/2026/07/sonoff-basic-zbr3-zigbee-switch-modulo-inalambrico-para-smart-home-4-1000x1000-1.webp | https://www.distribuidordeherramientas.es/wp-content/uploads/2026/07/sonoff-basic-zbr3-zigbee-switch-modulo-inalambrico-para-smart-home-5-1000x1000-1.webp | https://www.distribuidordeherramientas.es/wp-content/uploads/2026/07/sonoff-basic-zbr3-zigbee-switch-modulo-inalambrico-para-smart-home-6-1000x1000-1.webp | https://www.distribuidordeherramientas.es/wp-content/uploads/2026/07/sonoff-basic-zbr3-zigbee-switch-modulo-inalambrico-para-smart-home-7-1000x1000-1.webp | https://www.distribuidordeherramientas.es/wp-content/uploads/2026/07/sonoff-basic-zbr3-zigbee-switch-modulo-inalambrico-para-smart-home-8-1000x1000-1.webp | https://www.distribuidordeherramientas.es/wp-content/uploads/2026/07/sonoff-basic-zbr3-zigbee-switch-modulo-inalambrico-para-smart-home-9-1000x1000-1.webp;0;;2026-07-28 21:40:25;2026-08-20 15:56:35
2.1;111758;2b130304-sonoff-dr;simple;Sonoff DR Riel DIN Carcasa Ajustable para Domótica - Soporte para Interruptores Sonoff;sonoff-dr-riel-din-carcasa-ajustable-para-domotica-soporte-para-interruptores-sonoff;https://www.distribuidordeherramientas.es/producto/sonoff-dr-riel-din-carcasa-ajustable-para-domotica-soporte-para-interruptores-sonoff/;publish;0;visible;Bricolaje;Herramientas para el hogar;Herramientas manuales de uso doméstico;47493;Sensores, pasarelas y accesorios domóticos;44356,52261,51953,52260,49198,52259,51976;accesorio | Compatibilidad Domótica - Soporte para Interruptores Sonoff | Interfaz RCA | pasarelas y accesorios domóticos | Programación y electrónica de control | Sensores | SONOFF;product_brand;47258;SONOFF;;SATKIT;7802;3711;Electrónica y Componentes > Domótica y Smart Home;3.27;Caja/carcasa de protección para domótica;accesorio;Domótica y automatización;;;Domótica y automatización;"[{""ambito"":""accesorio"",""tipo"":""compatibilidad"",""valor"":""Domótica - Soporte para Interruptores Sonoff""},{""ambito"":""accesorio"",""tipo"":""interfaz"",""valor"":""RCA""},{""ambito"":""accesorio"",""tipo"":""marca"",""valor"":""SONOFF""},{""ambito"":""accesorio"",""tipo"":""producto"",""valor"":""DR Riel DIN Carcasa Ajustable para Domótica - Soporte""},{""ambito"":""accesorio"",""tipo"":""subtipo"",""valor"":""sonoff dr riel din carcasa ajustable para domotica""}]";accesorio:compatibilidad=Domótica - Soporte para Interruptores Sonoff | accesorio:interfaz=RCA | accesorio:marca=SONOFF | accesorio:producto=DR Riel DIN Carcasa Ajustable para Domótica - Soporte | accesorio:subtipo=sonoff dr riel din carcasa ajustable para domotica;"[{""name"":""Compatibilidad"",""taxonomy"":"""",""is_taxonomy"":0,""options"":[""Domótica - Soporte para Interruptores Sonoff""],""visible"":1,""variation"":0,""position"":0},{""name"":""Interfaz"",""taxonomy"":"""",""is_taxonomy"":0,""options"":[""RCA""],""visible"":1,""variation"":0,""position"":1}]";"Sonoff DR Riel DIN Carcasa Ajustable para Domótica - Soporte para Interruptores Sonoff es un producto pensado para montaje, prototipado y reparación de circuitos electrónicos. Sus datos verificados incluyen compatibilidad: Domótica - Soporte para Interruptores Sonoff; interfaz: RCA. Antes de comprar, comprueba la tensión de trabajo, la interfaz, el encapsulado, el pinout y las dimensiones para confirmar que corresponde a la aplicación prevista. Referencia: 2b130304-sonoff-dr.";"<h2>Descripción</h2><p><strong>Sonoff DR Riel DIN Carcasa Ajustable para Domótica - Soporte para Interruptores Sonoff</strong> es un producto pensado para montaje, prototipado y reparación de circuitos electrónicos dentro de la categoría sensores, pasarelas y accesorios domóticos. Su identificación y características permiten diferenciarlo de otras referencias parecidas.</p><p>Sus especificaciones verificadas incluyen compatibilidad: Domótica - Soporte para Interruptores Sonoff; interfaz: RCA. Estos datos permiten comparar esta referencia con otros modelos y escoger la opción que encaje con el trabajo previsto.</p><p>Antes de elegirlo, comprueba la tensión de trabajo, la interfaz, el encapsulado, el pinout y las dimensiones. Esta revisión es especialmente importante cuando se utiliza como recambio, accesorio o elemento de conexión.</p><h2>Características verificadas</h2><ul><li><strong>Compatibilidad:</strong> Domótica - Soporte para Interruptores Sonoff.</li><li><strong>Interfaz:</strong> RCA.</li><li><strong>Marca:</strong> SONOFF.</li><li><strong>Referencia:</strong> 2b130304-sonoff-dr.</li></ul>";4.74;3.92;3.92;EUR;taxable;;0;;instock;no;0;;;;;0;0;0;;111759;https://www.distribuidordeherramientas.es/wp-content/uploads/2026/07/sonoff-dr-riel-din-carcasa-ajustable-para-domotica-soporte-para-interruptores-1000x1000-1.webp;111760,111761,111762,111763,111764,111765;https://www.distribuidordeherramientas.es/wp-content/uploads/2026/07/sonoff-dr-riel-din-carcasa-ajustable-para-domotica-soporte-para-interruptores-2-1000x1000-1.webp | https://www.distribuidordeherramientas.es/wp-content/uploads/2026/07/sonoff-dr-riel-din-carcasa-ajustable-para-domotica-soporte-para-interruptores-3-1000x1000-1.webp | https://www.distribuidordeherramientas.es/wp-content/uploads/2026/07/sonoff-dr-riel-din-carcasa-ajustable-para-domotica-soporte-para-interruptores-4-1000x1000-1.webp | https://www.distribuidordeherramientas.es/wp-content/uploads/2026/07/sonoff-dr-riel-din-carcasa-ajustable-para-domotica-soporte-para-interruptores-5-1000x1000-1.webp | https://www.distribuidordeherramientas.es/wp-content/uploads/2026/07/sonoff-dr-riel-din-carcasa-ajustable-para-domotica-soporte-para-interruptores-6-1000x1000-1.webp | https://www.distribuidordeherramientas.es/wp-content/uploads/2026/07/sonoff-dr-riel-din-carcasa-ajustable-para-domotica-soporte-para-interruptores-7-1000x1000-1.webp;0;;2026-07-28 21:40:30;2026-08-20 15:56:35
2.1;111766;2b070205-sonoff-dual-r3;simple;SONOFF DUAL R3 Interruptor inteligente dual con medición de potencia y control domótico;sonoff-dual-r3-interruptor-inteligente-dual-con-medicion-de-potencia-y-control-domotico;https://www.distribuidordeherramientas.es/producto/sonoff-dual-r3-interruptor-inteligente-dual-con-medicion-de-potencia-y-control-domotico/;publish;0;visible;Bricolaje;Herramientas para el hogar;Herramientas manuales de uso doméstico;47492;Interruptores y actuadores domóticos;44356,51975,49198,51976;accesorio | Interruptores y actuadores domóticos | Programación y electrónica de control | SONOFF;product_brand;47258;SONOFF;;SATKIT;8315;3712;Electrónica y Componentes > Domótica y Smart Home;13.31;Interruptores y actuadores domóticos;accesorio;Domótica y automatización;;;Domótica y automatización;"[{""ambito"":""accesorio"",""tipo"":""marca"",""valor"":""SONOFF""},{""ambito"":""accesorio"",""tipo"":""producto"",""valor"":""Interruptores y actuadores domóticos""}]";accesorio:marca=SONOFF | accesorio:producto=Interruptores y actuadores domóticos;[];SONOFF DUAL R3 Interruptor inteligente dual con medición de potencia y control domótico es un producto pensado para el uso indicado por su categoría y sus características verificadas. Se identifica por el modelo indicado y la referencia 2b070205-sonoff-dual-r3. Antes de comprar, comprueba las medidas, el modelo, la compatibilidad y los datos técnicos indicados para confirmar que corresponde a la aplicación prevista.;<h2>Descripción</h2><p><strong>SONOFF DUAL R3 Interruptor inteligente dual con medición de potencia y control domótico</strong> es un producto pensado para el uso indicado por su categoría y sus características verificadas dentro de la categoría interruptores y actuadores domóticos. Su identificación y características permiten diferenciarlo de otras referencias parecidas.</p><p>Esta referencia se identifica por el modelo indicado en el título y por el SKU 2b070205-sonoff-dual-r3. Comprueba que el modelo y la referencia coincidan con la pieza, equipo o versión que necesitas antes de realizar la compra.</p><p>Antes de elegirlo, comprueba las medidas, el modelo, la compatibilidad y los datos técnicos indicados. Esta revisión es especialmente importante cuando se utiliza como recambio, accesorio o elemento de conexión.</p><h2>Características verificadas</h2><ul><li><strong>Marca:</strong> SONOFF.</li><li><strong>Referencia:</strong> 2b070205-sonoff-dual-r3.</li><li><strong>Categoría:</strong> Interruptores y actuadores domóticos.</li></ul>;19.3;15.97;15.97;EUR;taxable;;0;;instock;no;0;;;;;0;0;0;;111767;https://www.distribuidordeherramientas.es/wp-content/uploads/2026/07/sonoff-dual-r3-interruptor-inteligente-dual-con-medicion-de-potencia-y-control-1000x1000-1.webp;111768,111769,111770,111771,111772,111773,111774,111775,111776,111777,111778;https://www.distribuidordeherramientas.es/wp-content/uploads/2026/07/sonoff-dual-r3-interruptor-inteligente-dual-con-medicion-de-potencia-y-control-2-1000x1000-1.webp | https://www.distribuidordeherramientas.es/wp-content/uploads/2026/07/sonoff-dual-r3-interruptor-inteligente-dual-con-medicion-de-potencia-y-control-3-1000x1000-1.webp | https://www.distribuidordeherramientas.es/wp-content/uploads/2026/07/sonoff-dual-r3-interruptor-inteligente-dual-con-medicion-de-potencia-y-control-4-1000x1000-1.webp | https://www.distribuidordeherramientas.es/wp-content/uploads/2026/07/sonoff-dual-r3-interruptor-inteligente-dual-con-medicion-de-potencia-y-control-5-1000x1000-1.webp | https://www.distribuidordeherramientas.es/wp-content/uploads/2026/07/sonoff-dual-r3-interruptor-inteligente-dual-con-medicion-de-potencia-y-control-6-1000x1000-1.webp | https://www.distribuidordeherramientas.es/wp-content/uploads/2026/07/sonoff-dual-r3-interruptor-inteligente-dual-con-medicion-de-potencia-y-control-7-1000x1000-1.webp | https://www.distribuidordeherramientas.es/wp-content/uploads/2026/07/sonoff-dual-r3-interruptor-inteligente-dual-con-medicion-de-potencia-y-control-8-1000x1000-1.webp | https://www.distribuidordeherramientas.es/wp-content/uploads/2026/07/sonoff-dual-r3-interruptor-inteligente-dual-con-medicion-de-potencia-y-control-9-1000x1000-1.webp | https://www.distribuidordeherramientas.es/wp-content/uploads/2026/07/sonoff-dual-r3-interruptor-inteligente-dual-con-medicion-de-potencia-y-control-10-1000x1000-1.webp | https://www.distribuidordeherramientas.es/wp-content/uploads/2026/07/sonoff-dual-r3-interruptor-inteligente-dual-con-medicion-de-potencia-y-control-11-1000x1000-1.webp | https://www.distribuidordeherramientas.es/wp-content/uploads/2026/07/sonoff-dual-r3-interruptor-inteligente-dual-con-medicion-de-potencia-y-control-12-1000x1000-1.webp;0;;2026-07-28 21:40:34;2026-08-20 15:56:35
2.1;111779;2a140306;simple;SONOFF DW1 Sensor de Ventana y Puerta 433Mhz para Seguridad Inteligente;sonoff-dw1-sensor-de-ventana-y-puerta-433mhz-para-seguridad-inteligente;https://www.distribuidordeherramientas.es/producto/sonoff-dw1-sensor-de-ventana-y-puerta-433mhz-para-seguridad-inteligente/;publish;0;visible;Bricolaje;Herramientas para el hogar;Herramientas manuales de uso doméstico;47493;Sensores, pasarelas y accesorios domóticos;44356,51978,52260,49198,52259,51976;accesorio | Frecuencia 433 MHz | pasarelas y accesorios domóticos | Programación y electrónica de control | Sensores | SONOFF;product_brand;47258;SONOFF;;SATKIT;7922;3713;Electrónica y Componentes > Domótica y Smart Home;6.05;Sensor de apertura de puerta/ventana;accesorio;Domótica y automatización;;;Domótica y automatización;"[{""ambito"":""accesorio"",""tipo"":""frecuencia"",""valor"":""433 MHz""},{""ambito"":""accesorio"",""tipo"":""marca"",""valor"":""SONOFF""},{""ambito"":""accesorio"",""tipo"":""producto"",""valor"":""Sensores, pasarelas y accesorios domóticos""}]";accesorio:frecuencia=433 MHz | accesorio:marca=SONOFF | accesorio:producto=Sensores, pasarelas y accesorios domóticos;"[{""name"":""Frecuencia"",""taxonomy"":"""",""is_taxonomy"":0,""options"":[""433 Mhz""],""visible"":1,""variation"":0,""position"":0}]";SONOFF DW1 Sensor de Ventana y Puerta 433Mhz para Seguridad Inteligente es un producto pensado para montaje, prototipado y reparación de circuitos electrónicos. Sus datos verificados incluyen frecuencia: 433 Mhz. Antes de comprar, comprueba la tensión de trabajo, la interfaz, el encapsulado, el pinout y las dimensiones para confirmar que corresponde a la aplicación prevista. Referencia: 2a140306.;<h2>Descripción</h2><p><strong>SONOFF DW1 Sensor de Ventana y Puerta 433Mhz para Seguridad Inteligente</strong> es un producto pensado para montaje, prototipado y reparación de circuitos electrónicos dentro de la categoría sensores, pasarelas y accesorios domóticos. Su identificación y características permiten diferenciarlo de otras referencias parecidas.</p><p>Sus especificaciones verificadas incluyen frecuencia: 433 Mhz. Estos datos permiten comparar esta referencia con otros modelos y escoger la opción que encaje con el trabajo previsto.</p><p>Antes de elegirlo, comprueba la tensión de trabajo, la interfaz, el encapsulado, el pinout y las dimensiones. Esta revisión es especialmente importante cuando se utiliza como recambio, accesorio o elemento de conexión.</p><h2>Características verificadas</h2><ul><li><strong>Frecuencia:</strong> 433 Mhz.</li><li><strong>Marca:</strong> SONOFF.</li><li><strong>Referencia:</strong> 2a140306.</li></ul>;8.77;7.26;7.26;EUR;taxable;;0;;instock;no;0;;;;;0;0;0;;111780;https://www.distribuidordeherramientas.es/wp-content/uploads/2026/07/sonoff-dw1-sensor-de-ventana-y-puerta-433mhz-para-seguridad-inteligente-1000x1000-1.webp;111781,111782,111783,111784,111785,111786,111787;https://www.distribuidordeherramientas.es/wp-content/uploads/2026/07/sonoff-dw1-sensor-de-ventana-y-puerta-433mhz-para-seguridad-inteligente-2-1000x1000-1.webp | https://www.distribuidordeherramientas.es/wp-content/uploads/2026/07/sonoff-dw1-sensor-de-ventana-y-puerta-433mhz-para-seguridad-inteligente-3-1000x1000-1.webp | https://www.distribuidordeherramientas.es/wp-content/uploads/2026/07/sonoff-dw1-sensor-de-ventana-y-puerta-433mhz-para-seguridad-inteligente-4-1000x1000-1.webp | https://www.distribuidordeherramientas.es/wp-content/uploads/2026/07/sonoff-dw1-sensor-de-ventana-y-puerta-433mhz-para-seguridad-inteligente-5-1000x1000-1.webp | https://www.distribuidordeherramientas.es/wp-content/uploads/2026/07/sonoff-dw1-sensor-de-ventana-y-puerta-433mhz-para-seguridad-inteligente-6-1000x1000-1.webp | https://www.distribuidordeherramientas.es/wp-content/uploads/2026/07/sonoff-dw1-sensor-de-ventana-y-puerta-433mhz-para-seguridad-inteligente-7-1000x1000-1.webp | https://www.distribuidordeherramientas.es/wp-content/uploads/2026/07/sonoff-dw1-sensor-de-ventana-y-puerta-433mhz-para-seguridad-inteligente-8-1000x1000-1.webp;0;;2026-07-28 21:40:40;2026-08-20 15:56:35
2.1;111788;2b130103-sonoff-waterproof-box-ip66;simple;Sonoff IP66 Caja Impermeable para Sonoff Basic - Protección Wifi Smart Home;sonoff-ip66-caja-impermeable-para-sonoff-basic-proteccion-wifi-smart-home;https://www.distribuidordeherramientas.es/producto/sonoff-ip66-caja-impermeable-para-sonoff-basic-proteccion-wifi-smart-home/;publish;0;visible;Bricolaje;Herramientas para el hogar;Herramientas manuales de uso doméstico;47493;Sensores, pasarelas y accesorios domóticos;44356,51789,52260,49198,52265,52259,51976,52263;accesorio | Interfaz WiFi | pasarelas y accesorios domóticos | Programación y electrónica de control | Proteccion ip IP66 | Sensores | SONOFF | Sonoff IP66 Caja Impermeable para Sonoff Basic;product_brand;47258;SONOFF;;SATKIT;7804;3714;Electrónica y Componentes > Domótica y Smart Home;3.15;Caja/carcasa de protección para domótica;accesorio;Domótica y automatización;;;Domótica y automatización;"[{""ambito"":""accesorio"",""tipo"":""conectividad"",""valor"":""Wi-Fi""},{""ambito"":""accesorio"",""tipo"":""marca"",""valor"":""SONOFF""},{""ambito"":""accesorio"",""tipo"":""producto"",""valor"":""Caja Impermeable para Sonoff Basic - Protección Wifi Smart""},{""ambito"":""accesorio"",""tipo"":""proteccion_ip"",""valor"":""IP66""},{""ambito"":""accesorio"",""tipo"":""subtipo"",""valor"":""sonoff ip66 caja impermeable para sonoff basic""}]";accesorio:conectividad=Wi-Fi | accesorio:marca=SONOFF | accesorio:producto=Caja Impermeable para Sonoff Basic - Protección Wifi Smart | accesorio:proteccion_ip=IP66 | accesorio:subtipo=sonoff ip66 caja impermeable para sonoff basic;"[{""name"":""Interfaz"",""taxonomy"":"""",""is_taxonomy"":0,""options"":[""Wifi""],""visible"":1,""variation"":0,""position"":0},{""name"":""Proteccion ip"",""taxonomy"":"""",""is_taxonomy"":0,""options"":[""IP66""],""visible"":1,""variation"":0,""position"":1}]";"Sonoff IP66 Caja Impermeable para Sonoff Basic - Protección Wifi Smart Home es un producto pensado para montaje, prototipado y reparación de circuitos electrónicos. Sus datos verificados incluyen interfaz: Wifi; proteccion ip: IP66. Antes de comprar, comprueba la tensión de trabajo, la interfaz, el encapsulado, el pinout y las dimensiones para confirmar que corresponde a la aplicación prevista. Referencia: 2b130103-sonoff-waterproof-box-ip66.";"<h2>Descripción</h2><p><strong>Sonoff IP66 Caja Impermeable para Sonoff Basic - Protección Wifi Smart Home</strong> es un producto pensado para montaje, prototipado y reparación de circuitos electrónicos dentro de la categoría sensores, pasarelas y accesorios domóticos. Su identificación y características permiten diferenciarlo de otras referencias parecidas.</p><p>Sus especificaciones verificadas incluyen interfaz: Wifi; proteccion ip: IP66. Estos datos permiten comparar esta referencia con otros modelos y escoger la opción que encaje con el trabajo previsto.</p><p>Antes de elegirlo, comprueba la tensión de trabajo, la interfaz, el encapsulado, el pinout y las dimensiones. Esta revisión es especialmente importante cuando se utiliza como recambio, accesorio o elemento de conexión.</p><h2>Características verificadas</h2><ul><li><strong>Interfaz:</strong> Wifi.</li><li><strong>Proteccion ip:</strong> IP66.</li><li><strong>Marca:</strong> SONOFF.</li><li><strong>Referencia:</strong> 2b130103-sonoff-waterproof-box-ip66.</li></ul>";4.57;3.78;3.78;EUR;taxable;;0;;instock;no;0;;;;;0;0;0;;111789;https://www.distribuidordeherramientas.es/wp-content/uploads/2026/07/sonoff-ip66-caja-impermeable-para-sonoff-basic-proteccion-wifi-smart-home-1000x1000-1.webp;111790,111791,111792,111793,111794,111795,111796;https://www.distribuidordeherramientas.es/wp-content/uploads/2026/07/sonoff-ip66-caja-impermeable-para-sonoff-basic-proteccion-wifi-smart-home-2-1000x1000-1.webp | https://www.distribuidordeherramientas.es/wp-content/uploads/2026/07/sonoff-ip66-caja-impermeable-para-sonoff-basic-proteccion-wifi-smart-home-3-1000x1000-1.webp | https://www.distribuidordeherramientas.es/wp-content/uploads/2026/07/sonoff-ip66-caja-impermeable-para-sonoff-basic-proteccion-wifi-smart-home-4-1000x1000-1.webp | https://www.distribuidordeherramientas.es/wp-content/uploads/2026/07/sonoff-ip66-caja-impermeable-para-sonoff-basic-proteccion-wifi-smart-home-5-1000x1000-1.webp | https://www.distribuidordeherramientas.es/wp-content/uploads/2026/07/sonoff-ip66-caja-impermeable-para-sonoff-basic-proteccion-wifi-smart-home-6-1000x1000-1.webp | https://www.distribuidordeherramientas.es/wp-content/uploads/2026/07/sonoff-ip66-caja-impermeable-para-sonoff-basic-proteccion-wifi-smart-home-7-1000x1000-1.webp | https://www.distribuidordeherramientas.es/wp-content/uploads/2026/07/sonoff-ip66-caja-impermeable-para-sonoff-basic-proteccion-wifi-smart-home-8-1000x1000-1.webp;0;;2026-07-28 21:40:44;2026-08-20 15:56:35
2.1;111797;1b070802-sonoff-micro;simple;SONOFF Micro adaptador USB WiFi inteligente para control remoto y automatización;sonoff-micro-adaptador-usb-wifi-inteligente-para-control-remoto-y-automatizacion;https://www.distribuidordeherramientas.es/producto/sonoff-micro-adaptador-usb-wifi-inteligente-para-control-remoto-y-automatizacion/;publish;0;visible;Bricolaje;Herramientas para el hogar;Herramientas manuales de uso doméstico;47492;Interruptores y actuadores domóticos;44356,52578,52580,51975,49198,51976,52582;accesorio | Compatibilidad control remoto y automatización | Interfaz USB / WiFi / USB | Interruptores y actuadores domóticos | Programación y electrónica de control | SONOFF | WiFi;product_brand;47258;SONOFF;;SATKIT;8331;3715;Electrónica y Componentes > Domótica y Smart Home;7.99;Interruptores y actuadores domóticos;accesorio;Domótica y automatización;;;Domótica y automatización;"[{""ambito"":""accesorio"",""tipo"":""compatibilidad"",""valor"":""control remoto y automatización""},{""ambito"":""accesorio"",""tipo"":""conectividad"",""valor"":""Wi-Fi""},{""ambito"":""accesorio"",""tipo"":""interfaz"",""valor"":""USB""},{""ambito"":""accesorio"",""tipo"":""interfaz"",""valor"":""USB / WiFi / USB, WiFi""},{""ambito"":""accesorio"",""tipo"":""marca"",""valor"":""SONOFF""},{""ambito"":""accesorio"",""tipo"":""producto"",""valor"":""Micro adaptador USB WiFi inteligente para control remoto""},{""ambito"":""accesorio"",""tipo"":""subtipo"",""valor"":""sonoff micro adaptador usb wifi inteligente para control remoto y automatizacion""}]";accesorio:compatibilidad=control remoto y automatización | accesorio:conectividad=Wi-Fi | accesorio:interfaz=USB | accesorio:interfaz=USB / WiFi / USB, WiFi | accesorio:marca=SONOFF | accesorio:producto=Micro adaptador USB WiFi inteligente para control remoto | accesorio:subtipo=sonoff micro adaptador usb wifi inteligente para control remoto y automatizacion;"[{""name"":""Compatibilidad"",""taxonomy"":"""",""is_taxonomy"":0,""options"":[""control remoto y automatización""],""visible"":1,""variation"":0,""position"":0},{""name"":""Interfaz"",""taxonomy"":"""",""is_taxonomy"":0,""options"":[""USB / WiFi / USB, WiFi""],""visible"":1,""variation"":0,""position"":1}]";"SONOFF Micro adaptador USB WiFi inteligente para control remoto y automatización es un producto pensado para conexión, adaptación o distribución de señal y alimentación. Sus datos verificados incluyen compatibilidad: control remoto y automatización; interfaz: USB / WiFi / USB, WiFi. Antes de comprar, comprueba el tipo de conector, el estándar, la longitud y la compatibilidad entre ambos equipos para confirmar que corresponde a la aplicación prevista. Referencia: 1b070802-sonoff-micro.";"<h2>Descripción</h2><p><strong>SONOFF Micro adaptador USB WiFi inteligente para control remoto y automatización</strong> es un producto pensado para conexión, adaptación o distribución de señal y alimentación dentro de la categoría interruptores y actuadores domóticos. Su identificación y características permiten diferenciarlo de otras referencias parecidas.</p><p>Sus especificaciones verificadas incluyen compatibilidad: control remoto y automatización; interfaz: USB / WiFi / USB, WiFi. Estos datos permiten comparar esta referencia con otros modelos y escoger la opción que encaje con el trabajo previsto.</p><p>Antes de elegirlo, comprueba el tipo de conector, el estándar, la longitud y la compatibilidad entre ambos equipos. Esta revisión es especialmente importante cuando se utiliza como recambio, accesorio o elemento de conexión.</p><h2>Características verificadas</h2><ul><li><strong>Compatibilidad:</strong> control remoto y automatización.</li><li><strong>Interfaz:</strong> USB / WiFi / USB, WiFi.</li><li><strong>Marca:</strong> SONOFF.</li><li><strong>Referencia:</strong> 1b070802-sonoff-micro.</li></ul>";11.59;9.59;9.59;EUR;taxable;;0;;instock;no;0;;;;;0;0;0;;111798;https://www.distribuidordeherramientas.es/wp-content/uploads/2026/07/sonoff-micro-adaptador-usb-wifi-inteligente-para-control-remoto-y-automatizacion-1000x1000-1.webp;111799,111800,111801,111802,111803,111804,111805,111806,111807,111808,111809,111810,111811;https://www.distribuidordeherramientas.es/wp-content/uploads/2026/07/sonoff-micro-adaptador-usb-wifi-inteligente-para-control-remoto-y-automatizacion-2-1000x1000-1.webp | https://www.distribuidordeherramientas.es/wp-content/uploads/2026/07/sonoff-micro-adaptador-usb-wifi-inteligente-para-control-remoto-y-automatizacion-3-1000x1000-1.webp | https://www.distribuidordeherramientas.es/wp-content/uploads/2026/07/sonoff-micro-adaptador-usb-wifi-inteligente-para-control-remoto-y-automatizacion-4-1000x1000-1.webp | https://www.distribuidordeherramientas.es/wp-content/uploads/2026/07/sonoff-micro-adaptador-usb-wifi-inteligente-para-control-remoto-y-automatizacion-5-1000x1000-1.webp | https://www.distribuidordeherramientas.es/wp-content/uploads/2026/07/sonoff-micro-adaptador-usb-wifi-inteligente-para-control-remoto-y-automatizacion-6-1000x1000-1.webp | https://www.distribuidordeherramientas.es/wp-content/uploads/2026/07/sonoff-micro-adaptador-usb-wifi-inteligente-para-control-remoto-y-automatizacion-7-1000x1000-1.webp | https://www.distribuidordeherramientas.es/wp-content/uploads/2026/07/sonoff-micro-adaptador-usb-wifi-inteligente-para-control-remoto-y-automatizacion-8-1000x1000-1.webp | https://www.distribuidordeherramientas.es/wp-content/uploads/2026/07/sonoff-micro-adaptador-usb-wifi-inteligente-para-control-remoto-y-automatizacion-9-1000x1000-1.webp | https://www.distribuidordeherramientas.es/wp-content/uploads/2026/07/sonoff-micro-adaptador-usb-wifi-inteligente-para-control-remoto-y-automatizacion-10-1000x1000-1.webp | https://www.distribuidordeherramientas.es/wp-content/uploads/2026/07/sonoff-micro-adaptador-usb-wifi-inteligente-para-control-remoto-y-automatizacion-11-1000x1000-1.webp | https://www.distribuidordeherramientas.es/wp-content/uploads/2026/07/sonoff-micro-adaptador-usb-wifi-inteligente-para-control-remoto-y-automatizacion-12-1000x1000-1.webp | https://www.distribuidordeherramientas.es/wp-content/uploads/2026/07/sonoff-micro-adaptador-usb-wifi-inteligente-para-control-remoto-y-automatizacion-13-1000x1000-1.webp | https://www.distribuidordeherramientas.es/wp-content/uploads/2026/07/sonoff-micro-adaptador-usb-wifi-inteligente-para-control-remoto-y-automatizacion-14-1000x1000-1.webp;0;;2026-07-29 04:16:05;2026-08-20 15:56:35
2.1;111812;1b070903-NSPanel-EU;simple;SONOFF NSPanel Interruptor Inteligente de Pared con Pantalla Táctil Europea;sonoff-nspanel-interruptor-inteligente-de-pared-con-pantalla-tactil-europea;https://www.distribuidordeherramientas.es/producto/sonoff-nspanel-interruptor-inteligente-de-pared-con-pantalla-tactil-europea/;publish;0;visible;Bricolaje;Herramientas para el hogar;Herramientas manuales de uso doméstico;47492;Interruptores y actuadores domóticos;24170,51975,49198,51976;Equipamiento | Interruptores y actuadores domóticos | Programación y electrónica de control | SONOFF;product_brand;47258;SONOFF;;SATKIT;8327;3717;Electrónica y Componentes > Domótica y Smart Home;81.07;Interruptores y actuadores domóticos;accesorio;Domótica y automatización;;;Domótica y automatización;"[{""ambito"":""accesorio"",""tipo"":""marca"",""valor"":""SONOFF""},{""ambito"":""accesorio"",""tipo"":""producto"",""valor"":""Interruptores y actuadores domóticos""},{""ambito"":""accesorio"",""tipo"":""subtipo"",""valor"":""sonoff nspanel interruptor inteligente de pared con pantalla tactil europea""}]";accesorio:marca=SONOFF | accesorio:producto=Interruptores y actuadores domóticos | accesorio:subtipo=sonoff nspanel interruptor inteligente de pared con pantalla tactil europea;[];SONOFF NSPanel Interruptor Inteligente de Pared con Pantalla Táctil Europea es un producto pensado para reparación, sustitución o mantenimiento de dispositivos móviles y pantallas. Se identifica por el modelo indicado y la referencia 1b070903-NSPanel-EU. Antes de comprar, comprueba el modelo exacto del dispositivo, el formato, el conector y las dimensiones para confirmar que corresponde a la aplicación prevista.;<h2>Descripción</h2><p><strong>SONOFF NSPanel Interruptor Inteligente de Pared con Pantalla Táctil Europea</strong> es un producto pensado para reparación, sustitución o mantenimiento de dispositivos móviles y pantallas dentro de la categoría interruptores y actuadores domóticos. Su identificación y características permiten diferenciarlo de otras referencias parecidas.</p><p>Esta referencia se identifica por el modelo indicado en el título y por el SKU 1b070903-NSPanel-EU. Comprueba que el modelo y la referencia coincidan con la pieza, equipo o versión que necesitas antes de realizar la compra.</p><p>Antes de elegirlo, comprueba el modelo exacto del dispositivo, el formato, el conector y las dimensiones. Esta revisión es especialmente importante cuando se utiliza como recambio, accesorio o elemento de conexión.</p><h2>Características verificadas</h2><ul><li><strong>Marca:</strong> SONOFF.</li><li><strong>Referencia:</strong> 1b070903-NSPanel-EU.</li><li><strong>Categoría:</strong> Interruptores y actuadores domóticos.</li></ul>;117.55;97.28;97.28;EUR;taxable;;0;;instock;no;0;;;;;0;0;0;;111813;https://www.distribuidordeherramientas.es/wp-content/uploads/2026/07/sonoff-nspanel-interruptor-inteligente-de-pared-con-pantalla-tactil-europea-1000x1000-1.webp;;;0;;2026-07-29 04:16:05;2026-08-20 15:56:35
2.1;111814;2a140407;simple;SONOFF PIR2 Sensor Detector Infrarrojo para Seguridad en el Hogar;sonoff-pir2-sensor-detector-infrarrojo-para-seguridad-en-el-hogar;https://www.distribuidordeherramientas.es/producto/sonoff-pir2-sensor-detector-infrarrojo-para-seguridad-en-el-hogar/;publish;0;visible;Bricolaje;Herramientas para el hogar;Herramientas manuales de uso doméstico;47493;Sensores, pasarelas y accesorios domóticos;44356,52260,49198,52259,51976;accesorio | pasarelas y accesorios domóticos | Programación y electrónica de control | Sensores | SONOFF;product_brand;47258;SONOFF;;SATKIT;7923;3718;Electrónica y Componentes > Domótica y Smart Home;8.47;Sensor de movimiento PIR;accesorio;Domótica y automatización;;;Domótica y automatización;"[{""ambito"":""accesorio"",""tipo"":""marca"",""valor"":""SONOFF""},{""ambito"":""accesorio"",""tipo"":""producto"",""valor"":""Sensores, pasarelas y accesorios domóticos""}]";accesorio:marca=SONOFF | accesorio:producto=Sensores, pasarelas y accesorios domóticos;[];SONOFF PIR2 Sensor Detector Infrarrojo para Seguridad en el Hogar es un producto pensado para montaje, prototipado y reparación de circuitos electrónicos. Se identifica por el modelo indicado y la referencia 2a140407. Antes de comprar, comprueba la tensión de trabajo, la interfaz, el encapsulado, el pinout y las dimensiones para confirmar que corresponde a la aplicación prevista.;<h2>Descripción</h2><p><strong>SONOFF PIR2 Sensor Detector Infrarrojo para Seguridad en el Hogar</strong> es un producto pensado para montaje, prototipado y reparación de circuitos electrónicos dentro de la categoría sensores, pasarelas y accesorios domóticos. Su identificación y características permiten diferenciarlo de otras referencias parecidas.</p><p>Esta referencia se identifica por el modelo indicado en el título y por el SKU 2a140407. Comprueba que el modelo y la referencia coincidan con la pieza, equipo o versión que necesitas antes de realizar la compra.</p><p>Antes de elegirlo, comprueba la tensión de trabajo, la interfaz, el encapsulado, el pinout y las dimensiones. Esta revisión es especialmente importante cuando se utiliza como recambio, accesorio o elemento de conexión.</p><h2>Características verificadas</h2><ul><li><strong>Marca:</strong> SONOFF.</li><li><strong>Referencia:</strong> 2a140407.</li><li><strong>Categoría:</strong> Sensores, pasarelas y accesorios domóticos.</li></ul>;12.28;10.16;10.16;EUR;taxable;;0;;outofstock;no;0;;;;;0;0;0;;111815;https://www.distribuidordeherramientas.es/wp-content/uploads/2026/07/sonoff-pir2-sensor-detector-infrarrojo-para-seguridad-en-el-hogar-1000x1000-1.webp;111782,111783,111781,111786,111784,111785;https://www.distribuidordeherramientas.es/wp-content/uploads/2026/07/sonoff-dw1-sensor-de-ventana-y-puerta-433mhz-para-seguridad-inteligente-3-1000x1000-1.webp | https://www.distribuidordeherramientas.es/wp-content/uploads/2026/07/sonoff-dw1-sensor-de-ventana-y-puerta-433mhz-para-seguridad-inteligente-4-1000x1000-1.webp | https://www.distribuidordeherramientas.es/wp-content/uploads/2026/07/sonoff-dw1-sensor-de-ventana-y-puerta-433mhz-para-seguridad-inteligente-2-1000x1000-1.webp | https://www.distribuidordeherramientas.es/wp-content/uploads/2026/07/sonoff-dw1-sensor-de-ventana-y-puerta-433mhz-para-seguridad-inteligente-7-1000x1000-1.webp | https://www.distribuidordeherramientas.es/wp-content/uploads/2026/07/sonoff-dw1-sensor-de-ventana-y-puerta-433mhz-para-seguridad-inteligente-5-1000x1000-1.webp | https://www.distribuidordeherramientas.es/wp-content/uploads/2026/07/sonoff-dw1-sensor-de-ventana-y-puerta-433mhz-para-seguridad-inteligente-6-1000x1000-1.webp;0;;2026-07-28 21:40:57;2026-08-20 15:56:35
2.1;111816;2b070405-powr3;simple;SONOFF Pow R3 - Interruptor Inteligente WiFi de Alta Potencia con Monitorización;sonoff-pow-r3-interruptor-inteligente-wifi-de-alta-potencia-con-monitorizacion;https://www.distribuidordeherramientas.es/producto/sonoff-pow-r3-interruptor-inteligente-wifi-de-alta-potencia-con-monitorizacion/;publish;0;visible;Bricolaje;Herramientas para el hogar;Herramientas manuales de uso doméstico;47492;Interruptores y actuadores domóticos;24170,51789,51975,49198,51976;Equipamiento | Interfaz WiFi | Interruptores y actuadores domóticos | Programación y electrónica de control | SONOFF;product_brand;47258;SONOFF;;SATKIT;8321;3719;Electrónica y Componentes > Domótica y Smart Home;34.91;Interruptores y actuadores domóticos;accesorio;Domótica y automatización;;;Domótica y automatización;"[{""ambito"":""accesorio"",""tipo"":""conectividad"",""valor"":""Wi-Fi""},{""ambito"":""accesorio"",""tipo"":""marca"",""valor"":""SONOFF""},{""ambito"":""accesorio"",""tipo"":""producto"",""valor"":""Interruptores y actuadores domóticos""}]";accesorio:conectividad=Wi-Fi | accesorio:marca=SONOFF | accesorio:producto=Interruptores y actuadores domóticos;"[{""name"":""Interfaz"",""taxonomy"":"""",""is_taxonomy"":0,""options"":[""WiFi""],""visible"":1,""variation"":0,""position"":0}]";SONOFF Pow R3 - Interruptor Inteligente WiFi de Alta Potencia con Monitorización es un producto pensado para el uso indicado por su categoría y sus características verificadas. Sus datos verificados incluyen interfaz: WiFi. Antes de comprar, comprueba las medidas, el modelo, la compatibilidad y los datos técnicos indicados para confirmar que corresponde a la aplicación prevista. Referencia: 2b070405-powr3.;<h2>Descripción</h2><p><strong>SONOFF Pow R3 - Interruptor Inteligente WiFi de Alta Potencia con Monitorización</strong> es un producto pensado para el uso indicado por su categoría y sus características verificadas dentro de la categoría interruptores y actuadores domóticos. Su identificación y características permiten diferenciarlo de otras referencias parecidas.</p><p>Sus especificaciones verificadas incluyen interfaz: WiFi. Estos datos permiten comparar esta referencia con otros modelos y escoger la opción que encaje con el trabajo previsto.</p><p>Antes de elegirlo, comprueba las medidas, el modelo, la compatibilidad y los datos técnicos indicados. Esta revisión es especialmente importante cuando se utiliza como recambio, accesorio o elemento de conexión.</p><h2>Características verificadas</h2><ul><li><strong>Interfaz:</strong> WiFi.</li><li><strong>Marca:</strong> SONOFF.</li><li><strong>Referencia:</strong> 2b070405-powr3.</li></ul>;50.62;41.89;41.89;EUR;taxable;;0;;outofstock;no;0;;;;;0;0;0;;111817;https://www.distribuidordeherramientas.es/wp-content/uploads/2026/07/sonoff-pow-r3-interruptor-inteligente-wifi-de-alta-potencia-con-monitorizacion-1000x1000-1.webp;111818,111819,111820,111821,111822,111823,111824,111825,111826,111827,111828,111829,111830;https://www.distribuidordeherramientas.es/wp-content/uploads/2026/07/sonoff-pow-r3-interruptor-inteligente-wifi-de-alta-potencia-con-monitorizacion-2-1000x1000-1.webp | https://www.distribuidordeherramientas.es/wp-content/uploads/2026/07/sonoff-pow-r3-interruptor-inteligente-wifi-de-alta-potencia-con-monitorizacion-3-1000x1000-1.webp | https://www.distribuidordeherramientas.es/wp-content/uploads/2026/07/sonoff-pow-r3-interruptor-inteligente-wifi-de-alta-potencia-con-monitorizacion-4-1000x1000-1.webp | https://www.distribuidordeherramientas.es/wp-content/uploads/2026/07/sonoff-pow-r3-interruptor-inteligente-wifi-de-alta-potencia-con-monitorizacion-5-1000x1000-1.webp | https://www.distribuidordeherramientas.es/wp-content/uploads/2026/07/sonoff-pow-r3-interruptor-inteligente-wifi-de-alta-potencia-con-monitorizacion-6-1000x1000-1.webp | https://www.distribuidordeherramientas.es/wp-content/uploads/2026/07/sonoff-pow-r3-interruptor-inteligente-wifi-de-alta-potencia-con-monitorizacion-7-1000x1000-1.webp | https://www.distribuidordeherramientas.es/wp-content/uploads/2026/07/sonoff-pow-r3-interruptor-inteligente-wifi-de-alta-potencia-con-monitorizacion-8-1000x1000-1.webp | https://www.distribuidordeherramientas.es/wp-content/uploads/2026/07/sonoff-pow-r3-interruptor-inteligente-wifi-de-alta-potencia-con-monitorizacion-9-1000x1000-1.webp | https://www.distribuidordeherramientas.es/wp-content/uploads/2026/07/sonoff-pow-r3-interruptor-inteligente-wifi-de-alta-potencia-con-monitorizacion-10-1000x1000-1.webp | https://www.distribuidordeherramientas.es/wp-content/uploads/2026/07/sonoff-pow-r3-interruptor-inteligente-wifi-de-alta-potencia-con-monitorizacion-11-1000x1000-1.webp | https://www.distribuidordeherramientas.es/wp-content/uploads/2026/07/sonoff-pow-r3-interruptor-inteligente-wifi-de-alta-potencia-con-monitorizacion-12-1000x1000-1.webp | https://www.distribuidordeherramientas.es/wp-content/uploads/2026/07/sonoff-pow-r3-interruptor-inteligente-wifi-de-alta-potencia-con-monitorizacion-13-1000x1000-1.webp | https://www.distribuidordeherramientas.es/wp-content/uploads/2026/07/sonoff-pow-r3-interruptor-inteligente-wifi-de-alta-potencia-con-monitorizacion-14-1000x1000-1.webp;0;;2026-07-28 21:40:58;2026-08-20 15:56:35
2.1;111831;2b130102-sonoff-button;simple;SONOFF Pulsador Interruptor 433Mhz Control Remoto Inalámbrico RF para Domótica;sonoff-pulsador-interruptor-433mhz-control-remoto-inalambrico-rf-para-domotica;https://www.distribuidordeherramientas.es/producto/sonoff-pulsador-interruptor-433mhz-control-remoto-inalambrico-rf-para-domotica/;publish;0;visible;Bricolaje;Herramientas para el hogar;Herramientas manuales de uso doméstico;47492;Interruptores y actuadores domóticos;44356,51978,51975,49198,51976;accesorio | Frecuencia 433 MHz | Interruptores y actuadores domóticos | Programación y electrónica de control | SONOFF;product_brand;47258;SONOFF;;SATKIT;7805;3720;Electrónica y Componentes > Domótica y Smart Home;4.85;Interruptores y actuadores domóticos;accesorio;Domótica y automatización;;;Domótica y automatización;"[{""ambito"":""accesorio"",""tipo"":""frecuencia"",""valor"":""433 MHz""},{""ambito"":""accesorio"",""tipo"":""marca"",""valor"":""SONOFF""},{""ambito"":""accesorio"",""tipo"":""producto"",""valor"":""Interruptores y actuadores domóticos""}]";accesorio:frecuencia=433 MHz | accesorio:marca=SONOFF | accesorio:producto=Interruptores y actuadores domóticos;"[{""name"":""Frecuencia"",""taxonomy"":"""",""is_taxonomy"":0,""options"":[""433 Mhz""],""visible"":1,""variation"":0,""position"":0}]";SONOFF Pulsador Interruptor 433Mhz Control Remoto Inalámbrico RF para Domótica es un producto pensado para mantenimiento, diagnóstico o equipamiento de vehículos. Sus datos verificados incluyen frecuencia: 433 Mhz. Antes de comprar, comprueba el vehículo o sistema compatible, las medidas, el rango de trabajo y las conexiones para confirmar que corresponde a la aplicación prevista. Referencia: 2b130102-sonoff-button.;<h2>Descripción</h2><p><strong>SONOFF Pulsador Interruptor 433Mhz Control Remoto Inalámbrico RF para Domótica</strong> es un producto pensado para mantenimiento, diagnóstico o equipamiento de vehículos dentro de la categoría interruptores y actuadores domóticos. Su identificación y características permiten diferenciarlo de otras referencias parecidas.</p><p>Sus especificaciones verificadas incluyen frecuencia: 433 Mhz. Estos datos permiten comparar esta referencia con otros modelos y escoger la opción que encaje con el trabajo previsto.</p><p>Antes de elegirlo, comprueba el vehículo o sistema compatible, las medidas, el rango de trabajo y las conexiones. Esta revisión es especialmente importante cuando se utiliza como recambio, accesorio o elemento de conexión.</p><h2>Características verificadas</h2><ul><li><strong>Frecuencia:</strong> 433 Mhz.</li><li><strong>Marca:</strong> SONOFF.</li><li><strong>Referencia:</strong> 2b130102-sonoff-button.</li></ul>;7.03;5.82;5.82;EUR;taxable;;0;;instock;no;0;;;;;0;0;0;;111832;https://www.distribuidordeherramientas.es/wp-content/uploads/2026/07/sonoff-pulsador-interruptor-433mhz-control-remoto-inalambrico-rf-para-domotica-1000x1000-1.webp;111833,111834,111835,111836;https://www.distribuidordeherramientas.es/wp-content/uploads/2026/07/sonoff-pulsador-interruptor-433mhz-control-remoto-inalambrico-rf-para-domotica-2-1000x1000-1.webp | https://www.distribuidordeherramientas.es/wp-content/uploads/2026/07/sonoff-pulsador-interruptor-433mhz-control-remoto-inalambrico-rf-para-domotica-3-1000x1000-1.webp | https://www.distribuidordeherramientas.es/wp-content/uploads/2026/07/sonoff-pulsador-interruptor-433mhz-control-remoto-inalambrico-rf-para-domotica-4-1000x1000-1.webp | https://www.distribuidordeherramientas.es/wp-content/uploads/2026/07/sonoff-pulsador-interruptor-433mhz-control-remoto-inalambrico-rf-para-domotica-5-1000x1000-1.webp;0;;2026-07-28 21:41:05;2026-08-20 15:56:35
2.1;111837;1c100502;simple;SONOFF Pulsador Interruptor Doble 433Mhz Control Remoto Inalámbrico RF para Domótica;sonoff-pulsador-interruptor-doble-433mhz-control-remoto-inalambrico-rf-para-domotica;https://www.distribuidordeherramientas.es/producto/sonoff-pulsador-interruptor-doble-433mhz-control-remoto-inalambrico-rf-para-domotica/;publish;0;visible;Bricolaje;Herramientas para el hogar;Herramientas manuales de uso doméstico;47492;Interruptores y actuadores domóticos;44356,51978,51975,49198,51976;accesorio | Frecuencia 433 MHz | Interruptores y actuadores domóticos | Programación y electrónica de control | SONOFF;product_brand;47258;SONOFF;;SATKIT;8142;3721;Electrónica y Componentes > Domótica y Smart Home;4.84;Interruptores y actuadores domóticos;accesorio;Domótica y automatización;;;Domótica y automatización;"[{""ambito"":""accesorio"",""tipo"":""frecuencia"",""valor"":""433 MHz""},{""ambito"":""accesorio"",""tipo"":""marca"",""valor"":""SONOFF""},{""ambito"":""accesorio"",""tipo"":""producto"",""valor"":""Interruptores y actuadores domóticos""}]";accesorio:frecuencia=433 MHz | accesorio:marca=SONOFF | accesorio:producto=Interruptores y actuadores domóticos;"[{""name"":""Frecuencia"",""taxonomy"":"""",""is_taxonomy"":0,""options"":[""433 Mhz""],""visible"":1,""variation"":0,""position"":0}]";SONOFF Pulsador Interruptor Doble 433Mhz Control Remoto Inalámbrico RF para Domótica es un producto pensado para mantenimiento, diagnóstico o equipamiento de vehículos. Sus datos verificados incluyen frecuencia: 433 Mhz. Antes de comprar, comprueba el vehículo o sistema compatible, las medidas, el rango de trabajo y las conexiones para confirmar que corresponde a la aplicación prevista. Referencia: 1c100502.;<h2>Descripción</h2><p><strong>SONOFF Pulsador Interruptor Doble 433Mhz Control Remoto Inalámbrico RF para Domótica</strong> es un producto pensado para mantenimiento, diagnóstico o equipamiento de vehículos dentro de la categoría interruptores y actuadores domóticos. Su identificación y características permiten diferenciarlo de otras referencias parecidas.</p><p>Sus especificaciones verificadas incluyen frecuencia: 433 Mhz. Estos datos permiten comparar esta referencia con otros modelos y escoger la opción que encaje con el trabajo previsto.</p><p>Antes de elegirlo, comprueba el vehículo o sistema compatible, las medidas, el rango de trabajo y las conexiones. Esta revisión es especialmente importante cuando se utiliza como recambio, accesorio o elemento de conexión.</p><h2>Características verificadas</h2><ul><li><strong>Frecuencia:</strong> 433 Mhz.</li><li><strong>Marca:</strong> SONOFF.</li><li><strong>Referencia:</strong> 1c100502.</li></ul>;7.02;5.81;5.81;EUR;taxable;;0;;outofstock;no;0;;;;;0;0;0;;111838;https://www.distribuidordeherramientas.es/wp-content/uploads/2026/07/sonoff-pulsador-interruptor-doble-433mhz-control-remoto-inalambrico-rf-para-1000x1000-1.webp;111839,111840,111841;https://www.distribuidordeherramientas.es/wp-content/uploads/2026/07/sonoff-pulsador-interruptor-doble-433mhz-control-remoto-inalambrico-rf-para-2-1000x1000-1.webp | https://www.distribuidordeherramientas.es/wp-content/uploads/2026/07/sonoff-pulsador-interruptor-doble-433mhz-control-remoto-inalambrico-rf-para-3-1000x1000-1.webp | https://www.distribuidordeherramientas.es/wp-content/uploads/2026/07/sonoff-pulsador-interruptor-doble-433mhz-control-remoto-inalambrico-rf-para-4-1000x1000-1.webp;0;;2026-07-28 21:41:08;2026-08-20 15:56:36
2.1;111842;1b050503-sonoff-button-triple;simple;SONOFF Pulsador Interruptor Triple 433Mhz Control Remoto Inalámbrico RF para Luz Domótica;sonoff-pulsador-interruptor-triple-433mhz-control-remoto-inalambrico-rf-para-luz-domotica;https://www.distribuidordeherramientas.es/producto/sonoff-pulsador-interruptor-triple-433mhz-control-remoto-inalambrico-rf-para-luz-domotica/;publish;0;visible;Bricolaje;Herramientas para el hogar;Herramientas manuales de uso doméstico;47492;Interruptores y actuadores domóticos;24170,51978,51975,49198,51976;Equipamiento | Frecuencia 433 MHz | Interruptores y actuadores domóticos | Programación y electrónica de control | SONOFF;product_brand;47258;SONOFF;;SATKIT;8143;3722;Electrónica y Componentes > Domótica y Smart Home;6.05;Interruptores y actuadores domóticos;accesorio;Domótica y automatización;;;Domótica y automatización;"[{""ambito"":""accesorio"",""tipo"":""frecuencia"",""valor"":""433 MHz""},{""ambito"":""accesorio"",""tipo"":""marca"",""valor"":""SONOFF""},{""ambito"":""accesorio"",""tipo"":""producto"",""valor"":""Interruptores y actuadores domóticos""},{""ambito"":""accesorio"",""tipo"":""subtipo"",""valor"":""sonoff pulsador interruptor triple control remoto inalambrico rf para luz domotica""}]";accesorio:frecuencia=433 MHz | accesorio:marca=SONOFF | accesorio:producto=Interruptores y actuadores domóticos | accesorio:subtipo=sonoff pulsador interruptor triple control remoto inalambrico rf para luz domotica;"[{""name"":""Frecuencia"",""taxonomy"":"""",""is_taxonomy"":0,""options"":[""433 Mhz""],""visible"":1,""variation"":0,""position"":0}]";SONOFF Pulsador Interruptor Triple 433Mhz Control Remoto Inalámbrico RF para Luz Domótica es un producto pensado para mantenimiento, diagnóstico o equipamiento de vehículos. Sus datos verificados incluyen frecuencia: 433 Mhz. Antes de comprar, comprueba el vehículo o sistema compatible, las medidas, el rango de trabajo y las conexiones para confirmar que corresponde a la aplicación prevista. Referencia: 1b050503-sonoff-button-triple.;<h2>Descripción</h2><p><strong>SONOFF Pulsador Interruptor Triple 433Mhz Control Remoto Inalámbrico RF para Luz Domótica</strong> es un producto pensado para mantenimiento, diagnóstico o equipamiento de vehículos dentro de la categoría interruptores y actuadores domóticos. Su identificación y características permiten diferenciarlo de otras referencias parecidas.</p><p>Sus especificaciones verificadas incluyen frecuencia: 433 Mhz. Estos datos permiten comparar esta referencia con otros modelos y escoger la opción que encaje con el trabajo previsto.</p><p>Antes de elegirlo, comprueba el vehículo o sistema compatible, las medidas, el rango de trabajo y las conexiones. Esta revisión es especialmente importante cuando se utiliza como recambio, accesorio o elemento de conexión.</p><h2>Características verificadas</h2><ul><li><strong>Frecuencia:</strong> 433 Mhz.</li><li><strong>Marca:</strong> SONOFF.</li><li><strong>Referencia:</strong> 1b050503-sonoff-button-triple.</li></ul>;8.77;7.26;7.26;EUR;taxable;;0;;outofstock;no;0;;;;;0;0;0;;111843;https://www.distribuidordeherramientas.es/wp-content/uploads/2026/07/sonoff-pulsador-interruptor-triple-433mhz-control-remoto-inalambrico-rf-para-1000x1000-1.webp;111844,111845,111846,111847;https://www.distribuidordeherramientas.es/wp-content/uploads/2026/07/sonoff-pulsador-interruptor-triple-433mhz-control-remoto-inalambrico-rf-para-2-1000x1000-1.webp | https://www.distribuidordeherramientas.es/wp-content/uploads/2026/07/sonoff-pulsador-interruptor-triple-433mhz-control-remoto-inalambrico-rf-para-3-1000x1000-1.webp | https://www.distribuidordeherramientas.es/wp-content/uploads/2026/07/sonoff-pulsador-interruptor-triple-433mhz-control-remoto-inalambrico-rf-para-4-1000x1000-1.webp | https://www.distribuidordeherramientas.es/wp-content/uploads/2026/07/sonoff-pulsador-interruptor-triple-433mhz-control-remoto-inalambrico-rf-para-5-1000x1000-1.webp;0;;2026-07-29 04:16:03;2026-08-20 15:56:36
2.1;111848;1c100604-RE5V1C;simple;Sonoff RE5V1C rele wifi 5v - Módulo relé de interruptor inteligente con contacto seco;sonoff-re5v1c-rele-wifi-5v-modulo-rele-de-interruptor-inteligente-con-contacto-seco;https://www.distribuidordeherramientas.es/producto/sonoff-re5v1c-rele-wifi-5v-modulo-rele-de-interruptor-inteligente-con-contacto-seco/;publish;0;visible;Bricolaje;Herramientas para el hogar;Herramientas manuales de uso doméstico;47492;Interruptores y actuadores domóticos;44356,51789,51975,49198,51976,51345;accesorio | Interfaz WiFi | Interruptores y actuadores domóticos | Programación y electrónica de control | SONOFF | Tensión 5 V;product_brand;47258;SONOFF;;SATKIT;8316;3723;Electrónica y Componentes > Domótica y Smart Home;5.46;Interruptores y actuadores domóticos;accesorio;Domótica y automatización;;;Domótica y automatización;"[{""ambito"":""accesorio"",""tipo"":""conectividad"",""valor"":""Wi-Fi""},{""ambito"":""accesorio"",""tipo"":""marca"",""valor"":""SONOFF""},{""ambito"":""accesorio"",""tipo"":""producto"",""valor"":""Interruptores y actuadores domóticos""},{""ambito"":""accesorio"",""tipo"":""tension"",""valor"":""5 V""}]";accesorio:conectividad=Wi-Fi | accesorio:marca=SONOFF | accesorio:producto=Interruptores y actuadores domóticos | accesorio:tension=5 V;"[{""name"":""Interfaz"",""taxonomy"":"""",""is_taxonomy"":0,""options"":[""wifi""],""visible"":1,""variation"":0,""position"":0},{""name"":""Tensión"",""taxonomy"":"""",""is_taxonomy"":0,""options"":[""5 v""],""visible"":1,""variation"":0,""position"":1}]";"Sonoff RE5V1C rele wifi 5v - Módulo relé de interruptor inteligente con contacto seco es un producto pensado para montaje, prototipado y reparación de circuitos electrónicos. Sus datos verificados incluyen interfaz: wifi; tensión: 5 v. Antes de comprar, comprueba la tensión de trabajo, la interfaz, el encapsulado, el pinout y las dimensiones para confirmar que corresponde a la aplicación prevista. Referencia: 1c100604-RE5V1C.";"<h2>Descripción</h2><p><strong>Sonoff RE5V1C rele wifi 5v - Módulo relé de interruptor inteligente con contacto seco</strong> es un producto pensado para montaje, prototipado y reparación de circuitos electrónicos dentro de la categoría interruptores y actuadores domóticos. Su identificación y características permiten diferenciarlo de otras referencias parecidas.</p><p>Sus especificaciones verificadas incluyen interfaz: wifi; tensión: 5 v. Estos datos permiten comparar esta referencia con otros modelos y escoger la opción que encaje con el trabajo previsto.</p><p>Antes de elegirlo, comprueba la tensión de trabajo, la interfaz, el encapsulado, el pinout y las dimensiones. Esta revisión es especialmente importante cuando se utiliza como recambio, accesorio o elemento de conexión.</p><h2>Características verificadas</h2><ul><li><strong>Interfaz:</strong> wifi.</li><li><strong>Tensión:</strong> 5 v.</li><li><strong>Marca:</strong> SONOFF.</li><li><strong>Referencia:</strong> 1c100604-RE5V1C.</li></ul>";7.92;6.55;6.55;EUR;taxable;;0;;instock;no;0;;;;;0;0;0;;111849;https://www.distribuidordeherramientas.es/wp-content/uploads/2026/07/sonoff-re5v1c-rele-wifi-5v-modulo-rele-de-interruptor-inteligente-con-contacto-1000x1000-1.webp;111850,111851,111852,111853,111854;https://www.distribuidordeherramientas.es/wp-content/uploads/2026/07/sonoff-re5v1c-rele-wifi-5v-modulo-rele-de-interruptor-inteligente-con-contacto-2-1000x1000-1.webp | https://www.distribuidordeherramientas.es/wp-content/uploads/2026/07/sonoff-re5v1c-rele-wifi-5v-modulo-rele-de-interruptor-inteligente-con-contacto-3-1000x1000-1.webp | https://www.distribuidordeherramientas.es/wp-content/uploads/2026/07/sonoff-re5v1c-rele-wifi-5v-modulo-rele-de-interruptor-inteligente-con-contacto-4-1000x1000-1.webp | https://www.distribuidordeherramientas.es/wp-content/uploads/2026/07/sonoff-re5v1c-rele-wifi-5v-modulo-rele-de-interruptor-inteligente-con-contacto-6-1000x1000-1.webp | https://www.distribuidordeherramientas.es/wp-content/uploads/2026/07/sonoff-re5v1c-rele-wifi-5v-modulo-rele-de-interruptor-inteligente-con-contacto-7-1000x1000-1.webp;0;;2026-07-28 21:41:13;2026-08-20 15:56:36
2.1;111855;2a140402;simple;Sonoff RF Bridge 433MHz Wifi Inalámbrico Compatible con Alexa y Google Home;sonoff-rf-bridge-433mhz-wifi-inalambrico-compatible-con-alexa-y-google-home;https://www.distribuidordeherramientas.es/producto/sonoff-rf-bridge-433mhz-wifi-inalambrico-compatible-con-alexa-y-google-home/;publish;0;visible;Bricolaje;Herramientas para el hogar;Herramientas manuales de uso doméstico;47493;Sensores, pasarelas y accesorios domóticos;44356,51977,51978,51789,52260,49198,52259,51976;accesorio | Compatibilidad Alexa y Google Home | Frecuencia 433 MHz | Interfaz WiFi | pasarelas y accesorios domóticos | Programación y electrónica de control | Sensores | SONOFF;product_brand;47258;SONOFF;;SATKIT;7921;3724;Electrónica y Componentes > Domótica y Smart Home;13.31;Puente RF-WiFi domótico;accesorio;Domótica y automatización;;;Domótica y automatización;"[{""ambito"":""accesorio"",""tipo"":""compatibilidad"",""valor"":""Alexa y Google Home""},{""ambito"":""accesorio"",""tipo"":""conectividad"",""valor"":""Wi-Fi""},{""ambito"":""accesorio"",""tipo"":""frecuencia"",""valor"":""433 MHz""},{""ambito"":""accesorio"",""tipo"":""marca"",""valor"":""SONOFF""},{""ambito"":""accesorio"",""tipo"":""producto"",""valor"":""RF Bridge""}]";accesorio:compatibilidad=Alexa y Google Home | accesorio:conectividad=Wi-Fi | accesorio:frecuencia=433 MHz | accesorio:marca=SONOFF | accesorio:producto=RF Bridge;"[{""name"":""Compatibilidad"",""taxonomy"":"""",""is_taxonomy"":0,""options"":[""Alexa y Google Home""],""visible"":1,""variation"":0,""position"":0},{""name"":""Frecuencia"",""taxonomy"":"""",""is_taxonomy"":0,""options"":[""433 MHz""],""visible"":1,""variation"":0,""position"":1},{""name"":""Interfaz"",""taxonomy"":"""",""is_taxonomy"":0,""options"":[""Wifi""],""visible"":1,""variation"":0,""position"":2}]";"Sonoff RF Bridge 433MHz Wifi Inalámbrico Compatible con Alexa y Google Home es un producto pensado para montaje, prototipado y reparación de circuitos electrónicos. Sus datos verificados incluyen compatibilidad: Alexa y Google Home; frecuencia: 433 MHz; interfaz: Wifi. Antes de comprar, comprueba la tensión de trabajo, la interfaz, el encapsulado, el pinout y las dimensiones para confirmar que corresponde a la aplicación prevista. Referencia: 2a140402.";"<h2>Descripción</h2><p><strong>Sonoff RF Bridge 433MHz Wifi Inalámbrico Compatible con Alexa y Google Home</strong> es un producto pensado para montaje, prototipado y reparación de circuitos electrónicos dentro de la categoría sensores, pasarelas y accesorios domóticos. Su identificación y características permiten diferenciarlo de otras referencias parecidas.</p><p>Sus especificaciones verificadas incluyen compatibilidad: Alexa y Google Home; frecuencia: 433 MHz; interfaz: Wifi. Estos datos permiten comparar esta referencia con otros modelos y escoger la opción que encaje con el trabajo previsto.</p><p>Antes de elegirlo, comprueba la tensión de trabajo, la interfaz, el encapsulado, el pinout y las dimensiones. Esta revisión es especialmente importante cuando se utiliza como recambio, accesorio o elemento de conexión.</p><h2>Características verificadas</h2><ul><li><strong>Compatibilidad:</strong> Alexa y Google Home.</li><li><strong>Frecuencia:</strong> 433 MHz.</li><li><strong>Interfaz:</strong> Wifi.</li><li><strong>Marca:</strong> SONOFF.</li><li><strong>Referencia:</strong> 2a140402.</li></ul>";19.3;15.97;15.97;EUR;taxable;;0;;outofstock;no;0;;;;;0;0;0;;111856;https://www.distribuidordeherramientas.es/wp-content/uploads/2026/07/sonoff-rf-bridge-433mhz-wifi-inalambrico-compatible-con-alexa-y-google-home-1000x1000-1.webp;111857,111858,111859,111860,111861,111862,111863,111864,111865;https://www.distribuidordeherramientas.es/wp-content/uploads/2026/07/sonoff-rf-bridge-433mhz-wifi-inalambrico-compatible-con-alexa-y-google-home-2-1000x1000-1.webp | https://www.distribuidordeherramientas.es/wp-content/uploads/2026/07/sonoff-rf-bridge-433mhz-wifi-inalambrico-compatible-con-alexa-y-google-home-3-1000x1000-1.webp | https://www.distribuidordeherramientas.es/wp-content/uploads/2026/07/sonoff-rf-bridge-433mhz-wifi-inalambrico-compatible-con-alexa-y-google-home-4-1000x1000-1.webp | https://www.distribuidordeherramientas.es/wp-content/uploads/2026/07/sonoff-rf-bridge-433mhz-wifi-inalambrico-compatible-con-alexa-y-google-home-5-1000x1000-1.webp | https://www.distribuidordeherramientas.es/wp-content/uploads/2026/07/sonoff-rf-bridge-433mhz-wifi-inalambrico-compatible-con-alexa-y-google-home-6-1000x1000-1.webp | https://www.distribuidordeherramientas.es/wp-content/uploads/2026/07/sonoff-rf-bridge-433mhz-wifi-inalambrico-compatible-con-alexa-y-google-home-7-1000x1000-1.webp | https://www.distribuidordeherramientas.es/wp-content/uploads/2026/07/sonoff-rf-bridge-433mhz-wifi-inalambrico-compatible-con-alexa-y-google-home-8-1000x1000-1.webp | https://www.distribuidordeherramientas.es/wp-content/uploads/2026/07/sonoff-rf-bridge-433mhz-wifi-inalambrico-compatible-con-alexa-y-google-home-9-1000x1000-1.webp | https://www.distribuidordeherramientas.es/wp-content/uploads/2026/07/sonoff-rf-bridge-433mhz-wifi-inalambrico-compatible-con-alexa-y-google-home-10-1000x1000-1.webp;0;;2026-07-28 21:41:17;2026-08-20 15:56:36
2.1;111866;1b080201-rf-bridge-r2;simple;Sonoff RF Bridge R2 433MHz Wifi - Puente entre mandos 433MHz y WiFi;sonoff-rf-bridge-r2-433mhz-wifi-puente-entre-mandos-433mhz-y-wifi;https://www.distribuidordeherramientas.es/producto/sonoff-rf-bridge-r2-433mhz-wifi-puente-entre-mandos-433mhz-y-wifi/;publish;0;visible;Bricolaje;Herramientas para el hogar;Herramientas manuales de uso doméstico;47493;Sensores, pasarelas y accesorios domóticos;44356,51978,52583,52260,49198,52259,51976;accesorio | Frecuencia 433 MHz | Interfaz Wifi / WiFi / WiFi | pasarelas y accesorios domóticos | Programación y electrónica de control | Sensores | SONOFF;product_brand;47258;SONOFF;;SATKIT;8324;3725;Electrónica y Componentes > Domótica y Smart Home;14.88;Puente RF-WiFi domótico;accesorio;Domótica y automatización;;;Domótica y automatización;"[{""ambito"":""accesorio"",""tipo"":""conectividad"",""valor"":""Wi-Fi""},{""ambito"":""accesorio"",""tipo"":""frecuencia"",""valor"":""433 MHz""},{""ambito"":""accesorio"",""tipo"":""interfaz"",""valor"":""Wifi / WiFi / WiFi""},{""ambito"":""accesorio"",""tipo"":""marca"",""valor"":""SONOFF""},{""ambito"":""accesorio"",""tipo"":""producto"",""valor"":""RF Bridge R2""},{""ambito"":""accesorio"",""tipo"":""subtipo"",""valor"":""sonoff rf bridge r2 wifi""}]";accesorio:conectividad=Wi-Fi | accesorio:frecuencia=433 MHz | accesorio:interfaz=Wifi / WiFi / WiFi | accesorio:marca=SONOFF | accesorio:producto=RF Bridge R2 | accesorio:subtipo=sonoff rf bridge r2 wifi;"[{""name"":""Frecuencia"",""taxonomy"":"""",""is_taxonomy"":0,""options"":[""433 MHz""],""visible"":1,""variation"":0,""position"":0},{""name"":""Interfaz"",""taxonomy"":"""",""is_taxonomy"":0,""options"":[""Wifi / WiFi / WiFi""],""visible"":1,""variation"":0,""position"":1}]";"Sonoff RF Bridge R2 433MHz Wifi - Puente entre mandos 433MHz y WiFi es un producto pensado para montaje, prototipado y reparación de circuitos electrónicos. Sus datos verificados incluyen frecuencia: 433 MHz; interfaz: Wifi / WiFi / WiFi. Antes de comprar, comprueba la tensión de trabajo, la interfaz, el encapsulado, el pinout y las dimensiones para confirmar que corresponde a la aplicación prevista. Referencia: 1b080201-rf-bridge-r2.";"<h2>Descripción</h2><p><strong>Sonoff RF Bridge R2 433MHz Wifi - Puente entre mandos 433MHz y WiFi</strong> es un producto pensado para montaje, prototipado y reparación de circuitos electrónicos dentro de la categoría sensores, pasarelas y accesorios domóticos. Su identificación y características permiten diferenciarlo de otras referencias parecidas.</p><p>Sus especificaciones verificadas incluyen frecuencia: 433 MHz; interfaz: Wifi / WiFi / WiFi. Estos datos permiten comparar esta referencia con otros modelos y escoger la opción que encaje con el trabajo previsto.</p><p>Antes de elegirlo, comprueba la tensión de trabajo, la interfaz, el encapsulado, el pinout y las dimensiones. Esta revisión es especialmente importante cuando se utiliza como recambio, accesorio o elemento de conexión.</p><h2>Características verificadas</h2><ul><li><strong>Frecuencia:</strong> 433 MHz.</li><li><strong>Interfaz:</strong> Wifi / WiFi / WiFi.</li><li><strong>Marca:</strong> SONOFF.</li><li><strong>Referencia:</strong> 1b080201-rf-bridge-r2.</li></ul>";21.58;17.86;17.86;EUR;taxable;;0;;instock;no;0;;;;;0;0;0;;111867;https://www.distribuidordeherramientas.es/wp-content/uploads/2026/07/sonoff-rf-bridge-r2-433mhz-wifi-puente-entre-mandos-433mhz-y-wifi-1000x1000-1.webp;111868,111869,111870,111871,111872,111873,111874,111875,111876,111877,111878,111879;https://www.distribuidordeherramientas.es/wp-content/uploads/2026/07/sonoff-rf-bridge-r2-433mhz-wifi-puente-entre-mandos-433mhz-y-wifi-2-1000x1000-1.webp | https://www.distribuidordeherramientas.es/wp-content/uploads/2026/07/sonoff-rf-bridge-r2-433mhz-wifi-puente-entre-mandos-433mhz-y-wifi-3-1000x1000-1.webp | https://www.distribuidordeherramientas.es/wp-content/uploads/2026/07/sonoff-rf-bridge-r2-433mhz-wifi-puente-entre-mandos-433mhz-y-wifi-4-1000x1000-1.webp | https://www.distribuidordeherramientas.es/wp-content/uploads/2026/07/sonoff-rf-bridge-r2-433mhz-wifi-puente-entre-mandos-433mhz-y-wifi-5-1000x1000-1.webp | https://www.distribuidordeherramientas.es/wp-content/uploads/2026/07/sonoff-rf-bridge-r2-433mhz-wifi-puente-entre-mandos-433mhz-y-wifi-6-1000x1000-1.webp | https://www.distribuidordeherramientas.es/wp-content/uploads/2026/07/sonoff-rf-bridge-r2-433mhz-wifi-puente-entre-mandos-433mhz-y-wifi-7-1000x1000-1.webp | https://www.distribuidordeherramientas.es/wp-content/uploads/2026/07/sonoff-rf-bridge-r2-433mhz-wifi-puente-entre-mandos-433mhz-y-wifi-8-1000x1000-1.webp | https://www.distribuidordeherramientas.es/wp-content/uploads/2026/07/sonoff-rf-bridge-r2-433mhz-wifi-puente-entre-mandos-433mhz-y-wifi-9-1000x1000-1.webp | https://www.distribuidordeherramientas.es/wp-content/uploads/2026/07/sonoff-rf-bridge-r2-433mhz-wifi-puente-entre-mandos-433mhz-y-wifi-10-1000x1000-1.webp | https://www.distribuidordeherramientas.es/wp-content/uploads/2026/07/sonoff-rf-bridge-r2-433mhz-wifi-puente-entre-mandos-433mhz-y-wifi-11-1000x1000-1.webp | https://www.distribuidordeherramientas.es/wp-content/uploads/2026/07/sonoff-rf-bridge-r2-433mhz-wifi-puente-entre-mandos-433mhz-y-wifi-12-1000x1000-1.webp | https://www.distribuidordeherramientas.es/wp-content/uploads/2026/07/sonoff-rf-bridge-r2-433mhz-wifi-puente-entre-mandos-433mhz-y-wifi-13-1000x1000-1.webp;0;;2026-07-29 04:16:05;2026-08-20 15:56:36
2.1;111885;1c100605-SNZB-02;simple;SONOFF SNZB-02 Sensor de Temperatura y Humedad ZigBee Mini Inalámbrico;sonoff-snzb-02-sensor-de-temperatura-y-humedad-zigbee-mini-inalambrico;https://www.distribuidordeherramientas.es/producto/sonoff-snzb-02-sensor-de-temperatura-y-humedad-zigbee-mini-inalambrico/;publish;0;visible;Bricolaje;Herramientas para el hogar;Herramientas manuales de uso doméstico;47493;Sensores, pasarelas y accesorios domóticos;44356,52260,49198,52259,51976;accesorio | pasarelas y accesorios domóticos | Programación y electrónica de control | Sensores | SONOFF;product_brand;47258;SONOFF;;SATKIT;8328;3727;Electrónica y Componentes > Domótica y Smart Home;9.89;Sensor/dispositivo domótico;accesorio;Domótica y automatización;;;Domótica y automatización;"[{""ambito"":""accesorio"",""tipo"":""marca"",""valor"":""SONOFF""},{""ambito"":""accesorio"",""tipo"":""producto"",""valor"":""Sensores, pasarelas y accesorios domóticos""}]";accesorio:marca=SONOFF | accesorio:producto=Sensores, pasarelas y accesorios domóticos;[];SONOFF SNZB-02 Sensor de Temperatura y Humedad ZigBee Mini Inalámbrico es un producto pensado para montaje, prototipado y reparación de circuitos electrónicos. Se identifica por el modelo indicado y la referencia 1c100605-SNZB-02. Antes de comprar, comprueba la tensión de trabajo, la interfaz, el encapsulado, el pinout y las dimensiones para confirmar que corresponde a la aplicación prevista.;<h2>Descripción</h2><p><strong>SONOFF SNZB-02 Sensor de Temperatura y Humedad ZigBee Mini Inalámbrico</strong> es un producto pensado para montaje, prototipado y reparación de circuitos electrónicos dentro de la categoría sensores, pasarelas y accesorios domóticos. Su identificación y características permiten diferenciarlo de otras referencias parecidas.</p><p>Esta referencia se identifica por el modelo indicado en el título y por el SKU 1c100605-SNZB-02. Comprueba que el modelo y la referencia coincidan con la pieza, equipo o versión que necesitas antes de realizar la compra.</p><p>Antes de elegirlo, comprueba la tensión de trabajo, la interfaz, el encapsulado, el pinout y las dimensiones. Esta revisión es especialmente importante cuando se utiliza como recambio, accesorio o elemento de conexión.</p><h2>Características verificadas</h2><ul><li><strong>Marca:</strong> SONOFF.</li><li><strong>Referencia:</strong> 1c100605-SNZB-02.</li><li><strong>Categoría:</strong> Sensores, pasarelas y accesorios domóticos.</li></ul>;14.34;11.87;11.87;EUR;taxable;;0;;instock;no;0;;;;;0;0;0;;111886;https://www.distribuidordeherramientas.es/wp-content/uploads/2026/07/sonoff-snzb-02-sensor-de-temperatura-y-humedad-zigbee-mini-inalambrico-1000x1000-1.webp;111887,111888,111889,111890,111891,111892,111893,111894,111895;https://www.distribuidordeherramientas.es/wp-content/uploads/2026/07/sonoff-snzb-02-sensor-de-temperatura-y-humedad-zigbee-mini-inalambrico-2-1000x1000-1.webp | https://www.distribuidordeherramientas.es/wp-content/uploads/2026/07/sonoff-snzb-02-sensor-de-temperatura-y-humedad-zigbee-mini-inalambrico-3-1000x1000-1.webp | https://www.distribuidordeherramientas.es/wp-content/uploads/2026/07/sonoff-snzb-02-sensor-de-temperatura-y-humedad-zigbee-mini-inalambrico-4-1000x1000-1.webp | https://www.distribuidordeherramientas.es/wp-content/uploads/2026/07/sonoff-snzb-02-sensor-de-temperatura-y-humedad-zigbee-mini-inalambrico-5-1000x1000-1.webp | https://www.distribuidordeherramientas.es/wp-content/uploads/2026/07/sonoff-snzb-02-sensor-de-temperatura-y-humedad-zigbee-mini-inalambrico-6-1000x1000-1.webp | https://www.distribuidordeherramientas.es/wp-content/uploads/2026/07/sonoff-snzb-02-sensor-de-temperatura-y-humedad-zigbee-mini-inalambrico-7-1000x1000-1.webp | https://www.distribuidordeherramientas.es/wp-content/uploads/2026/07/sonoff-snzb-02-sensor-de-temperatura-y-humedad-zigbee-mini-inalambrico-8-1000x1000-1.webp | https://www.distribuidordeherramientas.es/wp-content/uploads/2026/07/sonoff-snzb-02-sensor-de-temperatura-y-humedad-zigbee-mini-inalambrico-9-1000x1000-1.webp | https://www.distribuidordeherramientas.es/wp-content/uploads/2026/07/sonoff-snzb-02-sensor-de-temperatura-y-humedad-zigbee-mini-inalambrico-10-1000x1000-1.webp;0;;2026-07-28 21:41:32;2026-08-20 15:56:36
2.1;111896;1b070302-SNZB-03;simple;SONOFF SNZB-03 Sensor de Movimiento ZigBee - Control inteligente y detección precisa;sonoff-snzb-03-sensor-de-movimiento-zigbee-control-inteligente-y-deteccion-precisa;https://www.distribuidordeherramientas.es/producto/sonoff-snzb-03-sensor-de-movimiento-zigbee-control-inteligente-y-deteccion-precisa/;publish;0;visible;Bricolaje;Herramientas para el hogar;Herramientas manuales de uso doméstico;47493;Sensores, pasarelas y accesorios domóticos;44356,52260,49198,52259,51976;accesorio | pasarelas y accesorios domóticos | Programación y electrónica de control | Sensores | SONOFF;product_brand;47258;SONOFF;;SATKIT;8319;3728;Electrónica y Componentes > Domótica y Smart Home;8.62;Sensor/dispositivo domótico;accesorio;Domótica y automatización;;;Domótica y automatización;"[{""ambito"":""accesorio"",""tipo"":""marca"",""valor"":""SONOFF""},{""ambito"":""accesorio"",""tipo"":""producto"",""valor"":""Sensores, pasarelas y accesorios domóticos""},{""ambito"":""accesorio"",""tipo"":""subtipo"",""valor"":""sonoff snzb 03 sensor de movimiento zigbee""}]";accesorio:marca=SONOFF | accesorio:producto=Sensores, pasarelas y accesorios domóticos | accesorio:subtipo=sonoff snzb 03 sensor de movimiento zigbee;[];SONOFF SNZB-03 Sensor de Movimiento ZigBee - Control inteligente y detección precisa es un producto pensado para montaje, prototipado y reparación de circuitos electrónicos. Se identifica por el modelo indicado y la referencia 1b070302-SNZB-03. Antes de comprar, comprueba la tensión de trabajo, la interfaz, el encapsulado, el pinout y las dimensiones para confirmar que corresponde a la aplicación prevista.;<h2>Descripción</h2><p><strong>SONOFF SNZB-03 Sensor de Movimiento ZigBee - Control inteligente y detección precisa</strong> es un producto pensado para montaje, prototipado y reparación de circuitos electrónicos dentro de la categoría sensores, pasarelas y accesorios domóticos. Su identificación y características permiten diferenciarlo de otras referencias parecidas.</p><p>Esta referencia se identifica por el modelo indicado en el título y por el SKU 1b070302-SNZB-03. Comprueba que el modelo y la referencia coincidan con la pieza, equipo o versión que necesitas antes de realizar la compra.</p><p>Antes de elegirlo, comprueba la tensión de trabajo, la interfaz, el encapsulado, el pinout y las dimensiones. Esta revisión es especialmente importante cuando se utiliza como recambio, accesorio o elemento de conexión.</p><h2>Características verificadas</h2><ul><li><strong>Marca:</strong> SONOFF.</li><li><strong>Referencia:</strong> 1b070302-SNZB-03.</li><li><strong>Categoría:</strong> Sensores, pasarelas y accesorios domóticos.</li></ul>;12.5;10.34;10.34;EUR;taxable;;0;;outofstock;no;0;;;;;0;0;0;;111897;https://www.distribuidordeherramientas.es/wp-content/uploads/2026/07/sonoff-snzb-03-sensor-de-movimiento-zigbee-control-inteligente-y-deteccion-1000x1000-1.webp;111898,111899,111900,111901,111902,111903,111904,111905,111906,111907,111908;https://www.distribuidordeherramientas.es/wp-content/uploads/2026/07/sonoff-snzb-03-sensor-de-movimiento-zigbee-control-inteligente-y-deteccion-2-1000x1000-1.webp | https://www.distribuidordeherramientas.es/wp-content/uploads/2026/07/sonoff-snzb-03-sensor-de-movimiento-zigbee-control-inteligente-y-deteccion-3-1000x1000-1.webp | https://www.distribuidordeherramientas.es/wp-content/uploads/2026/07/sonoff-snzb-03-sensor-de-movimiento-zigbee-control-inteligente-y-deteccion-4-1000x1000-1.webp | https://www.distribuidordeherramientas.es/wp-content/uploads/2026/07/sonoff-snzb-03-sensor-de-movimiento-zigbee-control-inteligente-y-deteccion-5-1000x1000-1.webp | https://www.distribuidordeherramientas.es/wp-content/uploads/2026/07/sonoff-snzb-03-sensor-de-movimiento-zigbee-control-inteligente-y-deteccion-6-1000x1000-1.webp | https://www.distribuidordeherramientas.es/wp-content/uploads/2026/07/sonoff-snzb-03-sensor-de-movimiento-zigbee-control-inteligente-y-deteccion-7-1000x1000-1.webp | https://www.distribuidordeherramientas.es/wp-content/uploads/2026/07/sonoff-snzb-03-sensor-de-movimiento-zigbee-control-inteligente-y-deteccion-8-1000x1000-1.webp | https://www.distribuidordeherramientas.es/wp-content/uploads/2026/07/sonoff-snzb-03-sensor-de-movimiento-zigbee-control-inteligente-y-deteccion-9-1000x1000-1.webp | https://www.distribuidordeherramientas.es/wp-content/uploads/2026/07/sonoff-snzb-03-sensor-de-movimiento-zigbee-control-inteligente-y-deteccion-10-1000x1000-1.webp | https://www.distribuidordeherramientas.es/wp-content/uploads/2026/07/sonoff-snzb-03-sensor-de-movimiento-zigbee-control-inteligente-y-deteccion-11-1000x1000-1.webp | https://www.distribuidordeherramientas.es/wp-content/uploads/2026/07/sonoff-snzb-03-sensor-de-movimiento-zigbee-control-inteligente-y-deteccion-12-1000x1000-1.webp;0;;2026-07-29 04:16:04;2026-08-20 15:56:36
2.1;111909;1b070904-sonoff-sv;simple;SONOFF SV Interruptor inalámbrico WiFi de Voltaje Seguro para Automatización de Hogar;sonoff-sv-interruptor-inalambrico-wifi-de-voltaje-seguro-para-automatizacion-de-hogar;https://www.distribuidordeherramientas.es/producto/sonoff-sv-interruptor-inalambrico-wifi-de-voltaje-seguro-para-automatizacion-de-hogar/;publish;0;visible;Bricolaje;Herramientas para el hogar;Herramientas manuales de uso doméstico;47492;Interruptores y actuadores domóticos;24170,51789,51975,49198,51976;Equipamiento | Interfaz WiFi | Interruptores y actuadores domóticos | Programación y electrónica de control | SONOFF;product_brand;47258;SONOFF;;SATKIT;8320;3729;Electrónica y Componentes > Domótica y Smart Home;7.97;Interruptores y actuadores domóticos;accesorio;Domótica y automatización;;;Domótica y automatización;"[{""ambito"":""accesorio"",""tipo"":""conectividad"",""valor"":""Wi-Fi""},{""ambito"":""accesorio"",""tipo"":""marca"",""valor"":""SONOFF""},{""ambito"":""accesorio"",""tipo"":""producto"",""valor"":""Interruptores y actuadores domóticos""},{""ambito"":""accesorio"",""tipo"":""subtipo"",""valor"":""sonoff sv interruptor inalambrico wifi de voltaje seguro para automatizacion de hogar""}]";accesorio:conectividad=Wi-Fi | accesorio:marca=SONOFF | accesorio:producto=Interruptores y actuadores domóticos | accesorio:subtipo=sonoff sv interruptor inalambrico wifi de voltaje seguro para automatizacion de hogar;"[{""name"":""Interfaz"",""taxonomy"":"""",""is_taxonomy"":0,""options"":[""WiFi""],""visible"":1,""variation"":0,""position"":0}]";SONOFF SV Interruptor inalámbrico WiFi de Voltaje Seguro para Automatización de Hogar es un producto pensado para el uso indicado por su categoría y sus características verificadas. Sus datos verificados incluyen interfaz: WiFi. Antes de comprar, comprueba las medidas, el modelo, la compatibilidad y los datos técnicos indicados para confirmar que corresponde a la aplicación prevista. Referencia: 1b070904-sonoff-sv.;<h2>Descripción</h2><p><strong>SONOFF SV Interruptor inalámbrico WiFi de Voltaje Seguro para Automatización de Hogar</strong> es un producto pensado para el uso indicado por su categoría y sus características verificadas dentro de la categoría interruptores y actuadores domóticos. Su identificación y características permiten diferenciarlo de otras referencias parecidas.</p><p>Sus especificaciones verificadas incluyen interfaz: WiFi. Estos datos permiten comparar esta referencia con otros modelos y escoger la opción que encaje con el trabajo previsto.</p><p>Antes de elegirlo, comprueba las medidas, el modelo, la compatibilidad y los datos técnicos indicados. Esta revisión es especialmente importante cuando se utiliza como recambio, accesorio o elemento de conexión.</p><h2>Características verificadas</h2><ul><li><strong>Interfaz:</strong> WiFi.</li><li><strong>Marca:</strong> SONOFF.</li><li><strong>Referencia:</strong> 1b070904-sonoff-sv.</li></ul>;11.56;9.56;9.56;EUR;taxable;;0;;instock;no;0;;;;;0;0;0;;111910;https://www.distribuidordeherramientas.es/wp-content/uploads/2026/07/sonoff-sv-interruptor-inalambrico-wifi-de-voltaje-seguro-para-automatizacion-de-1000x1000-1.webp;111911,111912,111913,111914,111915,111916;https://www.distribuidordeherramientas.es/wp-content/uploads/2026/07/sonoff-sv-interruptor-inalambrico-wifi-de-voltaje-seguro-para-automatizacion-de-2-1000x1000-1.webp | https://www.distribuidordeherramientas.es/wp-content/uploads/2026/07/sonoff-sv-interruptor-inalambrico-wifi-de-voltaje-seguro-para-automatizacion-de-3-1000x1000-1.webp | https://www.distribuidordeherramientas.es/wp-content/uploads/2026/07/sonoff-sv-interruptor-inalambrico-wifi-de-voltaje-seguro-para-automatizacion-de-4-1000x1000-1.webp | https://www.distribuidordeherramientas.es/wp-content/uploads/2026/07/sonoff-sv-interruptor-inalambrico-wifi-de-voltaje-seguro-para-automatizacion-de-5-1000x1000-1.webp | https://www.distribuidordeherramientas.es/wp-content/uploads/2026/07/sonoff-sv-interruptor-inalambrico-wifi-de-voltaje-seguro-para-automatizacion-de-6-1000x1000-1.webp | https://www.distribuidordeherramientas.es/wp-content/uploads/2026/07/sonoff-sv-interruptor-inalambrico-wifi-de-voltaje-seguro-para-automatizacion-de-7-1000x1000-1.webp;0;;2026-07-29 04:16:05;2026-08-20 15:56:36
2.1;111917;Q030105-TH10-sonoff-conmutador;simple;Sonoff TH16 Wifi - Conmutador Inteligente para Monitorización de Temperatura y Humedad;sonoff-th16-wifi-conmutador-inteligente-para-monitorizacion-de-temperatura-y-humedad;https://www.distribuidordeherramientas.es/producto/sonoff-th16-wifi-conmutador-inteligente-para-monitorizacion-de-temperatura-y-humedad/;publish;0;visible;Bricolaje;Herramientas para el hogar;Herramientas manuales de uso doméstico;47492;Interruptores y actuadores domóticos;44356,51789,51975,49198,51976;accesorio | Interfaz WiFi | Interruptores y actuadores domóticos | Programación y electrónica de control | SONOFF;product_brand;47258;SONOFF;;SATKIT;7610;3730;Electrónica y Componentes > Domótica y Smart Home;10.89;Interruptores y actuadores domóticos;accesorio;Domótica y automatización;;;Domótica y automatización;"[{""ambito"":""accesorio"",""tipo"":""conectividad"",""valor"":""Wi-Fi""},{""ambito"":""accesorio"",""tipo"":""marca"",""valor"":""SONOFF""},{""ambito"":""accesorio"",""tipo"":""producto"",""valor"":""Wifi - Conmutador Inteligente para Monitorización de Temperatura""}]";accesorio:conectividad=Wi-Fi | accesorio:marca=SONOFF | accesorio:producto=Wifi - Conmutador Inteligente para Monitorización de Temperatura;"[{""name"":""Interfaz"",""taxonomy"":"""",""is_taxonomy"":0,""options"":[""Wifi""],""visible"":1,""variation"":0,""position"":0}]";Sonoff TH16 Wifi - Conmutador Inteligente para Monitorización de Temperatura y Humedad es un producto pensado para el uso indicado por su categoría y sus características verificadas. Sus datos verificados incluyen interfaz: Wifi. Antes de comprar, comprueba las medidas, el modelo, la compatibilidad y los datos técnicos indicados para confirmar que corresponde a la aplicación prevista. Referencia: Q030105-TH10-sonoff-conmutador.;<h2>Descripción</h2><p><strong>Sonoff TH16 Wifi - Conmutador Inteligente para Monitorización de Temperatura y Humedad</strong> es un producto pensado para el uso indicado por su categoría y sus características verificadas dentro de la categoría interruptores y actuadores domóticos. Su identificación y características permiten diferenciarlo de otras referencias parecidas.</p><p>Sus especificaciones verificadas incluyen interfaz: Wifi. Estos datos permiten comparar esta referencia con otros modelos y escoger la opción que encaje con el trabajo previsto.</p><p>Antes de elegirlo, comprueba las medidas, el modelo, la compatibilidad y los datos técnicos indicados. Esta revisión es especialmente importante cuando se utiliza como recambio, accesorio o elemento de conexión.</p><h2>Características verificadas</h2><ul><li><strong>Interfaz:</strong> Wifi.</li><li><strong>Marca:</strong> SONOFF.</li><li><strong>Referencia:</strong> Q030105-TH10-sonoff-conmutador.</li></ul>;15.79;13.07;13.07;EUR;taxable;;0;;outofstock;no;0;;;;;0;0;0;;111918;https://www.distribuidordeherramientas.es/wp-content/uploads/2026/07/sonoff-th16-wifi-conmutador-inteligente-para-monitorizacion-de-temperatura-y-1000x1000-1.webp;111919,111920;https://www.distribuidordeherramientas.es/wp-content/uploads/2026/07/sonoff-th16-wifi-conmutador-inteligente-para-monitorizacion-de-temperatura-y-3-1000x1000-1.webp | https://www.distribuidordeherramientas.es/wp-content/uploads/2026/07/sonoff-th16-wifi-conmutador-inteligente-para-monitorizacion-de-temperatura-y-4-1000x1000-1.webp;0;;2026-07-28 21:41:46;2026-08-20 15:56:36
2.1;111921;1b080204-Zigbee-Bridge;simple;SONOFF ZBBridge: Puente inteligente Zigbee con soporte WiFi y Alexa;sonoff-zbbridge-puente-inteligente-zigbee-con-soporte-wifi-y-alexa;https://www.distribuidordeherramientas.es/producto/sonoff-zbbridge-puente-inteligente-zigbee-con-soporte-wifi-y-alexa/;publish;0;visible;Bricolaje;Herramientas para el hogar;Herramientas manuales de uso doméstico;47493;Sensores, pasarelas y accesorios domóticos;44356,51789,52260,49198,52259,51976;accesorio | Interfaz WiFi | pasarelas y accesorios domóticos | Programación y electrónica de control | Sensores | SONOFF;product_brand;47258;SONOFF;;SATKIT;8322;3731;Electrónica y Componentes > Domótica y Smart Home;18.88;Gateway/puente Zigbee;accesorio;Domótica y automatización;;;Domótica y automatización;"[{""ambito"":""accesorio"",""tipo"":""conectividad"",""valor"":""Wi-Fi""},{""ambito"":""accesorio"",""tipo"":""marca"",""valor"":""SONOFF""},{""ambito"":""accesorio"",""tipo"":""producto"",""valor"":""ZBBridge: Puente inteligente Zigbee""},{""ambito"":""accesorio"",""tipo"":""subtipo"",""valor"":""sonoff zbbridge puente inteligente zigbee con soporte wifi y alexa""}]";accesorio:conectividad=Wi-Fi | accesorio:marca=SONOFF | accesorio:producto=ZBBridge: Puente inteligente Zigbee | accesorio:subtipo=sonoff zbbridge puente inteligente zigbee con soporte wifi y alexa;"[{""name"":""Interfaz"",""taxonomy"":"""",""is_taxonomy"":0,""options"":[""WiFi""],""visible"":1,""variation"":0,""position"":0}]";SONOFF ZBBridge: Puente inteligente Zigbee con soporte WiFi y Alexa es un producto pensado para montaje, prototipado y reparación de circuitos electrónicos. Sus datos verificados incluyen interfaz: WiFi. Antes de comprar, comprueba la tensión de trabajo, la interfaz, el encapsulado, el pinout y las dimensiones para confirmar que corresponde a la aplicación prevista. Referencia: 1b080204-Zigbee-Bridge.;<h2>Descripción</h2><p><strong>SONOFF ZBBridge: Puente inteligente Zigbee con soporte WiFi y Alexa</strong> es un producto pensado para montaje, prototipado y reparación de circuitos electrónicos dentro de la categoría sensores, pasarelas y accesorios domóticos. Su identificación y características permiten diferenciarlo de otras referencias parecidas.</p><p>Sus especificaciones verificadas incluyen interfaz: WiFi. Estos datos permiten comparar esta referencia con otros modelos y escoger la opción que encaje con el trabajo previsto.</p><p>Antes de elegirlo, comprueba la tensión de trabajo, la interfaz, el encapsulado, el pinout y las dimensiones. Esta revisión es especialmente importante cuando se utiliza como recambio, accesorio o elemento de conexión.</p><h2>Características verificadas</h2><ul><li><strong>Interfaz:</strong> WiFi.</li><li><strong>Marca:</strong> SONOFF.</li><li><strong>Referencia:</strong> 1b080204-Zigbee-Bridge.</li></ul>;27.38;22.66;22.66;EUR;taxable;;0;;instock;no;0;;;;;0;0;0;;111922;https://www.distribuidordeherramientas.es/wp-content/uploads/2026/07/sonoff-zbbridge-puente-inteligente-zigbee-con-soporte-wifi-y-alexa-1000x1000-1.webp;111923,111924,111925,111926,111927,111928,111929,111930,111931,111574;https://www.distribuidordeherramientas.es/wp-content/uploads/2026/07/sonoff-zbbridge-puente-inteligente-zigbee-con-soporte-wifi-y-alexa-2-1000x1000-1.webp | https://www.distribuidordeherramientas.es/wp-content/uploads/2026/07/sonoff-zbbridge-puente-inteligente-zigbee-con-soporte-wifi-y-alexa-3-1000x1000-1.webp | https://www.distribuidordeherramientas.es/wp-content/uploads/2026/07/sonoff-zbbridge-puente-inteligente-zigbee-con-soporte-wifi-y-alexa-4-1000x1000-1.webp | https://www.distribuidordeherramientas.es/wp-content/uploads/2026/07/sonoff-zbbridge-puente-inteligente-zigbee-con-soporte-wifi-y-alexa-5-1000x1000-1.webp | https://www.distribuidordeherramientas.es/wp-content/uploads/2026/07/sonoff-zbbridge-puente-inteligente-zigbee-con-soporte-wifi-y-alexa-6-1000x1000-1.webp | https://www.distribuidordeherramientas.es/wp-content/uploads/2026/07/sonoff-zbbridge-puente-inteligente-zigbee-con-soporte-wifi-y-alexa-7-1000x1000-1.webp | https://www.distribuidordeherramientas.es/wp-content/uploads/2026/07/sonoff-zbbridge-puente-inteligente-zigbee-con-soporte-wifi-y-alexa-8-1000x1000-1.webp | https://www.distribuidordeherramientas.es/wp-content/uploads/2026/07/sonoff-zbbridge-puente-inteligente-zigbee-con-soporte-wifi-y-alexa-9-1000x1000-1.webp | https://www.distribuidordeherramientas.es/wp-content/uploads/2026/07/sonoff-zbbridge-puente-inteligente-zigbee-con-soporte-wifi-y-alexa-10-1000x1000-1.webp | https://www.distribuidordeherramientas.es/wp-content/uploads/2026/07/sonoff-snzb-04-sensor-de-apertura-puerta-zigbee-inalambrico-para-domotica-5-1000x1000-1.webp;0;;2026-07-29 04:16:06;2026-08-20 15:56:36
2.1;111932;1b070902-ZBDongle-P;simple;SONOFF ZBDongle-P Gateway Zigbee 3.0 USB Plus con antena para Home Assistant y Open HAB;sonoff-zbdongle-p-gateway-zigbee-3-0-usb-plus-con-antena-para-home-assistant-y-open-hab;https://www.distribuidordeherramientas.es/producto/sonoff-zbdongle-p-gateway-zigbee-3-0-usb-plus-con-antena-para-home-assistant-y-open-hab/;publish;0;visible;Bricolaje;Herramientas para el hogar;Herramientas manuales de uso doméstico;47493;Sensores, pasarelas y accesorios domóticos;44356,51342,52260,49198,52259,51976;accesorio | interfaz USB | pasarelas y accesorios domóticos | Programación y electrónica de control | Sensores | SONOFF;product_brand;47258;SONOFF;;SATKIT;8317;3732;Electrónica y Componentes > Domótica y Smart Home;22.99;Gateway/puente Zigbee;accesorio;Domótica y automatización;;;Domótica y automatización;"[{""ambito"":""accesorio"",""tipo"":""interfaz"",""valor"":""USB""},{""ambito"":""accesorio"",""tipo"":""marca"",""valor"":""SONOFF""},{""ambito"":""accesorio"",""tipo"":""producto"",""valor"":""ZBDongle-P Gateway Zigbee 3.0 USB Plus""},{""ambito"":""accesorio"",""tipo"":""subtipo"",""valor"":""sonoff zbdongle p gateway zigbee 3 0 usb plus con antena para home assistant y open hab""}]";accesorio:interfaz=USB | accesorio:marca=SONOFF | accesorio:producto=ZBDongle-P Gateway Zigbee 3.0 USB Plus | accesorio:subtipo=sonoff zbdongle p gateway zigbee 3 0 usb plus con antena para home assistant y open hab;"[{""name"":""Interfaz"",""taxonomy"":"""",""is_taxonomy"":0,""options"":[""USB""],""visible"":1,""variation"":0,""position"":0}]";SONOFF ZBDongle-P Gateway Zigbee 3.0 USB Plus con antena para Home Assistant y Open HAB es un producto pensado para conexión, adaptación o distribución de señal y alimentación. Sus datos verificados incluyen interfaz: USB. Antes de comprar, comprueba el tipo de conector, el estándar, la longitud y la compatibilidad entre ambos equipos para confirmar que corresponde a la aplicación prevista. Referencia: 1b070902-ZBDongle-P.;<h2>Descripción</h2><p><strong>SONOFF ZBDongle-P Gateway Zigbee 3.0 USB Plus con antena para Home Assistant y Open HAB</strong> es un producto pensado para conexión, adaptación o distribución de señal y alimentación dentro de la categoría sensores, pasarelas y accesorios domóticos. Su identificación y características permiten diferenciarlo de otras referencias parecidas.</p><p>Sus especificaciones verificadas incluyen interfaz: USB. Estos datos permiten comparar esta referencia con otros modelos y escoger la opción que encaje con el trabajo previsto.</p><p>Antes de elegirlo, comprueba el tipo de conector, el estándar, la longitud y la compatibilidad entre ambos equipos. Esta revisión es especialmente importante cuando se utiliza como recambio, accesorio o elemento de conexión.</p><h2>Características verificadas</h2><ul><li><strong>Interfaz:</strong> USB.</li><li><strong>Marca:</strong> SONOFF.</li><li><strong>Referencia:</strong> 1b070902-ZBDongle-P.</li></ul>;33.34;27.59;27.59;EUR;taxable;;0;;outofstock;no;0;;;;;0;0;0;;111933;https://www.distribuidordeherramientas.es/wp-content/uploads/2026/07/sonoff-zbdongle-p-gateway-zigbee-3-0-usb-plus-con-antena-para-home-assistant-y-1000x1000-1.webp;111934,111935,111936,111937,111938;https://www.distribuidordeherramientas.es/wp-content/uploads/2026/07/sonoff-zbdongle-p-gateway-zigbee-3-0-usb-plus-con-antena-para-home-assistant-y-2-1000x1000-1.webp | https://www.distribuidordeherramientas.es/wp-content/uploads/2026/07/sonoff-zbdongle-p-gateway-zigbee-3-0-usb-plus-con-antena-para-home-assistant-y-3-1000x1000-1.webp | https://www.distribuidordeherramientas.es/wp-content/uploads/2026/07/sonoff-zbdongle-p-gateway-zigbee-3-0-usb-plus-con-antena-para-home-assistant-y-4-1000x1000-1.webp | https://www.distribuidordeherramientas.es/wp-content/uploads/2026/07/sonoff-zbdongle-p-gateway-zigbee-3-0-usb-plus-con-antena-para-home-assistant-y-5-1000x1000-1.webp | https://www.distribuidordeherramientas.es/wp-content/uploads/2026/07/sonoff-zbdongle-p-gateway-zigbee-3-0-usb-plus-con-antena-para-home-assistant-y-6-1000x1000-1.webp;0;;2026-07-29 04:16:05;2026-08-20 15:56:36
2.1;111939;1b080101-ZBMINI;simple;SONOFF ZBMINI ZigBee Interruptor Inteligente Mini para Control de Luz 2 Vías;sonoff-zbmini-zigbee-interruptor-inteligente-mini-para-control-de-luz-2-vias;https://www.distribuidordeherramientas.es/producto/sonoff-zbmini-zigbee-interruptor-inteligente-mini-para-control-de-luz-2-vias/;publish;0;visible;Bricolaje;Herramientas para el hogar;Herramientas manuales de uso doméstico;47492;Interruptores y actuadores domóticos;24170,51975,49198,51976;Equipamiento | Interruptores y actuadores domóticos | Programación y electrónica de control | SONOFF;product_brand;47258;SONOFF;;SATKIT;8326;3733;Electrónica y Componentes > Domótica y Smart Home;9.68;Interruptores y actuadores domóticos;accesorio;Domótica y automatización;;;Domótica y automatización;"[{""ambito"":""accesorio"",""tipo"":""marca"",""valor"":""SONOFF""},{""ambito"":""accesorio"",""tipo"":""producto"",""valor"":""Interruptores y actuadores domóticos""},{""ambito"":""accesorio"",""tipo"":""subtipo"",""valor"":""sonoff zbmini zigbee interruptor inteligente mini para control de luz 2 vias""}]";accesorio:marca=SONOFF | accesorio:producto=Interruptores y actuadores domóticos | accesorio:subtipo=sonoff zbmini zigbee interruptor inteligente mini para control de luz 2 vias;[];SONOFF ZBMINI ZigBee Interruptor Inteligente Mini para Control de Luz 2 Vías es un producto pensado para el uso indicado por su categoría y sus características verificadas. Se identifica por el modelo indicado y la referencia 1b080101-ZBMINI. Antes de comprar, comprueba las medidas, el modelo, la compatibilidad y los datos técnicos indicados para confirmar que corresponde a la aplicación prevista.;<h2>Descripción</h2><p><strong>SONOFF ZBMINI ZigBee Interruptor Inteligente Mini para Control de Luz 2 Vías</strong> es un producto pensado para el uso indicado por su categoría y sus características verificadas dentro de la categoría interruptores y actuadores domóticos. Su identificación y características permiten diferenciarlo de otras referencias parecidas.</p><p>Esta referencia se identifica por el modelo indicado en el título y por el SKU 1b080101-ZBMINI. Comprueba que el modelo y la referencia coincidan con la pieza, equipo o versión que necesitas antes de realizar la compra.</p><p>Antes de elegirlo, comprueba las medidas, el modelo, la compatibilidad y los datos técnicos indicados. Esta revisión es especialmente importante cuando se utiliza como recambio, accesorio o elemento de conexión.</p><h2>Características verificadas</h2><ul><li><strong>Marca:</strong> SONOFF.</li><li><strong>Referencia:</strong> 1b080101-ZBMINI.</li><li><strong>Categoría:</strong> Interruptores y actuadores domóticos.</li></ul>;14.04;11.62;11.62;EUR;taxable;;0;;instock;no;0;;;;;0;0;0;;111940;https://www.distribuidordeherramientas.es/wp-content/uploads/2026/07/sonoff-zbmini-zigbee-interruptor-inteligente-mini-para-control-de-luz-2-vias-1000x1000-1.webp;111941,111942,111943,111944,111945,111946,111947,111948,111949,111950,111951,111952,111953,111954,111955,111956,111957,111958,111959,111960;https://www.distribuidordeherramientas.es/wp-content/uploads/2026/07/sonoff-zbmini-zigbee-interruptor-inteligente-mini-para-control-de-luz-2-vias-2-1000x1000-1.webp | https://www.distribuidordeherramientas.es/wp-content/uploads/2026/07/sonoff-zbmini-zigbee-interruptor-inteligente-mini-para-control-de-luz-2-vias-3-1000x1000-1.webp | https://www.distribuidordeherramientas.es/wp-content/uploads/2026/07/sonoff-zbmini-zigbee-interruptor-inteligente-mini-para-control-de-luz-2-vias-4-1000x1000-1.webp | https://www.distribuidordeherramientas.es/wp-content/uploads/2026/07/sonoff-zbmini-zigbee-interruptor-inteligente-mini-para-control-de-luz-2-vias-5-1000x1000-1.webp | https://www.distribuidordeherramientas.es/wp-content/uploads/2026/07/sonoff-zbmini-zigbee-interruptor-inteligente-mini-para-control-de-luz-2-vias-6-1000x1000-1.webp | https://www.distribuidordeherramientas.es/wp-content/uploads/2026/07/sonoff-zbmini-zigbee-interruptor-inteligente-mini-para-control-de-luz-2-vias-7-1000x1000-1.webp | https://www.distribuidordeherramientas.es/wp-content/uploads/2026/07/sonoff-zbmini-zigbee-interruptor-inteligente-mini-para-control-de-luz-2-vias-8-1000x1000-1.webp | https://www.distribuidordeherramientas.es/wp-content/uploads/2026/07/sonoff-zbmini-zigbee-interruptor-inteligente-mini-para-control-de-luz-2-vias-9-1000x1000-1.webp | https://www.distribuidordeherramientas.es/wp-content/uploads/2026/07/sonoff-zbmini-zigbee-interruptor-inteligente-mini-para-control-de-luz-2-vias-10-1000x1000-1.webp | https://www.distribuidordeherramientas.es/wp-content/uploads/2026/07/sonoff-zbmini-zigbee-interruptor-inteligente-mini-para-control-de-luz-2-vias-11-1000x1000-1.webp | https://www.distribuidordeherramientas.es/wp-content/uploads/2026/07/sonoff-zbmini-zigbee-interruptor-inteligente-mini-para-control-de-luz-2-vias-12-1000x1000-1.webp | https://www.distribuidordeherramientas.es/wp-content/uploads/2026/07/sonoff-zbmini-zigbee-interruptor-inteligente-mini-para-control-de-luz-2-vias-13-1000x1000-1.webp | https://www.distribuidordeherramientas.es/wp-content/uploads/2026/07/sonoff-zbmini-zigbee-interruptor-inteligente-mini-para-control-de-luz-2-vias-14-1000x1000-1.webp | https://www.distribuidordeherramientas.es/wp-content/uploads/2026/07/sonoff-zbmini-zigbee-interruptor-inteligente-mini-para-control-de-luz-2-vias-15-1000x1000-1.webp | https://www.distribuidordeherramientas.es/wp-content/uploads/2026/07/sonoff-zbmini-zigbee-interruptor-inteligente-mini-para-control-de-luz-2-vias-16-1000x1000-1.webp | https://www.distribuidordeherramientas.es/wp-content/uploads/2026/07/sonoff-zbmini-zigbee-interruptor-inteligente-mini-para-control-de-luz-2-vias-17-1000x1000-1.webp | https://www.distribuidordeherramientas.es/wp-content/uploads/2026/07/sonoff-zbmini-zigbee-interruptor-inteligente-mini-para-control-de-luz-2-vias-18-1000x1000-1.webp | https://www.distribuidordeherramientas.es/wp-content/uploads/2026/07/sonoff-zbmini-zigbee-interruptor-inteligente-mini-para-control-de-luz-2-vias-19-1000x1000-1.webp | https://www.distribuidordeherramientas.es/wp-content/uploads/2026/07/sonoff-zbmini-zigbee-interruptor-inteligente-mini-para-control-de-luz-2-vias-20-1000x1000-1.webp | https://www.distribuidordeherramientas.es/wp-content/uploads/2026/07/sonoff-zbmini-zigbee-interruptor-inteligente-mini-para-control-de-luz-2-vias-21-1000x1000-1.webp;0;;2026-07-29 04:16:05;2026-08-20 15:56:36
2.1;111961;1b080301-SNZB-01-interruptor;simple;SONOFF ZigBee Interruptor Inalámbrico SNZB-01 con Control por Pulsación Simple, Doble y Larga;sonoff-zigbee-interruptor-inalambrico-snzb-01-con-control-por-pulsacion-simple-doble-y-larga;https://www.distribuidordeherramientas.es/producto/sonoff-zigbee-interruptor-inalambrico-snzb-01-con-control-por-pulsacion-simple-doble-y-larga/;publish;0;visible;Bricolaje;Herramientas para el hogar;Herramientas manuales de uso doméstico;47492;Interruptores y actuadores domóticos;52584,24170,51975,49198,51976;Doble y | Equipamiento | Interruptores y actuadores domóticos | Programación y electrónica de control | SONOFF;product_brand;47258;SONOFF;;SATKIT;8329;3734;Electrónica y Componentes > Domótica y Smart Home;7.99;Interruptores y actuadores domóticos;accesorio;Domótica y automatización;;;Domótica y automatización;"[{""ambito"":""accesorio"",""tipo"":""marca"",""valor"":""SONOFF""},{""ambito"":""accesorio"",""tipo"":""producto"",""valor"":""Interruptores y actuadores domóticos""},{""ambito"":""accesorio"",""tipo"":""subtipo"",""valor"":""sonoff zigbee interruptor inalambrico snzb 01 con control por pulsacion simple""}]";accesorio:marca=SONOFF | accesorio:producto=Interruptores y actuadores domóticos | accesorio:subtipo=sonoff zigbee interruptor inalambrico snzb 01 con control por pulsacion simple;[];SONOFF ZigBee Interruptor Inalámbrico SNZB-01 con Control por Pulsación Simple, Doble y Larga es un producto pensado para el uso indicado por su categoría y sus características verificadas. Se identifica por el modelo indicado y la referencia 1b080301-SNZB-01-interruptor. Antes de comprar, comprueba las medidas, el modelo, la compatibilidad y los datos técnicos indicados para confirmar que corresponde a la aplicación prevista.;<h2>Descripción</h2><p><strong>SONOFF ZigBee Interruptor Inalámbrico SNZB-01 con Control por Pulsación Simple, Doble y Larga</strong> es un producto pensado para el uso indicado por su categoría y sus características verificadas dentro de la categoría interruptores y actuadores domóticos. Su identificación y características permiten diferenciarlo de otras referencias parecidas.</p><p>Esta referencia se identifica por el modelo indicado en el título y por el SKU 1b080301-SNZB-01-interruptor. Comprueba que el modelo y la referencia coincidan con la pieza, equipo o versión que necesitas antes de realizar la compra.</p><p>Antes de elegirlo, comprueba las medidas, el modelo, la compatibilidad y los datos técnicos indicados. Esta revisión es especialmente importante cuando se utiliza como recambio, accesorio o elemento de conexión.</p><h2>Características verificadas</h2><ul><li><strong>Marca:</strong> SONOFF.</li><li><strong>Referencia:</strong> 1b080301-SNZB-01-interruptor.</li><li><strong>Categoría:</strong> Interruptores y actuadores domóticos.</li></ul>;11.59;9.59;9.59;EUR;taxable;;0;;outofstock;no;0;;;;;0;0;0;;111962;https://www.distribuidordeherramientas.es/wp-content/uploads/2026/07/sonoff-zigbee-interruptor-inalambrico-snzb-01-con-control-por-pulsacion-simple-1000x1000-1.webp;111963,111964,111965,111966,111967,111968,111969,111970,111971;https://www.distribuidordeherramientas.es/wp-content/uploads/2026/07/sonoff-zigbee-interruptor-inalambrico-snzb-01-con-control-por-pulsacion-simple-2-1000x1000-1.webp | https://www.distribuidordeherramientas.es/wp-content/uploads/2026/07/sonoff-zigbee-interruptor-inalambrico-snzb-01-con-control-por-pulsacion-simple-3-1000x1000-1.webp | https://www.distribuidordeherramientas.es/wp-content/uploads/2026/07/sonoff-zigbee-interruptor-inalambrico-snzb-01-con-control-por-pulsacion-simple-4-1000x1000-1.webp | https://www.distribuidordeherramientas.es/wp-content/uploads/2026/07/sonoff-zigbee-interruptor-inalambrico-snzb-01-con-control-por-pulsacion-simple-5-1000x1000-1.webp | https://www.distribuidordeherramientas.es/wp-content/uploads/2026/07/sonoff-zigbee-interruptor-inalambrico-snzb-01-con-control-por-pulsacion-simple-6-1000x1000-1.webp | https://www.distribuidordeherramientas.es/wp-content/uploads/2026/07/sonoff-zigbee-interruptor-inalambrico-snzb-01-con-control-por-pulsacion-simple-7-1000x1000-1.webp | https://www.distribuidordeherramientas.es/wp-content/uploads/2026/07/sonoff-zigbee-interruptor-inalambrico-snzb-01-con-control-por-pulsacion-simple-8-1000x1000-1.webp | https://www.distribuidordeherramientas.es/wp-content/uploads/2026/07/sonoff-zigbee-interruptor-inalambrico-snzb-01-con-control-por-pulsacion-simple-9-1000x1000-1.webp | https://www.distribuidordeherramientas.es/wp-content/uploads/2026/07/sonoff-zigbee-interruptor-inalambrico-snzb-01-con-control-por-pulsacion-simple-10-1000x1000-1.webp;0;;2026-07-29 04:16:06;2026-08-20 15:56:36
2.1;115718;1b070702-baserm422r2;simple;Base para mando a distancia SONOFF RM433R2 para montaje en pared;base-para-mando-a-distancia-sonoff-rm433r2-para-montaje-en-pared;https://www.distribuidordeherramientas.es/producto/base-para-mando-a-distancia-sonoff-rm433r2-para-montaje-en-pared/;publish;0;visible;Bricolaje;Herramientas para el hogar;Herramientas manuales de uso doméstico;47493;Sensores, pasarelas y accesorios domóticos;44356,52503,52505,52507,52260,52502,52259,51976;accesorio | Arduino y módulos | Desarrollo de circuitos | Módulo o componente para desarrollo electrónico | pasarelas y accesorios domóticos | Prototipado electrónico | Sensores | SONOFF;product_brand;47258;SONOFF;;SATKIT;8336;425;Informática y Conectividad > Comunicaciones y Audio > Mandos a Distancia;3.63;Soporte/base para mando domótico;accesorio;Domótica y automatización;;;Domótica y automatización;"[{""ambito"":""accesorio"",""tipo"":""marca"",""valor"":""SONOFF""},{""ambito"":""accesorio"",""tipo"":""producto"",""valor"":""Base para mando a distancia SONOFF RM433R2 para montaje""},{""ambito"":""accesorio"",""tipo"":""subtipo"",""valor"":""base para mando a distancia sonoff rm433r2 para montaje en pared""}]";accesorio:marca=SONOFF | accesorio:producto=Base para mando a distancia SONOFF RM433R2 para montaje | accesorio:subtipo=base para mando a distancia sonoff rm433r2 para montaje en pared;[];"Módulo o componente para desarrollo electrónico se utiliza para incorporar una función de control, detección, movimiento o conexión a un prototipo electrónico. Permite probar una función antes de diseñar el sistema definitivo; su uso es especialmente relevante en automatización, robótica, enseñanza, sensores, actuadores y dispositivos conectados.";<h2>Descripción</h2><p>Módulo o componente para desarrollo electrónico se utiliza para incorporar una función de control, detección, movimiento o conexión a un prototipo electrónico. El componente se integra en el circuito y se conecta a la alimentación y señales previstas. Su comportamiento se configura mediante cableado, programación o componentes auxiliares según el proyecto.</p><p>En la práctica, permite probar una función antes de diseñar el sistema definitivo, facilita modificar el comportamiento del prototipo y ayuda a aislar y comprobar cada parte del proyecto por separado. Se utiliza en automatización, robótica, enseñanza, sensores, actuadores y dispositivos conectados. Sus usuarios habituales son estudiantes, desarrolladores, makers, técnicos e ingenieros.</p><p>Suele trabajar junto con placas de control, fuentes, cables, protoboards, sensores, actuadores y entornos de programación. Deben comprobarse tensión, interfaz, librerías, capacidad de control y requisitos mecánicos o eléctricos del proyecto.</p><h2>Características principales</h2><ul><li><strong>Integración en prototipos:</strong> Añade una función concreta al circuito o sistema en desarrollo.</li><li><strong>Control por señales:</strong> Trabaja con entradas, salidas o comunicación de acuerdo con el diseño del proyecto.</li><li><strong>Prueba modular:</strong> Permite validar una parte del sistema antes de construir la solución definitiva.</li><li><strong>Contexto de uso:</strong> Se utiliza en automatización, robótica, enseñanza, sensores, actuadores y dispositivos conectados.</li></ul>;5.26;4.36;4.36;EUR;taxable;;0;;instock;no;0;;;;;0;0;0;;115719;https://www.distribuidordeherramientas.es/wp-content/uploads/2026/07/base-para-mando-a-distancia-sonoff-rm433r2-para-montaje-en-pared-1000x1000-1.webp;115720,115721;https://www.distribuidordeherramientas.es/wp-content/uploads/2026/07/base-para-mando-a-distancia-sonoff-rm433r2-para-montaje-en-pared-2-1000x1000-1.webp | https://www.distribuidordeherramientas.es/wp-content/uploads/2026/07/base-para-mando-a-distancia-sonoff-rm433r2-para-montaje-en-pared-3-1000x1000-1.webp;0;;2026-07-29 21:16:48;2026-08-20 15:57:09
2.1;115989;C04010X-camara exterior;simple;Cámara IP exterior WiFi con infrarrojos compatible Android, iPhone y PC;camara-ip-exterior-wifi-con-infrarrojos-compatible-android-iphone-y-pc;https://www.distribuidordeherramientas.es/producto/camara-ip-exterior-wifi-con-infrarrojos-compatible-android-iphone-y-pc/;publish;0;visible;Bricolaje;Herramientas para el hogar;Herramientas manuales de uso doméstico;47505;Cámaras IP y videovigilancia;51917,24170,52389,52387,50811,48715,52388;Cámaras IP y videovigilancia | Equipamiento | Herramienta o recambio para reparación de dispositivos móviles | Herramientas de telefonía | Reparación de móviles | SATKIT | Servicio técnico;product_brand;36879;SATKIT;;SATKIT;5540;1232;Informática y Conectividad > Redes y Conectividad;68.97;Cámaras IP y videovigilancia;equipamiento;Domótica y automatización;;;Domótica y automatización;"[{""ambito"":""equipamiento"",""tipo"":""conectividad"",""valor"":""Wi-Fi""},{""ambito"":""equipamiento"",""tipo"":""producto"",""valor"":""Cámaras IP y videovigilancia""},{""ambito"":""equipamiento"",""tipo"":""subtipo"",""valor"":""camara ip exterior wifi con infrarrojos""}]";equipamiento:conectividad=Wi-Fi | equipamiento:producto=Cámaras IP y videovigilancia | equipamiento:subtipo=camara ip exterior wifi con infrarrojos;[];"Cámara ip exterior wifi con infrarrojos compatible android se utiliza para intervenir en el desmontaje, sustitución, montaje o recuperación de componentes de teléfonos y tabletas. Permite realizar la intervención con un útil adaptado al tipo de componente; su uso es especialmente relevante en sustitución de pantallas, baterías, conectores, cámaras, carcasas y otros trabajos de servicio técnico.";<h2>Descripción</h2><p>Cámara ip exterior wifi con infrarrojos compatible android se utiliza para intervenir en el desmontaje, sustitución, montaje o recuperación de componentes de teléfonos y tabletas. El producto se utiliza en una etapa concreta de la reparación, junto con herramientas de apertura, control térmico, adhesivos o útiles de precisión. El procedimiento debe adaptarse al dispositivo para evitar daños en conectores, flex y superficies.</p><p>En la práctica, permite realizar la intervención con un útil adaptado al tipo de componente, reduce el riesgo de marcar carcasas o dañar piezas durante el desmontaje y facilita organizar una reparación por etapas. Se emplea en sustitución de pantallas, baterías, conectores, cámaras, carcasas y otros trabajos de servicio técnico. Sus usuarios habituales son técnicos de telefonía, talleres de reparación y usuarios con experiencia.</p><p>Suele trabajar junto con destornilladores de precisión, herramientas de apertura, adhesivos, equipos térmicos y protección ESD. Debe comprobarse la compatibilidad con el dispositivo y la fase de reparación. Un útil de apertura, un adhesivo o un recambio no son intercambiables entre todos los modelos.</p><h2>Características principales</h2><ul><li><strong>Intervención específica:</strong> Participa en una fase concreta del desmontaje, reparación o montaje del dispositivo.</li><li><strong>Protección de componentes:</strong> El uso del útil adecuado reduce esfuerzos sobre flex, conectores y superficies.</li><li><strong>Trabajo por etapas:</strong> Se integra con herramientas de precisión, adhesivos y equipos de control térmico.</li><li><strong>Contexto de uso:</strong> Se emplea en sustitución de pantallas, baterías, conectores, cámaras, carcasas y otros trabajos de servicio técnico.</li></ul>;100.01;82.76;82.76;EUR;taxable;;0;;outofstock;no;0;;;;;0;0;0;;115990;https://www.distribuidordeherramientas.es/wp-content/uploads/2026/07/camara-ip-exterior-wifi-con-infrarrojos-compatible-android-iphone-y-pc-1000x1000-1.webp;;;0;;2026-07-29 21:18:42;2026-08-20 15:57:12
2.1;116175;P010203;simple;Dreambox Wifi Bridge Vap11g - Adaptador Wifi para Dreambox y Openbox;dreambox-wifi-bridge-vap11g-adaptador-wifi-para-dreambox-y-openbox;https://www.distribuidordeherramientas.es/producto/dreambox-wifi-bridge-vap11g-adaptador-wifi-para-dreambox-y-openbox/;publish;0;visible;Bricolaje;Herramientas para el hogar;Herramientas manuales de uso doméstico;47493;Sensores, pasarelas y accesorios domóticos;44356,52560,52566,52562,52260,52564,52259,52649;accesorio | Conectividad de red | Equipo de conectividad de red | Ethernet y Wi-Fi | pasarelas y accesorios domóticos | Red local | Sensores | Vonets;product_brand;47452;Vonets;;SATKIT;4792;1737;Informática y Conectividad > Comunicaciones y Audio > LNB y Receptores Satélite;20.57;Adaptador/bridge Wi-Fi;accesorio;Informática, redes y almacenamiento;;;Informática, redes y almacenamiento;"[{""ambito"":""accesorio"",""tipo"":""compatibilidad"",""valor"":""Dreambox y Openbox""},{""ambito"":""accesorio"",""tipo"":""conectividad"",""valor"":""Wi-Fi""},{""ambito"":""accesorio"",""tipo"":""marca"",""valor"":""Openbox""},{""ambito"":""accesorio"",""tipo"":""producto"",""valor"":""Dreambox Wifi Bridge Vap11g - Adaptador Wifi""},{""ambito"":""accesorio"",""tipo"":""subtipo"",""valor"":""dreambox wifi bridge vap11g""}]";accesorio:compatibilidad=Dreambox y Openbox | accesorio:conectividad=Wi-Fi | accesorio:marca=Openbox | accesorio:producto=Dreambox Wifi Bridge Vap11g - Adaptador Wifi | accesorio:subtipo=dreambox wifi bridge vap11g;[];"Equipo de conectividad de red se utiliza para transportar, ampliar o distribuir la conexión de datos entre equipos de una red local. Permite llevar conectividad a zonas donde la cobertura o el cableado son insuficientes; su uso es especialmente relevante en hogares, oficinas, talleres, videovigilancia, automatización y equipos conectados.";<h2>Descripción</h2><p>Equipo de conectividad de red se utiliza para transportar, ampliar o distribuir la conexión de datos entre equipos de una red local. El dispositivo se conecta a la infraestructura disponible y gestiona el paso de datos entre sus interfaces. La ubicación, el cableado, la configuración y las condiciones de la red determinan el resultado obtenido.</p><p>En la práctica, permite llevar conectividad a zonas donde la cobertura o el cableado son insuficientes, facilita conectar varios equipos a una misma red y ayuda a organizar la comunicación entre dispositivos domésticos o profesionales. Se utiliza en hogares, oficinas, talleres, videovigilancia, automatización y equipos conectados. Sus usuarios habituales son instaladores, técnicos informáticos y usuarios de redes locales.</p><p>Suele trabajar junto con routers, cables de red, tomas eléctricas, puntos de acceso y equipos compatibles. Conviene valorar el tipo de conexión, la velocidad real necesaria, la distancia, la instalación existente y las funciones de gestión o seguridad.</p><h2>Características principales</h2><ul><li><strong>Extensión de la red:</strong> Permite acercar la conectividad a equipos situados en otra zona.</li><li><strong>Interconexión de dispositivos:</strong> Gestiona el paso de datos entre las interfaces disponibles.</li><li><strong>Dependencia del entorno:</strong> El rendimiento final está condicionado por cableado, cobertura, interferencias y configuración.</li><li><strong>Contexto de uso:</strong> Se utiliza en hogares, oficinas, talleres, videovigilancia, automatización y equipos conectados.</li></ul>;29.83;24.68;24.68;EUR;taxable;;0;;outofstock;no;0;;;;;0;0;0;;116176;https://www.distribuidordeherramientas.es/wp-content/uploads/2026/07/dreambox-wifi-bridge-vap11g-adaptador-wifi-para-dreambox-y-openbox-1000x1000-1.webp;116177,116178;https://www.distribuidordeherramientas.es/wp-content/uploads/2026/07/dreambox-wifi-bridge-vap11g-adaptador-wifi-para-dreambox-y-openbox-2-1000x1000-1.webp | https://www.distribuidordeherramientas.es/wp-content/uploads/2026/07/dreambox-wifi-bridge-vap11g-adaptador-wifi-para-dreambox-y-openbox-3-1000x1000-1.webp;0;;2026-07-29 21:20:00;2026-08-20 15:57:13
2.1;116405;1b070804-RM433R2;simple;Mando a distancia SONOFF RM433R2 para control de dispositivos por radio frecuencia 433MHz;mando-a-distancia-sonoff-rm433r2-para-control-de-dispositivos-por-radio-frecuencia-433mhz;https://www.distribuidordeherramientas.es/producto/mando-a-distancia-sonoff-rm433r2-para-control-de-dispositivos-por-radio-frecuencia-433mhz/;publish;0;visible;Bricolaje;Herramientas para el hogar;Herramientas manuales de uso doméstico;47493;Sensores, pasarelas y accesorios domóticos;44356,52503,52505,52507,52260,52502,52259,51976;accesorio | Arduino y módulos | Desarrollo de circuitos | Módulo o componente para desarrollo electrónico | pasarelas y accesorios domóticos | Prototipado electrónico | Sensores | SONOFF;product_brand;47258;SONOFF;;SATKIT;8335;2568;Informática y Conectividad > Comunicaciones y Audio > Walkie Talkies y Radio;6.99;Mando RF para domótica;accesorio;Domótica y automatización;;;Domótica y automatización;"[{""ambito"":""accesorio"",""tipo"":""frecuencia"",""valor"":""433 MHz""},{""ambito"":""accesorio"",""tipo"":""marca"",""valor"":""SONOFF""},{""ambito"":""accesorio"",""tipo"":""producto"",""valor"":""Mando a distancia SONOFF RM433R2 para control de dispositivos""},{""ambito"":""accesorio"",""tipo"":""subtipo"",""valor"":""mando a distancia sonoff rm433r2 para control de dispositivos por radio frecuencia""}]";accesorio:frecuencia=433 MHz | accesorio:marca=SONOFF | accesorio:producto=Mando a distancia SONOFF RM433R2 para control de dispositivos | accesorio:subtipo=mando a distancia sonoff rm433r2 para control de dispositivos por radio frecuencia;[];"Módulo o componente para desarrollo electrónico se utiliza para incorporar una función de control, detección, movimiento o conexión a un prototipo electrónico. Permite probar una función antes de diseñar el sistema definitivo; su uso es especialmente relevante en automatización, robótica, enseñanza, sensores, actuadores y dispositivos conectados.";<h2>Descripción</h2><p>Módulo o componente para desarrollo electrónico se utiliza para incorporar una función de control, detección, movimiento o conexión a un prototipo electrónico. El componente se integra en el circuito y se conecta a la alimentación y señales previstas. Su comportamiento se configura mediante cableado, programación o componentes auxiliares según el proyecto.</p><p>En la práctica, permite probar una función antes de diseñar el sistema definitivo, facilita modificar el comportamiento del prototipo y ayuda a aislar y comprobar cada parte del proyecto por separado. Se utiliza en automatización, robótica, enseñanza, sensores, actuadores y dispositivos conectados. Sus usuarios habituales son estudiantes, desarrolladores, makers, técnicos e ingenieros.</p><p>Suele trabajar junto con placas de control, fuentes, cables, protoboards, sensores, actuadores y entornos de programación. Deben comprobarse tensión, interfaz, librerías, capacidad de control y requisitos mecánicos o eléctricos del proyecto.</p><h2>Características principales</h2><ul><li><strong>Integración en prototipos:</strong> Añade una función concreta al circuito o sistema en desarrollo.</li><li><strong>Control por señales:</strong> Trabaja con entradas, salidas o comunicación de acuerdo con el diseño del proyecto.</li><li><strong>Prueba modular:</strong> Permite validar una parte del sistema antes de construir la solución definitiva.</li><li><strong>Contexto de uso:</strong> Se utiliza en automatización, robótica, enseñanza, sensores, actuadores y dispositivos conectados.</li></ul>;10.14;8.39;8.39;EUR;taxable;;0;;instock;no;0;;;;;0;0;0;;116407;https://www.distribuidordeherramientas.es/wp-content/uploads/2026/07/mando-a-distancia-sonoff-rm433r2-para-control-de-dispositivos-por-radio-1000x1000-1.webp;116409,116411,116413,116415,116417,116419,116421,116423,115721;https://www.distribuidordeherramientas.es/wp-content/uploads/2026/07/mando-a-distancia-sonoff-rm433r2-para-control-de-dispositivos-por-radio-2-1000x1000-1.webp | https://www.distribuidordeherramientas.es/wp-content/uploads/2026/07/mando-a-distancia-sonoff-rm433r2-para-control-de-dispositivos-por-radio-3-1000x1000-1.webp | https://www.distribuidordeherramientas.es/wp-content/uploads/2026/07/mando-a-distancia-sonoff-rm433r2-para-control-de-dispositivos-por-radio-4-1000x1000-1.webp | https://www.distribuidordeherramientas.es/wp-content/uploads/2026/07/mando-a-distancia-sonoff-rm433r2-para-control-de-dispositivos-por-radio-5-1000x1000-1.webp | https://www.distribuidordeherramientas.es/wp-content/uploads/2026/07/mando-a-distancia-sonoff-rm433r2-para-control-de-dispositivos-por-radio-6-1000x1000-1.webp | https://www.distribuidordeherramientas.es/wp-content/uploads/2026/07/mando-a-distancia-sonoff-rm433r2-para-control-de-dispositivos-por-radio-7-1000x1000-1.webp | https://www.distribuidordeherramientas.es/wp-content/uploads/2026/07/mando-a-distancia-sonoff-rm433r2-para-control-de-dispositivos-por-radio-8-1000x1000-1.webp | https://www.distribuidordeherramientas.es/wp-content/uploads/2026/07/mando-a-distancia-sonoff-rm433r2-para-control-de-dispositivos-por-radio-9-1000x1000-1.webp | https://www.distribuidordeherramientas.es/wp-content/uploads/2026/07/base-para-mando-a-distancia-sonoff-rm433r2-para-montaje-en-pared-3-1000x1000-1.webp;0;;2026-07-29 21:21:16;2026-08-20 15:57:14
2.1;117114;2B070101-ext-abrazadera;simple;Alicates abrazaderas manguera profesional para extracción e instalación;alicates-abrazaderas-manguera-profesional-para-extraccion-e-instalacion;https://www.distribuidordeherramientas.es/producto/alicates-abrazaderas-manguera-profesional-para-extraccion-e-instalacion/;publish;0;visible;Bricolaje;Herramientas para el hogar;Herramientas manuales de uso doméstico;40229;Alicates;40827,52529,52527,40617,49616,52528,51111;alicates | Alicates o pinzas de trabajo | Alicates profesionales | herramienta | herramienta manual | Pinzas de trabajo | TSX TOOL;product_brand;47094;TSX TOOL;;SATKIT;6920;162;Automoción y Diagnóstico > Herramientas de Taller Mecánico > Herramientas Especializadas Auto;6.05;Alicates;herramienta;Mantenimiento y limpieza de vehículos;;;Mantenimiento y limpieza de vehículos;"[{""ambito"":""herramienta"",""tipo"":""producto"",""valor"":""Alicates""}]";herramienta:producto=Alicates;[];"Alicates o pinzas de trabajo se utilizan para sujetar, doblar, cortar o manipular piezas pequeñas con un control mayor que el obtenido directamente con la mano. Mejora el control sobre componentes pequeños o difíciles de sujetar; su uso es especialmente relevante en mecánica, electricidad, electrónica, montaje y reparación, según el diseño de las mordazas.";<h2>Descripción</h2><p>Alicates o pinzas de trabajo se utilizan para sujetar, doblar, cortar o manipular piezas pequeñas con un control mayor que el obtenido directamente con la mano. Las mordazas concentran la fuerza en la zona de contacto y permiten mantener la pieza en una posición estable mientras se realiza la operación. La forma de la boca determina si la herramienta está orientada a corte, agarre, extracción o montaje.</p><p>En la práctica, mejora el control sobre componentes pequeños o difíciles de sujetar, reduce el riesgo de marcar piezas al utilizar la geometría apropiada y permite aplicar fuerza en zonas con acceso limitado. Se emplea en mecánica, electricidad, electrónica, montaje y reparación, según el diseño de las mordazas. Sus usuarios habituales son mecánicos, electricistas, instaladores, técnicos y usuarios de taller.</p><p>Suele trabajar junto con piezas, clips, terminales, cables o elementos de fijación compatibles con la forma de la herramienta. Conviene seleccionar la forma y la longitud de las mordazas según la tarea. Para cortar, prensar o trabajar con circlips debe utilizarse una herramienta específica y no un alicate genérico.</p><h2>Características principales</h2><ul><li><strong>Control de la pieza:</strong> Las mordazas ayudan a sujetar o manipular componentes sin perder la posición.</li><li><strong>Geometría específica:</strong> La forma de la boca determina el tipo de agarre, corte o montaje que puede realizarse.</li><li><strong>Acceso al trabajo:</strong> Permite aplicar fuerza en zonas donde la mano o una herramienta más voluminosa no llegan con precisión.</li><li><strong>Contexto de uso:</strong> Se emplea en mecánica, electricidad, electrónica, montaje y reparación, según el diseño de las mordazas.</li></ul>;8.77;7.26;7.26;EUR;taxable;;0;;instock;no;0;;;;;0;0;0;;117115;https://www.distribuidordeherramientas.es/wp-content/uploads/2026/07/alicates-abrazaderas-manguera-profesional-para-extraccion-e-instalacion-1000x1000-1.webp;117116;https://www.distribuidordeherramientas.es/wp-content/uploads/2026/07/alicates-abrazaderas-manguera-profesional-para-extraccion-e-instalacion-2-1000x1000-1.webp;0;;2026-07-30 19:26:05;2026-08-20 15:57:16
2.1;117117;1B050504;simple;SK-517 Alicates combinados de gran potencia de 192 mm para uso profesional;sk-517-alicates-combinados-de-gran-potencia-de-192-mm-para-uso-profesional;https://www.distribuidordeherramientas.es/producto/sk-517-alicates-combinados-de-gran-potencia-de-192-mm-para-uso-profesional/;publish;0;visible;Bricolaje;Herramientas para el hogar;Herramientas manuales de uso doméstico;40229;Alicates;40827,52529,52527,40617,49616,52528,51111;alicates | Alicates o pinzas de trabajo | Alicates profesionales | herramienta | herramienta manual | Pinzas de trabajo | TSX TOOL;product_brand;47094;TSX TOOL;;SATKIT;8058;163;Automoción y Diagnóstico > Herramientas de Taller Mecánico > Herramientas Especializadas Auto;5.45;Alicates;herramienta;Fijación y sujeción técnica;;;Fijación y sujeción técnica;"[{""ambito"":""herramienta"",""tipo"":""producto"",""valor"":""Alicates""}]";herramienta:producto=Alicates;[];"Alicates o pinzas de trabajo se utilizan para sujetar, doblar, cortar o manipular piezas pequeñas con un control mayor que el obtenido directamente con la mano. Mejora el control sobre componentes pequeños o difíciles de sujetar; su uso es especialmente relevante en mecánica, electricidad, electrónica, montaje y reparación, según el diseño de las mordazas.";<h2>Descripción</h2><p>Alicates o pinzas de trabajo se utilizan para sujetar, doblar, cortar o manipular piezas pequeñas con un control mayor que el obtenido directamente con la mano. Las mordazas concentran la fuerza en la zona de contacto y permiten mantener la pieza en una posición estable mientras se realiza la operación. La forma de la boca determina si la herramienta está orientada a corte, agarre, extracción o montaje.</p><p>En la práctica, mejora el control sobre componentes pequeños o difíciles de sujetar, reduce el riesgo de marcar piezas al utilizar la geometría apropiada y permite aplicar fuerza en zonas con acceso limitado. Se emplea en mecánica, electricidad, electrónica, montaje y reparación, según el diseño de las mordazas. Sus usuarios habituales son mecánicos, electricistas, instaladores, técnicos y usuarios de taller.</p><p>Suele trabajar junto con piezas, clips, terminales, cables o elementos de fijación compatibles con la forma de la herramienta. Conviene seleccionar la forma y la longitud de las mordazas según la tarea. Para cortar, prensar o trabajar con circlips debe utilizarse una herramienta específica y no un alicate genérico.</p><h2>Características principales</h2><ul><li><strong>Control de la pieza:</strong> Las mordazas ayudan a sujetar o manipular componentes sin perder la posición.</li><li><strong>Geometría específica:</strong> La forma de la boca determina el tipo de agarre, corte o montaje que puede realizarse.</li><li><strong>Acceso al trabajo:</strong> Permite aplicar fuerza en zonas donde la mano o una herramienta más voluminosa no llegan con precisión.</li><li><strong>Contexto de uso:</strong> Se emplea en mecánica, electricidad, electrónica, montaje y reparación, según el diseño de las mordazas.</li></ul>;7.9;6.54;6.54;EUR;taxable;;0;;instock;no;0;;;;;0;0;0;;117118;https://www.distribuidordeherramientas.es/wp-content/uploads/2026/07/sk-517-alicates-combinados-de-gran-potencia-de-192-mm-para-uso-profesional-1000x1000-1.webp;117119,117120,117121;https://www.distribuidordeherramientas.es/wp-content/uploads/2026/07/sk-517-alicates-combinados-de-gran-potencia-de-192-mm-para-uso-profesional-2-1000x1000-1.webp | https://www.distribuidordeherramientas.es/wp-content/uploads/2026/07/sk-517-alicates-combinados-de-gran-potencia-de-192-mm-para-uso-profesional-3-1000x1000-1.webp | https://www.distribuidordeherramientas.es/wp-content/uploads/2026/07/sk-517-alicates-combinados-de-gran-potencia-de-192-mm-para-uso-profesional-4-1000x1000-1.webp;0;;2026-07-30 19:25:27;2026-08-20 15:57:16
2.1;117122;1b040504;simple;Alicates corte acero cromo vanadio 100mm SK-100 de SHEK para electrónica;alicates-corte-acero-cromo-vanadio-100mm-sk-100-de-shek-para-electronica;https://www.distribuidordeherramientas.es/producto/alicates-corte-acero-cromo-vanadio-100mm-sk-100-de-shek-para-electronica/;publish;0;visible;Bricolaje;Herramientas para el hogar;Herramientas manuales de uso doméstico;40229;Alicates;40827,52529,52527,40617,49616,52528,52710;alicates | Alicates o pinzas de trabajo | Alicates profesionales | herramienta | herramienta manual | Pinzas de trabajo | SHEK;product_brand;47534;SHEK;;SATKIT;6689;165;Automoción y Diagnóstico > Herramientas de Taller Mecánico > Herramientas Especializadas Auto;4.24;Alicates;herramienta;Mantenimiento y reparación electrónica;;;Mantenimiento y reparación electrónica;"[{""ambito"":""herramienta"",""tipo"":""marca"",""valor"":""SHEK""},{""ambito"":""herramienta"",""tipo"":""material"",""valor"":""acero""},{""ambito"":""herramienta"",""tipo"":""medida_principal"",""valor"":""100 mm""},{""ambito"":""herramienta"",""tipo"":""producto"",""valor"":""Alicates""}]";herramienta:marca=SHEK | herramienta:material=acero | herramienta:medida_principal=100 mm | herramienta:producto=Alicates;[];"Alicates o pinzas de trabajo se utilizan para sujetar, doblar, cortar o manipular piezas pequeñas con un control mayor que el obtenido directamente con la mano. Mejora el control sobre componentes pequeños o difíciles de sujetar; su uso es especialmente relevante en mecánica, electricidad, electrónica, montaje y reparación, según el diseño de las mordazas.";<h2>Descripción</h2><p>Alicates o pinzas de trabajo se utilizan para sujetar, doblar, cortar o manipular piezas pequeñas con un control mayor que el obtenido directamente con la mano. Las mordazas concentran la fuerza en la zona de contacto y permiten mantener la pieza en una posición estable mientras se realiza la operación. La forma de la boca determina si la herramienta está orientada a corte, agarre, extracción o montaje.</p><p>En la práctica, mejora el control sobre componentes pequeños o difíciles de sujetar, reduce el riesgo de marcar piezas al utilizar la geometría apropiada y permite aplicar fuerza en zonas con acceso limitado. Se emplea en mecánica, electricidad, electrónica, montaje y reparación, según el diseño de las mordazas. Sus usuarios habituales son mecánicos, electricistas, instaladores, técnicos y usuarios de taller.</p><p>Suele trabajar junto con piezas, clips, terminales, cables o elementos de fijación compatibles con la forma de la herramienta. Conviene seleccionar la forma y la longitud de las mordazas según la tarea. Para cortar, prensar o trabajar con circlips debe utilizarse una herramienta específica y no un alicate genérico.</p><h2>Características principales</h2><ul><li><strong>Control de la pieza:</strong> Las mordazas ayudan a sujetar o manipular componentes sin perder la posición.</li><li><strong>Geometría específica:</strong> La forma de la boca determina el tipo de agarre, corte o montaje que puede realizarse.</li><li><strong>Acceso al trabajo:</strong> Permite aplicar fuerza en zonas donde la mano o una herramienta más voluminosa no llegan con precisión.</li><li><strong>Contexto de uso:</strong> Se emplea en mecánica, electricidad, electrónica, montaje y reparación, según el diseño de las mordazas.</li></ul>;6.15;5.09;5.09;EUR;taxable;;0;;instock;no;0;;;;;0;0;0;;117123;https://www.distribuidordeherramientas.es/wp-content/uploads/2026/07/alicates-corte-acero-cromo-vanadio-100mm-sk-100-de-shek-para-electronica-1000x1000-1.webp;;;0;;2026-07-30 19:25:27;2026-08-20 15:57:16
2.1;117124;1b040401;simple;Alicates curvos para circlips 125mm de alta precisión y durabilidad;alicates-curvos-para-circlips-125mm-de-alta-precision-y-durabilidad;https://www.distribuidordeherramientas.es/producto/alicates-curvos-para-circlips-125mm-de-alta-precision-y-durabilidad/;publish;0;visible;Bricolaje;Herramientas para el hogar;Herramientas manuales de uso doméstico;40229;Alicates;40827,52529,52527,40617,49616,52528,52710;alicates | Alicates o pinzas de trabajo | Alicates profesionales | herramienta | herramienta manual | Pinzas de trabajo | SHEK;product_brand;47534;SHEK;;SATKIT;6688;168;Automoción y Diagnóstico > Herramientas de Taller Mecánico > Herramientas Especializadas Auto;4.24;Alicates;herramienta;Fijación y sujeción técnica;;;Fijación y sujeción técnica;"[{""ambito"":""herramienta"",""tipo"":""medida_principal"",""valor"":""125 mm""},{""ambito"":""herramienta"",""tipo"":""producto"",""valor"":""Alicates""},{""ambito"":""herramienta"",""tipo"":""subtipo"",""valor"":""Alicates curvos para circlips""}]";herramienta:medida_principal=125 mm | herramienta:producto=Alicates | herramienta:subtipo=Alicates curvos para circlips;[];"Alicates o pinzas de trabajo se utilizan para sujetar, doblar, cortar o manipular piezas pequeñas con un control mayor que el obtenido directamente con la mano. Mejora el control sobre componentes pequeños o difíciles de sujetar; su uso es especialmente relevante en mecánica, electricidad, electrónica, montaje y reparación, según el diseño de las mordazas.";<h2>Descripción</h2><p>Alicates o pinzas de trabajo se utilizan para sujetar, doblar, cortar o manipular piezas pequeñas con un control mayor que el obtenido directamente con la mano. Las mordazas concentran la fuerza en la zona de contacto y permiten mantener la pieza en una posición estable mientras se realiza la operación. La forma de la boca determina si la herramienta está orientada a corte, agarre, extracción o montaje.</p><p>En la práctica, mejora el control sobre componentes pequeños o difíciles de sujetar, reduce el riesgo de marcar piezas al utilizar la geometría apropiada y permite aplicar fuerza en zonas con acceso limitado. Se emplea en mecánica, electricidad, electrónica, montaje y reparación, según el diseño de las mordazas. Sus usuarios habituales son mecánicos, electricistas, instaladores, técnicos y usuarios de taller.</p><p>Suele trabajar junto con piezas, clips, terminales, cables o elementos de fijación compatibles con la forma de la herramienta. Conviene seleccionar la forma y la longitud de las mordazas según la tarea. Para cortar, prensar o trabajar con circlips debe utilizarse una herramienta específica y no un alicate genérico.</p><h2>Características principales</h2><ul><li><strong>Control de la pieza:</strong> Las mordazas ayudan a sujetar o manipular componentes sin perder la posición.</li><li><strong>Geometría específica:</strong> La forma de la boca determina el tipo de agarre, corte o montaje que puede realizarse.</li><li><strong>Acceso al trabajo:</strong> Permite aplicar fuerza en zonas donde la mano o una herramienta más voluminosa no llegan con precisión.</li><li><strong>Contexto de uso:</strong> Se emplea en mecánica, electricidad, electrónica, montaje y reparación, según el diseño de las mordazas.</li></ul>;6.15;5.09;5.09;EUR;taxable;;0;;instock;no;0;;;;;0;0;0;;117125;https://www.distribuidordeherramientas.es/wp-content/uploads/2026/07/alicates-curvos-para-circlips-125mm-de-alta-precision-y-durabilidad-1000x1000-1.webp;;;0;;2026-07-30 19:26:05;2026-08-20 15:57:16
2.1;117126;2B100203-sk112-7D-17cm;simple;Alicates Curvos para Circlips 170mm SK-112-7d de TSX TOOL;alicates-curvos-para-circlips-170mm-sk-112-7d-de-tsx-tool;https://www.distribuidordeherramientas.es/producto/alicates-curvos-para-circlips-170mm-sk-112-7d-de-tsx-tool/;publish;0;visible;Bricolaje;Herramientas para el hogar;Herramientas manuales de uso doméstico;40229;Alicates;40827,52529,52527,40617,49616,52528,51111;alicates | Alicates o pinzas de trabajo | Alicates profesionales | herramienta | herramienta manual | Pinzas de trabajo | TSX TOOL;product_brand;47094;TSX TOOL;;SATKIT;7818;169;Automoción y Diagnóstico > Herramientas de Taller Mecánico > Herramientas Especializadas Auto;4.84;Alicates;herramienta;Fijación y sujeción técnica;;;Fijación y sujeción técnica;"[{""ambito"":""herramienta"",""tipo"":""marca"",""valor"":""TSX TOOL""},{""ambito"":""herramienta"",""tipo"":""medida_principal"",""valor"":""170 mm""},{""ambito"":""herramienta"",""tipo"":""producto"",""valor"":""Alicates""},{""ambito"":""herramienta"",""tipo"":""subtipo"",""valor"":""Alicates Curvos para Circlips""}]";herramienta:marca=TSX TOOL | herramienta:medida_principal=170 mm | herramienta:producto=Alicates | herramienta:subtipo=Alicates Curvos para Circlips;[];"Alicates o pinzas de trabajo se utilizan para sujetar, doblar, cortar o manipular piezas pequeñas con un control mayor que el obtenido directamente con la mano. Mejora el control sobre componentes pequeños o difíciles de sujetar; su uso es especialmente relevante en mecánica, electricidad, electrónica, montaje y reparación, según el diseño de las mordazas.";<h2>Descripción</h2><p>Alicates o pinzas de trabajo se utilizan para sujetar, doblar, cortar o manipular piezas pequeñas con un control mayor que el obtenido directamente con la mano. Las mordazas concentran la fuerza en la zona de contacto y permiten mantener la pieza en una posición estable mientras se realiza la operación. La forma de la boca determina si la herramienta está orientada a corte, agarre, extracción o montaje.</p><p>En la práctica, mejora el control sobre componentes pequeños o difíciles de sujetar, reduce el riesgo de marcar piezas al utilizar la geometría apropiada y permite aplicar fuerza en zonas con acceso limitado. Se emplea en mecánica, electricidad, electrónica, montaje y reparación, según el diseño de las mordazas. Sus usuarios habituales son mecánicos, electricistas, instaladores, técnicos y usuarios de taller.</p><p>Suele trabajar junto con piezas, clips, terminales, cables o elementos de fijación compatibles con la forma de la herramienta. Conviene seleccionar la forma y la longitud de las mordazas según la tarea. Para cortar, prensar o trabajar con circlips debe utilizarse una herramienta específica y no un alicate genérico.</p><h2>Características principales</h2><ul><li><strong>Control de la pieza:</strong> Las mordazas ayudan a sujetar o manipular componentes sin perder la posición.</li><li><strong>Geometría específica:</strong> La forma de la boca determina el tipo de agarre, corte o montaje que puede realizarse.</li><li><strong>Acceso al trabajo:</strong> Permite aplicar fuerza en zonas donde la mano o una herramienta más voluminosa no llegan con precisión.</li><li><strong>Contexto de uso:</strong> Se emplea en mecánica, electricidad, electrónica, montaje y reparación, según el diseño de las mordazas.</li></ul>;7.02;5.81;5.81;EUR;taxable;;0;;instock;no;0;;;;;0;0;0;;117127;https://www.distribuidordeherramientas.es/wp-content/uploads/2026/07/alicates-curvos-para-circlips-170mm-sk-112-7d-de-tsx-tool-1000x1000-1.webp;117128,117129;https://www.distribuidordeherramientas.es/wp-content/uploads/2026/07/alicates-curvos-para-circlips-170mm-sk-112-7d-de-tsx-tool-2-1000x1000-1.webp | https://www.distribuidordeherramientas.es/wp-content/uploads/2026/07/alicates-curvos-para-circlips-170mm-sk-112-7d-de-tsx-tool-3-1000x1000-1.webp;0;;2026-07-30 19:26:05;2026-08-20 15:57:17
2.1;117130;2B100203-sk112-7B-18cm;simple;Alicates Curvos para Circlips 180mm SK-112-7b de SHEK para Arandelas y Anillos de Seguridad;alicates-curvos-para-circlips-180mm-sk-112-7b-de-shek-para-arandelas-y-anillos-de-seguridad;https://www.distribuidordeherramientas.es/producto/alicates-curvos-para-circlips-180mm-sk-112-7b-de-shek-para-arandelas-y-anillos-de-seguridad/;publish;0;visible;Bricolaje;Herramientas para el hogar;Herramientas manuales de uso doméstico;40229;Alicates;40827,52529,52527,40617,49616,52528,52710;alicates | Alicates o pinzas de trabajo | Alicates profesionales | herramienta | herramienta manual | Pinzas de trabajo | SHEK;product_brand;47534;SHEK;;SATKIT;7467;170;Automoción y Diagnóstico > Herramientas de Taller Mecánico > Herramientas Especializadas Auto;4.84;Alicates;herramienta;Fijación y sujeción técnica;;;Fijación y sujeción técnica;"[{""ambito"":""herramienta"",""tipo"":""marca"",""valor"":""SHEK""},{""ambito"":""herramienta"",""tipo"":""medida_principal"",""valor"":""180 mm""},{""ambito"":""herramienta"",""tipo"":""producto"",""valor"":""Alicates""},{""ambito"":""herramienta"",""tipo"":""subtipo"",""valor"":""Alicates Curvos para Circlips""}]";herramienta:marca=SHEK | herramienta:medida_principal=180 mm | herramienta:producto=Alicates | herramienta:subtipo=Alicates Curvos para Circlips;[];"Alicates o pinzas de trabajo se utilizan para sujetar, doblar, cortar o manipular piezas pequeñas con un control mayor que el obtenido directamente con la mano. Mejora el control sobre componentes pequeños o difíciles de sujetar; su uso es especialmente relevante en mecánica, electricidad, electrónica, montaje y reparación, según el diseño de las mordazas.";<h2>Descripción</h2><p>Alicates o pinzas de trabajo se utilizan para sujetar, doblar, cortar o manipular piezas pequeñas con un control mayor que el obtenido directamente con la mano. Las mordazas concentran la fuerza en la zona de contacto y permiten mantener la pieza en una posición estable mientras se realiza la operación. La forma de la boca determina si la herramienta está orientada a corte, agarre, extracción o montaje.</p><p>En la práctica, mejora el control sobre componentes pequeños o difíciles de sujetar, reduce el riesgo de marcar piezas al utilizar la geometría apropiada y permite aplicar fuerza en zonas con acceso limitado. Se emplea en mecánica, electricidad, electrónica, montaje y reparación, según el diseño de las mordazas. Sus usuarios habituales son mecánicos, electricistas, instaladores, técnicos y usuarios de taller.</p><p>Suele trabajar junto con piezas, clips, terminales, cables o elementos de fijación compatibles con la forma de la herramienta. Conviene seleccionar la forma y la longitud de las mordazas según la tarea. Para cortar, prensar o trabajar con circlips debe utilizarse una herramienta específica y no un alicate genérico.</p><h2>Características principales</h2><ul><li><strong>Control de la pieza:</strong> Las mordazas ayudan a sujetar o manipular componentes sin perder la posición.</li><li><strong>Geometría específica:</strong> La forma de la boca determina el tipo de agarre, corte o montaje que puede realizarse.</li><li><strong>Acceso al trabajo:</strong> Permite aplicar fuerza en zonas donde la mano o una herramienta más voluminosa no llegan con precisión.</li><li><strong>Contexto de uso:</strong> Se emplea en mecánica, electricidad, electrónica, montaje y reparación, según el diseño de las mordazas.</li></ul>;7.02;5.81;5.81;EUR;taxable;;0;;instock;no;0;;;;;0;0;0;;117131;https://www.distribuidordeherramientas.es/wp-content/uploads/2026/07/alicates-curvos-para-circlips-180mm-sk-112-7b-de-shek-para-arandelas-y-anillos-1000x1000-1.webp;117127,117132,117128,117129;https://www.distribuidordeherramientas.es/wp-content/uploads/2026/07/alicates-curvos-para-circlips-170mm-sk-112-7d-de-tsx-tool-1000x1000-1.webp | https://www.distribuidordeherramientas.es/wp-content/uploads/2026/07/alicates-curvos-para-circlips-180mm-sk-112-7b-de-shek-para-arandelas-y-anillos-3-1000x1000-1.webp | https://www.distribuidordeherramientas.es/wp-content/uploads/2026/07/alicates-curvos-para-circlips-170mm-sk-112-7d-de-tsx-tool-2-1000x1000-1.webp | https://www.distribuidordeherramientas.es/wp-content/uploads/2026/07/alicates-curvos-para-circlips-170mm-sk-112-7d-de-tsx-tool-3-1000x1000-1.webp;0;;2026-07-30 19:26:05;2026-08-20 15:57:17
2.1;117133;2B040406-SB-330-32cm;simple;SB-330 Alicates Curvos para Circlips 320mm - Precisión y Durabilidad SHEK;sb-330-alicates-curvos-para-circlips-320mm-precision-y-durabilidad-shek;https://www.distribuidordeherramientas.es/producto/sb-330-alicates-curvos-para-circlips-320mm-precision-y-durabilidad-shek/;publish;0;visible;Bricolaje;Herramientas para el hogar;Herramientas manuales de uso doméstico;40229;Alicates;40827,52529,52527,40617,49616,52528,52710;alicates | Alicates o pinzas de trabajo | Alicates profesionales | herramienta | herramienta manual | Pinzas de trabajo | SHEK;product_brand;47534;SHEK;;SATKIT;7468;171;Automoción y Diagnóstico > Herramientas de Taller Mecánico > Herramientas Especializadas Auto;4.84;Alicates;herramienta;Fijación y sujeción técnica;;;Fijación y sujeción técnica;"[{""ambito"":""herramienta"",""tipo"":""marca"",""valor"":""SHEK""},{""ambito"":""herramienta"",""tipo"":""medida_principal"",""valor"":""320 mm""},{""ambito"":""herramienta"",""tipo"":""producto"",""valor"":""Alicates""}]";herramienta:marca=SHEK | herramienta:medida_principal=320 mm | herramienta:producto=Alicates;[];"Alicates o pinzas de trabajo se utilizan para sujetar, doblar, cortar o manipular piezas pequeñas con un control mayor que el obtenido directamente con la mano. Mejora el control sobre componentes pequeños o difíciles de sujetar; su uso es especialmente relevante en mecánica, electricidad, electrónica, montaje y reparación, según el diseño de las mordazas.";<h2>Descripción</h2><p>Alicates o pinzas de trabajo se utilizan para sujetar, doblar, cortar o manipular piezas pequeñas con un control mayor que el obtenido directamente con la mano. Las mordazas concentran la fuerza en la zona de contacto y permiten mantener la pieza en una posición estable mientras se realiza la operación. La forma de la boca determina si la herramienta está orientada a corte, agarre, extracción o montaje.</p><p>En la práctica, mejora el control sobre componentes pequeños o difíciles de sujetar, reduce el riesgo de marcar piezas al utilizar la geometría apropiada y permite aplicar fuerza en zonas con acceso limitado. Se emplea en mecánica, electricidad, electrónica, montaje y reparación, según el diseño de las mordazas. Sus usuarios habituales son mecánicos, electricistas, instaladores, técnicos y usuarios de taller.</p><p>Suele trabajar junto con piezas, clips, terminales, cables o elementos de fijación compatibles con la forma de la herramienta. Conviene seleccionar la forma y la longitud de las mordazas según la tarea. Para cortar, prensar o trabajar con circlips debe utilizarse una herramienta específica y no un alicate genérico.</p><h2>Características principales</h2><ul><li><strong>Control de la pieza:</strong> Las mordazas ayudan a sujetar o manipular componentes sin perder la posición.</li><li><strong>Geometría específica:</strong> La forma de la boca determina el tipo de agarre, corte o montaje que puede realizarse.</li><li><strong>Acceso al trabajo:</strong> Permite aplicar fuerza en zonas donde la mano o una herramienta más voluminosa no llegan con precisión.</li><li><strong>Contexto de uso:</strong> Se emplea en mecánica, electricidad, electrónica, montaje y reparación, según el diseño de las mordazas.</li></ul>;7.02;5.81;5.81;EUR;taxable;;0;;instock;no;0;;;;;0;0;0;;117134;https://www.distribuidordeherramientas.es/wp-content/uploads/2026/07/sb-330-alicates-curvos-para-circlips-320mm-precision-y-durabilidad-shek-1000x1000-1.webp;117135,117136,117137,117138;https://www.distribuidordeherramientas.es/wp-content/uploads/2026/07/sb-330-alicates-curvos-para-circlips-320mm-precision-y-durabilidad-shek-2-1000x1000-1.webp | https://www.distribuidordeherramientas.es/wp-content/uploads/2026/07/sb-330-alicates-curvos-para-circlips-320mm-precision-y-durabilidad-shek-3-1000x1000-1.webp | https://www.distribuidordeherramientas.es/wp-content/uploads/2026/07/sb-330-alicates-curvos-para-circlips-320mm-precision-y-durabilidad-shek-4-1000x1000-1.webp | https://www.distribuidordeherramientas.es/wp-content/uploads/2026/07/sb-330-alicates-curvos-para-circlips-320mm-precision-y-durabilidad-shek-5-1000x1000-1.webp;0;;2026-07-30 19:26:06;2026-08-20 15:57:17
2.1;117139;1B040304;simple;SK-516 173mm Alicates de lado diagonal de gran potencia TSX TOOL;sk-516-173mm-alicates-de-lado-diagonal-de-gran-potencia-tsx-tool;https://www.distribuidordeherramientas.es/producto/sk-516-173mm-alicates-de-lado-diagonal-de-gran-potencia-tsx-tool/;publish;0;visible;Bricolaje;Herramientas para el hogar;Herramientas manuales de uso doméstico;40229;Alicates;40827,52529,52527,40617,49616,52528,51111;alicates | Alicates o pinzas de trabajo | Alicates profesionales | herramienta | herramienta manual | Pinzas de trabajo | TSX TOOL;product_brand;47094;TSX TOOL;;SATKIT;8057;173;Automoción y Diagnóstico > Herramientas de Taller Mecánico > Herramientas Especializadas Auto;4.24;Alicates;herramienta;Fijación y sujeción técnica;;;Fijación y sujeción técnica;"[{""ambito"":""herramienta"",""tipo"":""marca"",""valor"":""TSX TOOL""},{""ambito"":""herramienta"",""tipo"":""producto"",""valor"":""Alicates""}]";herramienta:marca=TSX TOOL | herramienta:producto=Alicates;[];"Alicates o pinzas de trabajo se utilizan para sujetar, doblar, cortar o manipular piezas pequeñas con un control mayor que el obtenido directamente con la mano. Mejora el control sobre componentes pequeños o difíciles de sujetar; su uso es especialmente relevante en mecánica, electricidad, electrónica, montaje y reparación, según el diseño de las mordazas.";<h2>Descripción</h2><p>Alicates o pinzas de trabajo se utilizan para sujetar, doblar, cortar o manipular piezas pequeñas con un control mayor que el obtenido directamente con la mano. Las mordazas concentran la fuerza en la zona de contacto y permiten mantener la pieza en una posición estable mientras se realiza la operación. La forma de la boca determina si la herramienta está orientada a corte, agarre, extracción o montaje.</p><p>En la práctica, mejora el control sobre componentes pequeños o difíciles de sujetar, reduce el riesgo de marcar piezas al utilizar la geometría apropiada y permite aplicar fuerza en zonas con acceso limitado. Se emplea en mecánica, electricidad, electrónica, montaje y reparación, según el diseño de las mordazas. Sus usuarios habituales son mecánicos, electricistas, instaladores, técnicos y usuarios de taller.</p><p>Suele trabajar junto con piezas, clips, terminales, cables o elementos de fijación compatibles con la forma de la herramienta. Conviene seleccionar la forma y la longitud de las mordazas según la tarea. Para cortar, prensar o trabajar con circlips debe utilizarse una herramienta específica y no un alicate genérico.</p><h2>Características principales</h2><ul><li><strong>Control de la pieza:</strong> Las mordazas ayudan a sujetar o manipular componentes sin perder la posición.</li><li><strong>Geometría específica:</strong> La forma de la boca determina el tipo de agarre, corte o montaje que puede realizarse.</li><li><strong>Acceso al trabajo:</strong> Permite aplicar fuerza en zonas donde la mano o una herramienta más voluminosa no llegan con precisión.</li><li><strong>Contexto de uso:</strong> Se emplea en mecánica, electricidad, electrónica, montaje y reparación, según el diseño de las mordazas.</li></ul>;6.15;5.09;5.09;EUR;taxable;;0;;instock;no;0;;;;;0;0;0;;117140;https://www.distribuidordeherramientas.es/wp-content/uploads/2026/07/sk-516-173mm-alicates-de-lado-diagonal-de-gran-potencia-tsx-tool-1000x1000-1.webp;117141,117142;https://www.distribuidordeherramientas.es/wp-content/uploads/2026/07/sk-516-173mm-alicates-de-lado-diagonal-de-gran-potencia-tsx-tool-2-1000x1000-1.webp | https://www.distribuidordeherramientas.es/wp-content/uploads/2026/07/sk-516-173mm-alicates-de-lado-diagonal-de-gran-potencia-tsx-tool-3-1000x1000-1.webp;0;;2026-07-30 19:26:06;2026-08-20 15:57:17
2.1;117143;1B030204;simple;SK-515 165mm Alicates de Punta Larga de TSX TOOL con Mango Ergonómico;sk-515-165mm-alicates-de-punta-larga-de-tsx-tool-con-mango-ergonomico;https://www.distribuidordeherramientas.es/producto/sk-515-165mm-alicates-de-punta-larga-de-tsx-tool-con-mango-ergonomico/;publish;0;visible;Bricolaje;Herramientas para el hogar;Herramientas manuales de uso doméstico;40229;Alicates;40827,52529,52527,40617,49616,52528,51111;alicates | Alicates o pinzas de trabajo | Alicates profesionales | herramienta | herramienta manual | Pinzas de trabajo | TSX TOOL;product_brand;47094;TSX TOOL;;SATKIT;8056;174;Automoción y Diagnóstico > Herramientas de Taller Mecánico > Herramientas Especializadas Auto;4.24;Alicates;herramienta;Fijación y sujeción técnica;;;Fijación y sujeción técnica;"[{""ambito"":""herramienta"",""tipo"":""marca"",""valor"":""TSX TOOL""},{""ambito"":""herramienta"",""tipo"":""producto"",""valor"":""Alicates""}]";herramienta:marca=TSX TOOL | herramienta:producto=Alicates;[];"Alicates o pinzas de trabajo se utilizan para sujetar, doblar, cortar o manipular piezas pequeñas con un control mayor que el obtenido directamente con la mano. Mejora el control sobre componentes pequeños o difíciles de sujetar; su uso es especialmente relevante en mecánica, electricidad, electrónica, montaje y reparación, según el diseño de las mordazas.";<h2>Descripción</h2><p>Alicates o pinzas de trabajo se utilizan para sujetar, doblar, cortar o manipular piezas pequeñas con un control mayor que el obtenido directamente con la mano. Las mordazas concentran la fuerza en la zona de contacto y permiten mantener la pieza en una posición estable mientras se realiza la operación. La forma de la boca determina si la herramienta está orientada a corte, agarre, extracción o montaje.</p><p>En la práctica, mejora el control sobre componentes pequeños o difíciles de sujetar, reduce el riesgo de marcar piezas al utilizar la geometría apropiada y permite aplicar fuerza en zonas con acceso limitado. Se emplea en mecánica, electricidad, electrónica, montaje y reparación, según el diseño de las mordazas. Sus usuarios habituales son mecánicos, electricistas, instaladores, técnicos y usuarios de taller.</p><p>Suele trabajar junto con piezas, clips, terminales, cables o elementos de fijación compatibles con la forma de la herramienta. Conviene seleccionar la forma y la longitud de las mordazas según la tarea. Para cortar, prensar o trabajar con circlips debe utilizarse una herramienta específica y no un alicate genérico.</p><h2>Características principales</h2><ul><li><strong>Control de la pieza:</strong> Las mordazas ayudan a sujetar o manipular componentes sin perder la posición.</li><li><strong>Geometría específica:</strong> La forma de la boca determina el tipo de agarre, corte o montaje que puede realizarse.</li><li><strong>Acceso al trabajo:</strong> Permite aplicar fuerza en zonas donde la mano o una herramienta más voluminosa no llegan con precisión.</li><li><strong>Contexto de uso:</strong> Se emplea en mecánica, electricidad, electrónica, montaje y reparación, según el diseño de las mordazas.</li></ul>;6.15;5.09;5.09;EUR;taxable;;0;;instock;no;0;;;;;0;0;0;;117144;https://www.distribuidordeherramientas.es/wp-content/uploads/2026/07/sk-515-165mm-alicates-de-punta-larga-de-tsx-tool-con-mango-ergonomico-1000x1000-1.webp;117145;https://www.distribuidordeherramientas.es/wp-content/uploads/2026/07/sk-515-165mm-alicates-de-punta-larga-de-tsx-tool-con-mango-ergonomico-2-1000x1000-1.webp;0;;2026-07-30 19:26:06;2026-08-20 15:57:17
2.1;117146;2B090403-sk112-7c-18cm;simple;Alicates rectos para circlips 180mm SK-112-7c de SHEK para arandelas y anillos de seguridad;alicates-rectos-para-circlips-180mm-sk-112-7c-de-shek-para-arandelas-y-anillos-de-seguridad;https://www.distribuidordeherramientas.es/producto/alicates-rectos-para-circlips-180mm-sk-112-7c-de-shek-para-arandelas-y-anillos-de-seguridad/;publish;0;visible;Bricolaje;Herramientas para el hogar;Herramientas manuales de uso doméstico;40229;Alicates;40827,52529,52527,40617,49616,52528,52710;alicates | Alicates o pinzas de trabajo | Alicates profesionales | herramienta | herramienta manual | Pinzas de trabajo | SHEK;product_brand;47534;SHEK;;SATKIT;7466;177;Automoción y Diagnóstico > Herramientas de Taller Mecánico > Herramientas Especializadas Auto;4.84;Alicates;herramienta;Fijación y sujeción técnica;;;Fijación y sujeción técnica;"[{""ambito"":""herramienta"",""tipo"":""marca"",""valor"":""SHEK""},{""ambito"":""herramienta"",""tipo"":""medida_principal"",""valor"":""180 mm""},{""ambito"":""herramienta"",""tipo"":""producto"",""valor"":""Alicates""},{""ambito"":""herramienta"",""tipo"":""subtipo"",""valor"":""Alicates rectos para circlips""}]";herramienta:marca=SHEK | herramienta:medida_principal=180 mm | herramienta:producto=Alicates | herramienta:subtipo=Alicates rectos para circlips;[];"Alicates o pinzas de trabajo se utilizan para sujetar, doblar, cortar o manipular piezas pequeñas con un control mayor que el obtenido directamente con la mano. Mejora el control sobre componentes pequeños o difíciles de sujetar; su uso es especialmente relevante en mecánica, electricidad, electrónica, montaje y reparación, según el diseño de las mordazas.";<h2>Descripción</h2><p>Alicates o pinzas de trabajo se utilizan para sujetar, doblar, cortar o manipular piezas pequeñas con un control mayor que el obtenido directamente con la mano. Las mordazas concentran la fuerza en la zona de contacto y permiten mantener la pieza en una posición estable mientras se realiza la operación. La forma de la boca determina si la herramienta está orientada a corte, agarre, extracción o montaje.</p><p>En la práctica, mejora el control sobre componentes pequeños o difíciles de sujetar, reduce el riesgo de marcar piezas al utilizar la geometría apropiada y permite aplicar fuerza en zonas con acceso limitado. Se emplea en mecánica, electricidad, electrónica, montaje y reparación, según el diseño de las mordazas. Sus usuarios habituales son mecánicos, electricistas, instaladores, técnicos y usuarios de taller.</p><p>Suele trabajar junto con piezas, clips, terminales, cables o elementos de fijación compatibles con la forma de la herramienta. Conviene seleccionar la forma y la longitud de las mordazas según la tarea. Para cortar, prensar o trabajar con circlips debe utilizarse una herramienta específica y no un alicate genérico.</p><h2>Características principales</h2><ul><li><strong>Control de la pieza:</strong> Las mordazas ayudan a sujetar o manipular componentes sin perder la posición.</li><li><strong>Geometría específica:</strong> La forma de la boca determina el tipo de agarre, corte o montaje que puede realizarse.</li><li><strong>Acceso al trabajo:</strong> Permite aplicar fuerza en zonas donde la mano o una herramienta más voluminosa no llegan con precisión.</li><li><strong>Contexto de uso:</strong> Se emplea en mecánica, electricidad, electrónica, montaje y reparación, según el diseño de las mordazas.</li></ul>;7.02;5.81;5.81;EUR;taxable;;0;;instock;no;0;;;;;0;0;0;;117147;https://www.distribuidordeherramientas.es/wp-content/uploads/2026/07/alicates-rectos-para-circlips-180mm-sk-112-7c-de-shek-para-arandelas-y-anillos-1000x1000-1.webp;117148,117149,117150,117151;https://www.distribuidordeherramientas.es/wp-content/uploads/2026/07/alicates-rectos-para-circlips-180mm-sk-112-7c-de-shek-para-arandelas-y-anillos-2-1000x1000-1.webp | https://www.distribuidordeherramientas.es/wp-content/uploads/2026/07/alicates-rectos-para-circlips-180mm-sk-112-7c-de-shek-para-arandelas-y-anillos-3-1000x1000-1.webp | https://www.distribuidordeherramientas.es/wp-content/uploads/2026/07/alicates-rectos-para-circlips-180mm-sk-112-7c-de-shek-para-arandelas-y-anillos-4-1000x1000-1.webp | https://www.distribuidordeherramientas.es/wp-content/uploads/2026/07/alicates-rectos-para-circlips-180mm-sk-112-7c-de-shek-para-arandelas-y-anillos-5-1000x1000-1.webp;0;;2026-07-30 19:26:07;2026-08-20 15:57:17
2.1;117152;2B040304-sk112-18cm;simple;Alicates rectos para circlips 180mm SK-112 de SHEK, herramienta profesional;alicates-rectos-para-circlips-180mm-sk-112-de-shek-herramienta-profesional;https://www.distribuidordeherramientas.es/producto/alicates-rectos-para-circlips-180mm-sk-112-de-shek-herramienta-profesional/;publish;0;visible;Bricolaje;Herramientas para el hogar;Herramientas manuales de uso doméstico;40229;Alicates;40827,52529,52527,40617,49616,52528,52710;alicates | Alicates o pinzas de trabajo | Alicates profesionales | herramienta | herramienta manual | Pinzas de trabajo | SHEK;product_brand;47534;SHEK;;SATKIT;7465;178;Automoción y Diagnóstico > Herramientas de Taller Mecánico > Herramientas Especializadas Auto;4.84;Alicates;herramienta;Fijación y sujeción técnica;;;Fijación y sujeción técnica;"[{""ambito"":""herramienta"",""tipo"":""marca"",""valor"":""SHEK""},{""ambito"":""herramienta"",""tipo"":""medida_principal"",""valor"":""180 mm""},{""ambito"":""herramienta"",""tipo"":""producto"",""valor"":""Alicates""},{""ambito"":""herramienta"",""tipo"":""subtipo"",""valor"":""Alicates rectos para circlips""}]";herramienta:marca=SHEK | herramienta:medida_principal=180 mm | herramienta:producto=Alicates | herramienta:subtipo=Alicates rectos para circlips;[];"Alicates o pinzas de trabajo se utilizan para sujetar, doblar, cortar o manipular piezas pequeñas con un control mayor que el obtenido directamente con la mano. Mejora el control sobre componentes pequeños o difíciles de sujetar; su uso es especialmente relevante en mecánica, electricidad, electrónica, montaje y reparación, según el diseño de las mordazas.";<h2>Descripción</h2><p>Alicates o pinzas de trabajo se utilizan para sujetar, doblar, cortar o manipular piezas pequeñas con un control mayor que el obtenido directamente con la mano. Las mordazas concentran la fuerza en la zona de contacto y permiten mantener la pieza en una posición estable mientras se realiza la operación. La forma de la boca determina si la herramienta está orientada a corte, agarre, extracción o montaje.</p><p>En la práctica, mejora el control sobre componentes pequeños o difíciles de sujetar, reduce el riesgo de marcar piezas al utilizar la geometría apropiada y permite aplicar fuerza en zonas con acceso limitado. Se emplea en mecánica, electricidad, electrónica, montaje y reparación, según el diseño de las mordazas. Sus usuarios habituales son mecánicos, electricistas, instaladores, técnicos y usuarios de taller.</p><p>Suele trabajar junto con piezas, clips, terminales, cables o elementos de fijación compatibles con la forma de la herramienta. Conviene seleccionar la forma y la longitud de las mordazas según la tarea. Para cortar, prensar o trabajar con circlips debe utilizarse una herramienta específica y no un alicate genérico.</p><h2>Características principales</h2><ul><li><strong>Control de la pieza:</strong> Las mordazas ayudan a sujetar o manipular componentes sin perder la posición.</li><li><strong>Geometría específica:</strong> La forma de la boca determina el tipo de agarre, corte o montaje que puede realizarse.</li><li><strong>Acceso al trabajo:</strong> Permite aplicar fuerza en zonas donde la mano o una herramienta más voluminosa no llegan con precisión.</li><li><strong>Contexto de uso:</strong> Se emplea en mecánica, electricidad, electrónica, montaje y reparación, según el diseño de las mordazas.</li></ul>;7.02;5.81;5.81;EUR;taxable;;0;;instock;no;0;;;;;0;0;0;;117153;https://www.distribuidordeherramientas.es/wp-content/uploads/2026/07/alicates-rectos-para-circlips-180mm-sk-112-de-shek-herramienta-profesional-1000x1000-1.webp;117154,117155,117156,117157;https://www.distribuidordeherramientas.es/wp-content/uploads/2026/07/alicates-rectos-para-circlips-180mm-sk-112-de-shek-herramienta-profesional-2-1000x1000-1.webp | https://www.distribuidordeherramientas.es/wp-content/uploads/2026/07/alicates-rectos-para-circlips-180mm-sk-112-de-shek-herramienta-profesional-3-1000x1000-1.webp | https://www.distribuidordeherramientas.es/wp-content/uploads/2026/07/alicates-rectos-para-circlips-180mm-sk-112-de-shek-herramienta-profesional-4-1000x1000-1.webp | https://www.distribuidordeherramientas.es/wp-content/uploads/2026/07/alicates-rectos-para-circlips-180mm-sk-112-de-shek-herramienta-profesional-5-1000x1000-1.webp;0;;2026-07-30 19:26:07;2026-08-20 15:57:17
2.1;117158;sk112-9c-23cm;simple;Alicates rectos para circlips 230mm SK-112-9c de TSX TOOL;alicates-rectos-para-circlips-230mm-sk-112-9c-de-tsx-tool;https://www.distribuidordeherramientas.es/producto/alicates-rectos-para-circlips-230mm-sk-112-9c-de-tsx-tool/;publish;0;visible;Bricolaje;Herramientas para el hogar;Herramientas manuales de uso doméstico;40229;Alicates;40827,52529,52527,40617,49616,52528,51111;alicates | Alicates o pinzas de trabajo | Alicates profesionales | herramienta | herramienta manual | Pinzas de trabajo | TSX TOOL;product_brand;47094;TSX TOOL;;SATKIT;7819;179;Automoción y Diagnóstico > Herramientas de Taller Mecánico > Herramientas Especializadas Auto;6.05;Alicates;herramienta;Fijación y sujeción técnica;;;Fijación y sujeción técnica;"[{""ambito"":""herramienta"",""tipo"":""marca"",""valor"":""TSX TOOL""},{""ambito"":""herramienta"",""tipo"":""medida_principal"",""valor"":""230 mm""},{""ambito"":""herramienta"",""tipo"":""producto"",""valor"":""Alicates""},{""ambito"":""herramienta"",""tipo"":""subtipo"",""valor"":""Alicates rectos para circlips""}]";herramienta:marca=TSX TOOL | herramienta:medida_principal=230 mm | herramienta:producto=Alicates | herramienta:subtipo=Alicates rectos para circlips;[];"Alicates o pinzas de trabajo se utilizan para sujetar, doblar, cortar o manipular piezas pequeñas con un control mayor que el obtenido directamente con la mano. Mejora el control sobre componentes pequeños o difíciles de sujetar; su uso es especialmente relevante en mecánica, electricidad, electrónica, montaje y reparación, según el diseño de las mordazas.";<h2>Descripción</h2><p>Alicates o pinzas de trabajo se utilizan para sujetar, doblar, cortar o manipular piezas pequeñas con un control mayor que el obtenido directamente con la mano. Las mordazas concentran la fuerza en la zona de contacto y permiten mantener la pieza en una posición estable mientras se realiza la operación. La forma de la boca determina si la herramienta está orientada a corte, agarre, extracción o montaje.</p><p>En la práctica, mejora el control sobre componentes pequeños o difíciles de sujetar, reduce el riesgo de marcar piezas al utilizar la geometría apropiada y permite aplicar fuerza en zonas con acceso limitado. Se emplea en mecánica, electricidad, electrónica, montaje y reparación, según el diseño de las mordazas. Sus usuarios habituales son mecánicos, electricistas, instaladores, técnicos y usuarios de taller.</p><p>Suele trabajar junto con piezas, clips, terminales, cables o elementos de fijación compatibles con la forma de la herramienta. Conviene seleccionar la forma y la longitud de las mordazas según la tarea. Para cortar, prensar o trabajar con circlips debe utilizarse una herramienta específica y no un alicate genérico.</p><h2>Características principales</h2><ul><li><strong>Control de la pieza:</strong> Las mordazas ayudan a sujetar o manipular componentes sin perder la posición.</li><li><strong>Geometría específica:</strong> La forma de la boca determina el tipo de agarre, corte o montaje que puede realizarse.</li><li><strong>Acceso al trabajo:</strong> Permite aplicar fuerza en zonas donde la mano o una herramienta más voluminosa no llegan con precisión.</li><li><strong>Contexto de uso:</strong> Se emplea en mecánica, electricidad, electrónica, montaje y reparación, según el diseño de las mordazas.</li></ul>;8.77;7.26;7.26;EUR;taxable;;0;;outofstock;no;0;;;;;0;0;0;;117159;https://www.distribuidordeherramientas.es/wp-content/uploads/2026/07/alicates-rectos-para-circlips-230mm-sk-112-9c-de-tsx-tool-1000x1000-1.webp;117148,117149,117160;https://www.distribuidordeherramientas.es/wp-content/uploads/2026/07/alicates-rectos-para-circlips-180mm-sk-112-7c-de-shek-para-arandelas-y-anillos-2-1000x1000-1.webp | https://www.distribuidordeherramientas.es/wp-content/uploads/2026/07/alicates-rectos-para-circlips-180mm-sk-112-7c-de-shek-para-arandelas-y-anillos-3-1000x1000-1.webp | https://www.distribuidordeherramientas.es/wp-content/uploads/2026/07/alicates-rectos-para-circlips-230mm-sk-112-9c-de-tsx-tool-4-1000x1000-1.webp;0;;2026-07-30 19:26:07;2026-08-20 15:57:17
2.1;117161;2A100203-SK-112-13-32cm;simple;Alicates rectos para circlips 320mm SK-112-13 de SHEK - Precisión y resistencia;alicates-rectos-para-circlips-320mm-sk-112-13-de-shek-precision-y-resistencia;https://www.distribuidordeherramientas.es/producto/alicates-rectos-para-circlips-320mm-sk-112-13-de-shek-precision-y-resistencia/;publish;0;visible;Bricolaje;Herramientas para el hogar;Herramientas manuales de uso doméstico;40229;Alicates;40827,52529,52527,40617,49616,52528,52710;alicates | Alicates o pinzas de trabajo | Alicates profesionales | herramienta | herramienta manual | Pinzas de trabajo | SHEK;product_brand;47534;SHEK;;SATKIT;7469;180;Automoción y Diagnóstico > Herramientas de Taller Mecánico > Herramientas Especializadas Auto;8.47;Alicates;herramienta;Fijación y sujeción técnica;;;Fijación y sujeción técnica;"[{""ambito"":""herramienta"",""tipo"":""marca"",""valor"":""SHEK""},{""ambito"":""herramienta"",""tipo"":""medida_principal"",""valor"":""320 mm""},{""ambito"":""herramienta"",""tipo"":""producto"",""valor"":""Alicates""},{""ambito"":""herramienta"",""tipo"":""subtipo"",""valor"":""Alicates rectos para circlips""}]";herramienta:marca=SHEK | herramienta:medida_principal=320 mm | herramienta:producto=Alicates | herramienta:subtipo=Alicates rectos para circlips;[];"Alicates o pinzas de trabajo se utilizan para sujetar, doblar, cortar o manipular piezas pequeñas con un control mayor que el obtenido directamente con la mano. Mejora el control sobre componentes pequeños o difíciles de sujetar; su uso es especialmente relevante en mecánica, electricidad, electrónica, montaje y reparación, según el diseño de las mordazas.";<h2>Descripción</h2><p>Alicates o pinzas de trabajo se utilizan para sujetar, doblar, cortar o manipular piezas pequeñas con un control mayor que el obtenido directamente con la mano. Las mordazas concentran la fuerza en la zona de contacto y permiten mantener la pieza en una posición estable mientras se realiza la operación. La forma de la boca determina si la herramienta está orientada a corte, agarre, extracción o montaje.</p><p>En la práctica, mejora el control sobre componentes pequeños o difíciles de sujetar, reduce el riesgo de marcar piezas al utilizar la geometría apropiada y permite aplicar fuerza en zonas con acceso limitado. Se emplea en mecánica, electricidad, electrónica, montaje y reparación, según el diseño de las mordazas. Sus usuarios habituales son mecánicos, electricistas, instaladores, técnicos y usuarios de taller.</p><p>Suele trabajar junto con piezas, clips, terminales, cables o elementos de fijación compatibles con la forma de la herramienta. Conviene seleccionar la forma y la longitud de las mordazas según la tarea. Para cortar, prensar o trabajar con circlips debe utilizarse una herramienta específica y no un alicate genérico.</p><h2>Características principales</h2><ul><li><strong>Control de la pieza:</strong> Las mordazas ayudan a sujetar o manipular componentes sin perder la posición.</li><li><strong>Geometría específica:</strong> La forma de la boca determina el tipo de agarre, corte o montaje que puede realizarse.</li><li><strong>Acceso al trabajo:</strong> Permite aplicar fuerza en zonas donde la mano o una herramienta más voluminosa no llegan con precisión.</li><li><strong>Contexto de uso:</strong> Se emplea en mecánica, electricidad, electrónica, montaje y reparación, según el diseño de las mordazas.</li></ul>;12.28;10.16;10.16;EUR;taxable;;0;;instock;no;0;;;;;0;0;0;;117162;https://www.distribuidordeherramientas.es/wp-content/uploads/2026/07/alicates-rectos-para-circlips-320mm-sk-112-13-de-shek-precision-y-resistencia-1000x1000-1.webp;117163,117164,117165,117166;https://www.distribuidordeherramientas.es/wp-content/uploads/2026/07/alicates-rectos-para-circlips-320mm-sk-112-13-de-shek-precision-y-resistencia-2-1000x1000-1.webp | https://www.distribuidordeherramientas.es/wp-content/uploads/2026/07/alicates-rectos-para-circlips-320mm-sk-112-13-de-shek-precision-y-resistencia-3-1000x1000-1.webp | https://www.distribuidordeherramientas.es/wp-content/uploads/2026/07/alicates-rectos-para-circlips-320mm-sk-112-13-de-shek-precision-y-resistencia-4-1000x1000-1.webp | https://www.distribuidordeherramientas.es/wp-content/uploads/2026/07/alicates-rectos-para-circlips-320mm-sk-112-13-de-shek-precision-y-resistencia-5-1000x1000-1.webp;0;;2026-07-30 19:26:07;2026-08-20 15:57:17
2.1;117167;2b090106-SK-112-13-cerrado32cm;simple;Alicates rectos SK-112-13 para circlips y arandelas de seguridad 320mm;alicates-rectos-sk-112-13-para-circlips-y-arandelas-de-seguridad-320mm;https://www.distribuidordeherramientas.es/producto/alicates-rectos-sk-112-13-para-circlips-y-arandelas-de-seguridad-320mm/;publish;0;visible;Bricolaje;Herramientas para el hogar;Herramientas manuales de uso doméstico;40229;Alicates;40827,52529,52527,40617,49616,52528,52710;alicates | Alicates o pinzas de trabajo | Alicates profesionales | herramienta | herramienta manual | Pinzas de trabajo | SHEK;product_brand;47534;SHEK;;SATKIT;8377;181;Automoción y Diagnóstico > Herramientas de Taller Mecánico > Herramientas Especializadas Auto;8.47;Alicates;herramienta;Fijación y sujeción técnica;;;Fijación y sujeción técnica;"[{""ambito"":""herramienta"",""tipo"":""medida_principal"",""valor"":""320 mm""},{""ambito"":""herramienta"",""tipo"":""producto"",""valor"":""Alicates""}]";herramienta:medida_principal=320 mm | herramienta:producto=Alicates;[];"Alicates o pinzas de trabajo se utilizan para sujetar, doblar, cortar o manipular piezas pequeñas con un control mayor que el obtenido directamente con la mano. Mejora el control sobre componentes pequeños o difíciles de sujetar; su uso es especialmente relevante en mecánica, electricidad, electrónica, montaje y reparación, según el diseño de las mordazas.";<h2>Descripción</h2><p>Alicates o pinzas de trabajo se utilizan para sujetar, doblar, cortar o manipular piezas pequeñas con un control mayor que el obtenido directamente con la mano. Las mordazas concentran la fuerza en la zona de contacto y permiten mantener la pieza en una posición estable mientras se realiza la operación. La forma de la boca determina si la herramienta está orientada a corte, agarre, extracción o montaje.</p><p>En la práctica, mejora el control sobre componentes pequeños o difíciles de sujetar, reduce el riesgo de marcar piezas al utilizar la geometría apropiada y permite aplicar fuerza en zonas con acceso limitado. Se emplea en mecánica, electricidad, electrónica, montaje y reparación, según el diseño de las mordazas. Sus usuarios habituales son mecánicos, electricistas, instaladores, técnicos y usuarios de taller.</p><p>Suele trabajar junto con piezas, clips, terminales, cables o elementos de fijación compatibles con la forma de la herramienta. Conviene seleccionar la forma y la longitud de las mordazas según la tarea. Para cortar, prensar o trabajar con circlips debe utilizarse una herramienta específica y no un alicate genérico.</p><h2>Características principales</h2><ul><li><strong>Control de la pieza:</strong> Las mordazas ayudan a sujetar o manipular componentes sin perder la posición.</li><li><strong>Geometría específica:</strong> La forma de la boca determina el tipo de agarre, corte o montaje que puede realizarse.</li><li><strong>Acceso al trabajo:</strong> Permite aplicar fuerza en zonas donde la mano o una herramienta más voluminosa no llegan con precisión.</li><li><strong>Contexto de uso:</strong> Se emplea en mecánica, electricidad, electrónica, montaje y reparación, según el diseño de las mordazas.</li></ul>;12.28;10.16;10.16;EUR;taxable;;0;;instock;no;0;;;;;0;0;0;;117168;https://www.distribuidordeherramientas.es/wp-content/uploads/2026/07/alicates-rectos-sk-112-13-para-circlips-y-arandelas-de-seguridad-320mm-1000x1000-1.webp;117169;https://www.distribuidordeherramientas.es/wp-content/uploads/2026/07/alicates-rectos-sk-112-13-para-circlips-y-arandelas-de-seguridad-320mm-2-1000x1000-1.webp;0;;2026-07-30 19:26:07;2026-08-20 15:57:17
2.1;117809;2c090201;simple;9pcs Juego de Alicates para Abrazaderas Automoción TSX TOOL;9pcs-juego-de-alicates-para-abrazaderas-automocion-tsx-tool;https://www.distribuidordeherramientas.es/producto/9pcs-juego-de-alicates-para-abrazaderas-automocion-tsx-tool/;publish;0;visible;Bricolaje;Herramientas para el hogar;Herramientas manuales de uso doméstico;40229;Alicates;40827,52529,52527,40617,49616,52528,51111;alicates | Alicates o pinzas de trabajo | Alicates profesionales | herramienta | herramienta manual | Pinzas de trabajo | TSX TOOL;product_brand;47094;TSX TOOL;;SATKIT;7553;2245;Automoción y Diagnóstico > Herramientas de Taller Mecánico > Herramientas Especializadas Auto;34.73;Alicates;herramienta;Mantenimiento y limpieza de vehículos;;;Mantenimiento y limpieza de vehículos;"[{""ambito"":""herramienta"",""tipo"":""marca"",""valor"":""TSX TOOL""},{""ambito"":""herramienta"",""tipo"":""numero_piezas"",""valor"":""9""},{""ambito"":""herramienta"",""tipo"":""producto"",""valor"":""Alicates""}]";herramienta:marca=TSX TOOL | herramienta:numero_piezas=9 | herramienta:producto=Alicates;[];"Alicates o pinzas de trabajo se utilizan para sujetar, doblar, cortar o manipular piezas pequeñas con un control mayor que el obtenido directamente con la mano. Mejora el control sobre componentes pequeños o difíciles de sujetar; su uso es especialmente relevante en mecánica, electricidad, electrónica, montaje y reparación, según el diseño de las mordazas.";<h2>Descripción</h2><p>Alicates o pinzas de trabajo se utilizan para sujetar, doblar, cortar o manipular piezas pequeñas con un control mayor que el obtenido directamente con la mano. Las mordazas concentran la fuerza en la zona de contacto y permiten mantener la pieza en una posición estable mientras se realiza la operación. La forma de la boca determina si la herramienta está orientada a corte, agarre, extracción o montaje.</p><p>En la práctica, mejora el control sobre componentes pequeños o difíciles de sujetar, reduce el riesgo de marcar piezas al utilizar la geometría apropiada y permite aplicar fuerza en zonas con acceso limitado. Se emplea en mecánica, electricidad, electrónica, montaje y reparación, según el diseño de las mordazas. Sus usuarios habituales son mecánicos, electricistas, instaladores, técnicos y usuarios de taller.</p><p>Suele trabajar junto con piezas, clips, terminales, cables o elementos de fijación compatibles con la forma de la herramienta. Conviene seleccionar la forma y la longitud de las mordazas según la tarea. Para cortar, prensar o trabajar con circlips debe utilizarse una herramienta específica y no un alicate genérico.</p><h2>Características principales</h2><ul><li><strong>Control de la pieza:</strong> Las mordazas ayudan a sujetar o manipular componentes sin perder la posición.</li><li><strong>Geometría específica:</strong> La forma de la boca determina el tipo de agarre, corte o montaje que puede realizarse.</li><li><strong>Acceso al trabajo:</strong> Permite aplicar fuerza en zonas donde la mano o una herramienta más voluminosa no llegan con precisión.</li><li><strong>Conjunto coordinado:</strong> Reúne varios elementos destinados a cubrir diferentes fases, tamaños o configuraciones del mismo trabajo.</li></ul>;50.36;41.68;41.68;EUR;taxable;;0;;instock;no;0;;;;;0;0;0;;117810;https://www.distribuidordeherramientas.es/wp-content/uploads/2026/07/9pcs-juego-de-alicates-para-abrazaderas-automocion-tsx-tool-1000x1000-1.webp;117811,117812,117813,117814;https://www.distribuidordeherramientas.es/wp-content/uploads/2026/07/9pcs-juego-de-alicates-para-abrazaderas-automocion-tsx-tool-2-1000x1000-1.webp | https://www.distribuidordeherramientas.es/wp-content/uploads/2026/07/9pcs-juego-de-alicates-para-abrazaderas-automocion-tsx-tool-3-1000x1000-1.webp | https://www.distribuidordeherramientas.es/wp-content/uploads/2026/07/9pcs-juego-de-alicates-para-abrazaderas-automocion-tsx-tool-4-1000x1000-1.webp | https://www.distribuidordeherramientas.es/wp-content/uploads/2026/07/9pcs-juego-de-alicates-para-abrazaderas-automocion-tsx-tool-5-1000x1000-1.webp;0;;2026-07-30 19:25:25;2026-08-20 15:57:19
2.1;118205;2a1200204-conect-tubos-22pc;simple;Kit 22pc Conectores y Desconectores de Tubos para Automoción TSX TOOL;kit-22pc-conectores-y-desconectores-de-tubos-para-automocion-tsx-tool;https://www.distribuidordeherramientas.es/producto/kit-22pc-conectores-y-desconectores-de-tubos-para-automocion-tsx-tool/;publish;0;visible;Bricolaje;Herramientas para el hogar;Herramientas manuales de uso doméstico;40229;Alicates;40827,52529,52527,40617,49616,52528,51111;alicates | Alicates o pinzas de trabajo | Alicates profesionales | herramienta | herramienta manual | Pinzas de trabajo | TSX TOOL;product_brand;47094;TSX TOOL;;SATKIT;7665;2343;Automoción y Diagnóstico > Herramientas de Taller Mecánico > Herramientas Especializadas Auto;30.25;Alicates;herramienta;Mantenimiento y limpieza de vehículos;;;Mantenimiento y limpieza de vehículos;"[{""ambito"":""herramienta"",""tipo"":""marca"",""valor"":""TSX TOOL""},{""ambito"":""herramienta"",""tipo"":""numero_piezas"",""valor"":""22""},{""ambito"":""herramienta"",""tipo"":""producto"",""valor"":""Kit 22pc Conectores y Desconectores de Tubos para Automoción""}]";herramienta:marca=TSX TOOL | herramienta:numero_piezas=22 | herramienta:producto=Kit 22pc Conectores y Desconectores de Tubos para Automoción;[];"Alicates o pinzas de trabajo se utilizan para sujetar, doblar, cortar o manipular piezas pequeñas con un control mayor que el obtenido directamente con la mano. Mejora el control sobre componentes pequeños o difíciles de sujetar; su uso es especialmente relevante en mecánica, electricidad, electrónica, montaje y reparación, según el diseño de las mordazas.";<h2>Descripción</h2><p>Alicates o pinzas de trabajo se utilizan para sujetar, doblar, cortar o manipular piezas pequeñas con un control mayor que el obtenido directamente con la mano. Las mordazas concentran la fuerza en la zona de contacto y permiten mantener la pieza en una posición estable mientras se realiza la operación. La forma de la boca determina si la herramienta está orientada a corte, agarre, extracción o montaje.</p><p>En la práctica, mejora el control sobre componentes pequeños o difíciles de sujetar, reduce el riesgo de marcar piezas al utilizar la geometría apropiada y permite aplicar fuerza en zonas con acceso limitado. Se emplea en mecánica, electricidad, electrónica, montaje y reparación, según el diseño de las mordazas. Sus usuarios habituales son mecánicos, electricistas, instaladores, técnicos y usuarios de taller.</p><p>Suele trabajar junto con piezas, clips, terminales, cables o elementos de fijación compatibles con la forma de la herramienta. Conviene seleccionar la forma y la longitud de las mordazas según la tarea. Para cortar, prensar o trabajar con circlips debe utilizarse una herramienta específica y no un alicate genérico.</p><h2>Características principales</h2><ul><li><strong>Control de la pieza:</strong> Las mordazas ayudan a sujetar o manipular componentes sin perder la posición.</li><li><strong>Geometría específica:</strong> La forma de la boca determina el tipo de agarre, corte o montaje que puede realizarse.</li><li><strong>Acceso al trabajo:</strong> Permite aplicar fuerza en zonas donde la mano o una herramienta más voluminosa no llegan con precisión.</li><li><strong>Conjunto coordinado:</strong> Reúne varios elementos destinados a cubrir diferentes fases, tamaños o configuraciones del mismo trabajo.</li></ul>;43.86;36.3;36.3;EUR;taxable;;0;;instock;no;0;;;;;0;0;0;;118206;https://www.distribuidordeherramientas.es/wp-content/uploads/2026/07/kit-22pc-conectores-y-desconectores-de-tubos-para-automocion-tsx-tool-1000x1000-1.webp;;;0;;2026-07-30 19:25:21;2026-08-20 15:57:21
2.1;118576;HER-PINZA-BUJIA;simple;Pinza Desmontar Pipa Bujía Encendido Cable Alta Tensión Auto Moto Profesional;pinza-desmontar-pipa-bujia-encendido-cable-alta-tension-auto-moto-profesional;https://www.distribuidordeherramientas.es/producto/pinza-desmontar-pipa-bujia-encendido-cable-alta-tension-auto-moto-profesional/;publish;0;visible;Bricolaje;Herramientas para el hogar;Herramientas manuales de uso doméstico;40229;Alicates;44356,40827,52529,52527,49616,52528,51111;accesorio | alicates | Alicates o pinzas de trabajo | Alicates profesionales | herramienta manual | Pinzas de trabajo | TSX TOOL;product_brand;47094;TSX TOOL;;SATKIT;8458;3107;Automoción y Diagnóstico > Herramientas de Taller Mecánico > Herramientas Especializadas Auto;8.82;Alicates;herramienta;Mantenimiento y limpieza de vehículos;;;Mantenimiento y limpieza de vehículos;"[{""ambito"":""herramienta"",""tipo"":""producto"",""valor"":""Pinza Desmontar Pipa Bujía Encendido Cable Alta Tensión Auto""}]";herramienta:producto=Pinza Desmontar Pipa Bujía Encendido Cable Alta Tensión Auto;[];"Alicates o pinzas de trabajo se utilizan para sujetar, doblar, cortar o manipular piezas pequeñas con un control mayor que el obtenido directamente con la mano. Mejora el control sobre componentes pequeños o difíciles de sujetar; su uso es especialmente relevante en mecánica, electricidad, electrónica, montaje y reparación, según el diseño de las mordazas.";<h2>Descripción</h2><p>Alicates o pinzas de trabajo se utilizan para sujetar, doblar, cortar o manipular piezas pequeñas con un control mayor que el obtenido directamente con la mano. Las mordazas concentran la fuerza en la zona de contacto y permiten mantener la pieza en una posición estable mientras se realiza la operación. La forma de la boca determina si la herramienta está orientada a corte, agarre, extracción o montaje.</p><p>En la práctica, mejora el control sobre componentes pequeños o difíciles de sujetar, reduce el riesgo de marcar piezas al utilizar la geometría apropiada y permite aplicar fuerza en zonas con acceso limitado. Se emplea en mecánica, electricidad, electrónica, montaje y reparación, según el diseño de las mordazas. Sus usuarios habituales son mecánicos, electricistas, instaladores, técnicos y usuarios de taller.</p><p>Suele trabajar junto con piezas, clips, terminales, cables o elementos de fijación compatibles con la forma de la herramienta. Conviene seleccionar la forma y la longitud de las mordazas según la tarea. Para cortar, prensar o trabajar con circlips debe utilizarse una herramienta específica y no un alicate genérico.</p><h2>Características principales</h2><ul><li><strong>Control de la pieza:</strong> Las mordazas ayudan a sujetar o manipular componentes sin perder la posición.</li><li><strong>Geometría específica:</strong> La forma de la boca determina el tipo de agarre, corte o montaje que puede realizarse.</li><li><strong>Acceso al trabajo:</strong> Permite aplicar fuerza en zonas donde la mano o una herramienta más voluminosa no llegan con precisión.</li><li><strong>Contexto de uso:</strong> Se emplea en mecánica, electricidad, electrónica, montaje y reparación, según el diseño de las mordazas.</li></ul>;12.79;10.58;10.58;EUR;taxable;;0;;instock;no;0;;;;;0;0;0;;118577;https://www.distribuidordeherramientas.es/wp-content/uploads/2026/07/pinza-desmontar-pipa-bujia-encendido-cable-alta-tension-auto-moto-profesional-1000x1000-1.webp;118578,118579,118580,118581,118582;https://www.distribuidordeherramientas.es/wp-content/uploads/2026/07/pinza-desmontar-pipa-bujia-encendido-cable-alta-tension-auto-moto-profesional-2-1000x1000-1.webp | https://www.distribuidordeherramientas.es/wp-content/uploads/2026/07/pinza-desmontar-pipa-bujia-encendido-cable-alta-tension-auto-moto-profesional-3-1000x1000-1.webp | https://www.distribuidordeherramientas.es/wp-content/uploads/2026/07/pinza-desmontar-pipa-bujia-encendido-cable-alta-tension-auto-moto-profesional-4-1000x1000-1.webp | https://www.distribuidordeherramientas.es/wp-content/uploads/2026/07/pinza-desmontar-pipa-bujia-encendido-cable-alta-tension-auto-moto-profesional-5-1000x1000-1.webp | https://www.distribuidordeherramientas.es/wp-content/uploads/2026/07/pinza-desmontar-pipa-bujia-encendido-cable-alta-tension-auto-moto-profesional-6-1000x1000-1.webp;0;;2026-07-30 19:24:41;2026-08-20 15:57:23
2.1;118933;2a140104-destornillador-impacto;simple;"14pc Set Destornillador de Impacto 1/2"" con Puntas para Tornillos TSX TOOL";14pc-set-destornillador-de-impacto-1-2-con-puntas-para-tornillos-tsx-tool;https://www.distribuidordeherramientas.es/producto/14pc-set-destornillador-de-impacto-1-2-con-puntas-para-tornillos-tsx-tool/;publish;0;visible;Bricolaje;Herramientas para el hogar;Herramientas manuales de uso doméstico;40047;Destornillador;53178,40514,53181,40408,40617,53179,51111;Atornillado de precisión | destornillador | Destornillador o sistema de atornillado | destornilladores | herramienta | Herramientas de montaje | TSX TOOL;product_brand;47094;TSX TOOL;;SATKIT;7813;3;Herramientas y Medición > Herramientas Manuales > Destornilladores y Apertura;7.87;Destornillador;herramienta;Mantenimiento y reparación electrónica;;;Mantenimiento y reparación electrónica;"[{""ambito"":""herramienta"",""tipo"":""compatibilidad"",""valor"":""Tornillos TSX TOOL""},{""ambito"":""herramienta"",""tipo"":""marca"",""valor"":""TSX TOOL""},{""ambito"":""herramienta"",""tipo"":""numero_piezas"",""valor"":""14""},{""ambito"":""herramienta"",""tipo"":""producto"",""valor"":""Destornillador""}]";herramienta:compatibilidad=Tornillos TSX TOOL | herramienta:marca=TSX TOOL | herramienta:numero_piezas=14 | herramienta:producto=Destornillador;[];"Destornillador o sistema de atornillado se utiliza para transmitir el giro a tornillos del perfil correspondiente durante operaciones de montaje, ajuste o reparación. Permite controlar el montaje de fijaciones pequeñas o de acceso limitado; su uso es especialmente relevante en electricidad, electrónica, maquinaria, mobiliario, vehículos y mantenimiento general.";"<h2>Descripción</h2><p>Destornillador o sistema de atornillado se utiliza para transmitir el giro a tornillos del perfil correspondiente durante operaciones de montaje, ajuste o reparación. La punta debe asentarse por completo en la cabeza del tornillo antes de aplicar el giro. Elegir el perfil y el tamaño correctos mejora la transmisión del esfuerzo y reduce el riesgo de deformar la fijación.</p><p>En la práctica, permite controlar el montaje de fijaciones pequeñas o de acceso limitado, reduce daños en la cabeza del tornillo cuando se usa la punta adecuada y facilita desmontajes y ajustes repetidos durante una reparación. Se utiliza en electricidad, electrónica, maquinaria, mobiliario, vehículos y mantenimiento general. Sus usuarios habituales son técnicos, instaladores, mecánicos y usuarios de reparación.</p><p>Suele trabajar junto con puntas, tornillos, extensiones, portapuntas y soportes compatibles. Debe comprobarse el perfil de los tornillos y el espacio de trabajo. Para electrónica o ajustes delicados conviene una herramienta de precisión; para montaje repetitivo puede ser preferible un accionamiento eléctrico o con control de par.</p><h2>Características principales</h2><ul><li><strong>Ajuste de fijaciones:</strong> Transmite el giro al tornillo mediante una punta adaptada a su perfil.</li><li><strong>Protección de la cabeza:</strong> El tamaño correcto mejora el contacto y evita deformar la ranura o el alojamiento.</li><li><strong>Elección por trabajo:</strong> La longitud, el mango y el tipo de punta deben corresponder al acceso y al esfuerzo necesarios.</li><li><strong>Conjunto coordinado:</strong> Reúne varios elementos destinados a cubrir diferentes fases, tamaños o configuraciones del mismo trabajo.</li></ul>";11.41;9.44;9.44;EUR;taxable;;0;;instock;no;0;;;;;0;0;0;;118934;https://www.distribuidordeherramientas.es/wp-content/uploads/2026/07/14pc-set-destornillador-de-impacto-1-2-con-puntas-para-tornillos-tsx-tool-1000x1000-1.webp;118935,118936,118937,118938,118939,118940,118941,118942,118943,118944,118945,118946,118947,118948;https://www.distribuidordeherramientas.es/wp-content/uploads/2026/07/14pc-set-destornillador-de-impacto-1-2-con-puntas-para-tornillos-tsx-tool-2-1000x1000-1.webp | https://www.distribuidordeherramientas.es/wp-content/uploads/2026/07/14pc-set-destornillador-de-impacto-1-2-con-puntas-para-tornillos-tsx-tool-3-1000x1000-1.webp | https://www.distribuidordeherramientas.es/wp-content/uploads/2026/07/14pc-set-destornillador-de-impacto-1-2-con-puntas-para-tornillos-tsx-tool-4-1000x1000-1.webp | https://www.distribuidordeherramientas.es/wp-content/uploads/2026/07/14pc-set-destornillador-de-impacto-1-2-con-puntas-para-tornillos-tsx-tool-5-1000x1000-1.webp | https://www.distribuidordeherramientas.es/wp-content/uploads/2026/07/14pc-set-destornillador-de-impacto-1-2-con-puntas-para-tornillos-tsx-tool-6-1000x1000-1.webp | https://www.distribuidordeherramientas.es/wp-content/uploads/2026/07/14pc-set-destornillador-de-impacto-1-2-con-puntas-para-tornillos-tsx-tool-7-1000x1000-1.webp | https://www.distribuidordeherramientas.es/wp-content/uploads/2026/07/14pc-set-destornillador-de-impacto-1-2-con-puntas-para-tornillos-tsx-tool-8-1000x1000-1.webp | https://www.distribuidordeherramientas.es/wp-content/uploads/2026/07/14pc-set-destornillador-de-impacto-1-2-con-puntas-para-tornillos-tsx-tool-9-1000x1000-1.webp | https://www.distribuidordeherramientas.es/wp-content/uploads/2026/07/14pc-set-destornillador-de-impacto-1-2-con-puntas-para-tornillos-tsx-tool-10-1000x1000-1.webp | https://www.distribuidordeherramientas.es/wp-content/uploads/2026/07/14pc-set-destornillador-de-impacto-1-2-con-puntas-para-tornillos-tsx-tool-11-1000x1000-1.webp | https://www.distribuidordeherramientas.es/wp-content/uploads/2026/07/14pc-set-destornillador-de-impacto-1-2-con-puntas-para-tornillos-tsx-tool-12-1000x1000-1.webp | https://www.distribuidordeherramientas.es/wp-content/uploads/2026/07/14pc-set-destornillador-de-impacto-1-2-con-puntas-para-tornillos-tsx-tool-13-1000x1000-1.webp | https://www.distribuidordeherramientas.es/wp-content/uploads/2026/07/14pc-set-destornillador-de-impacto-1-2-con-puntas-para-tornillos-tsx-tool-14-1000x1000-1.webp | https://www.distribuidordeherramientas.es/wp-content/uploads/2026/07/14pc-set-destornillador-de-impacto-1-2-con-puntas-para-tornillos-tsx-tool-15-1000x1000-1.webp;0;;2026-07-30 19:24:03;2026-08-20 15:57:25
2.1;118978;2B070201-abrazadera-630MM;simple;Alicates con cable para abrazaderas de radiador 630mm TSX TOOL;alicates-con-cable-para-abrazaderas-de-radiador-630mm-tsx-tool;https://www.distribuidordeherramientas.es/producto/alicates-con-cable-para-abrazaderas-de-radiador-630mm-tsx-tool/;publish;0;visible;Bricolaje;Herramientas para el hogar;Herramientas manuales de uso doméstico;40229;Alicates;40827,52529,52527,40617,49616,52528,51111;alicates | Alicates o pinzas de trabajo | Alicates profesionales | herramienta | herramienta manual | Pinzas de trabajo | TSX TOOL;product_brand;47094;TSX TOOL;;SATKIT;6909;164;Herramientas y Medición > Herramientas Manuales > Alicates y Pinzas;12.58;Alicates;herramienta;Mantenimiento y limpieza de vehículos;;;Mantenimiento y limpieza de vehículos;"[{""ambito"":""herramienta"",""tipo"":""longitud"",""valor"":""630 mm""},{""ambito"":""herramienta"",""tipo"":""marca"",""valor"":""TSX TOOL""},{""ambito"":""herramienta"",""tipo"":""producto"",""valor"":""Alicates""}]";herramienta:longitud=630 mm | herramienta:marca=TSX TOOL | herramienta:producto=Alicates;[];"Alicates o pinzas de trabajo se utilizan para sujetar, doblar, cortar o manipular piezas pequeñas con un control mayor que el obtenido directamente con la mano. Mejora el control sobre componentes pequeños o difíciles de sujetar; su uso es especialmente relevante en mecánica, electricidad, electrónica, montaje y reparación, según el diseño de las mordazas.";<h2>Descripción</h2><p>Alicates o pinzas de trabajo se utilizan para sujetar, doblar, cortar o manipular piezas pequeñas con un control mayor que el obtenido directamente con la mano. Las mordazas concentran la fuerza en la zona de contacto y permiten mantener la pieza en una posición estable mientras se realiza la operación. La forma de la boca determina si la herramienta está orientada a corte, agarre, extracción o montaje.</p><p>En la práctica, mejora el control sobre componentes pequeños o difíciles de sujetar, reduce el riesgo de marcar piezas al utilizar la geometría apropiada y permite aplicar fuerza en zonas con acceso limitado. Se emplea en mecánica, electricidad, electrónica, montaje y reparación, según el diseño de las mordazas. Sus usuarios habituales son mecánicos, electricistas, instaladores, técnicos y usuarios de taller.</p><p>Suele trabajar junto con piezas, clips, terminales, cables o elementos de fijación compatibles con la forma de la herramienta. Conviene seleccionar la forma y la longitud de las mordazas según la tarea. Para cortar, prensar o trabajar con circlips debe utilizarse una herramienta específica y no un alicate genérico.</p><h2>Características principales</h2><ul><li><strong>Control de la pieza:</strong> Las mordazas ayudan a sujetar o manipular componentes sin perder la posición.</li><li><strong>Geometría específica:</strong> La forma de la boca determina el tipo de agarre, corte o montaje que puede realizarse.</li><li><strong>Acceso al trabajo:</strong> Permite aplicar fuerza en zonas donde la mano o una herramienta más voluminosa no llegan con precisión.</li><li><strong>Contexto de uso:</strong> Se emplea en mecánica, electricidad, electrónica, montaje y reparación, según el diseño de las mordazas.</li></ul>;18.24;15.1;15.1;EUR;taxable;;0;;instock;no;0;;;;;0;0;0;;118979;https://www.distribuidordeherramientas.es/wp-content/uploads/2026/07/alicates-con-cable-para-abrazaderas-de-radiador-630mm-tsx-tool-1000x1000-1.webp;118980,118981,118982,118983,118984;https://www.distribuidordeherramientas.es/wp-content/uploads/2026/07/alicates-con-cable-para-abrazaderas-de-radiador-630mm-tsx-tool-2-1000x1000-1.webp | https://www.distribuidordeherramientas.es/wp-content/uploads/2026/07/alicates-con-cable-para-abrazaderas-de-radiador-630mm-tsx-tool-3-1000x1000-1.webp | https://www.distribuidordeherramientas.es/wp-content/uploads/2026/07/alicates-con-cable-para-abrazaderas-de-radiador-630mm-tsx-tool-4-1000x1000-1.webp | https://www.distribuidordeherramientas.es/wp-content/uploads/2026/07/alicates-con-cable-para-abrazaderas-de-radiador-630mm-tsx-tool-5-1000x1000-1.webp | https://www.distribuidordeherramientas.es/wp-content/uploads/2026/07/alicates-con-cable-para-abrazaderas-de-radiador-630mm-tsx-tool-6-1000x1000-1.webp;0;;2026-07-30 19:24:03;2026-08-20 15:57:26
2.1;118985;R020105-alicate;simple;Alicates Corte Electrónica para trabajos de precisión en electrónica;alicates-corte-electronica-para-trabajos-de-precision-en-electronica;https://www.distribuidordeherramientas.es/producto/alicates-corte-electronica-para-trabajos-de-precision-en-electronica/;publish;0;visible;Bricolaje;Herramientas para el hogar;Herramientas manuales de uso doméstico;40229;Alicates;40827,52529,52527,40617,49616,52528,48715;alicates | Alicates o pinzas de trabajo | Alicates profesionales | herramienta | herramienta manual | Pinzas de trabajo | SATKIT;product_brand;36879;SATKIT;;SATKIT;464;166;Herramientas y Medición > Herramientas Manuales > Alicates y Pinzas;4.83;Alicates;herramienta;Mantenimiento y reparación electrónica;;;Mantenimiento y reparación electrónica;"[{""ambito"":""herramienta"",""tipo"":""producto"",""valor"":""Alicates""}]";herramienta:producto=Alicates;[];"Alicates o pinzas de trabajo se utilizan para sujetar, doblar, cortar o manipular piezas pequeñas con un control mayor que el obtenido directamente con la mano. Mejora el control sobre componentes pequeños o difíciles de sujetar; su uso es especialmente relevante en mecánica, electricidad, electrónica, montaje y reparación, según el diseño de las mordazas.";<h2>Descripción</h2><p>Alicates o pinzas de trabajo se utilizan para sujetar, doblar, cortar o manipular piezas pequeñas con un control mayor que el obtenido directamente con la mano. Las mordazas concentran la fuerza en la zona de contacto y permiten mantener la pieza en una posición estable mientras se realiza la operación. La forma de la boca determina si la herramienta está orientada a corte, agarre, extracción o montaje.</p><p>En la práctica, mejora el control sobre componentes pequeños o difíciles de sujetar, reduce el riesgo de marcar piezas al utilizar la geometría apropiada y permite aplicar fuerza en zonas con acceso limitado. Se emplea en mecánica, electricidad, electrónica, montaje y reparación, según el diseño de las mordazas. Sus usuarios habituales son mecánicos, electricistas, instaladores, técnicos y usuarios de taller.</p><p>Suele trabajar junto con piezas, clips, terminales, cables o elementos de fijación compatibles con la forma de la herramienta. Conviene seleccionar la forma y la longitud de las mordazas según la tarea. Para cortar, prensar o trabajar con circlips debe utilizarse una herramienta específica y no un alicate genérico.</p><h2>Características principales</h2><ul><li><strong>Control de la pieza:</strong> Las mordazas ayudan a sujetar o manipular componentes sin perder la posición.</li><li><strong>Geometría específica:</strong> La forma de la boca determina el tipo de agarre, corte o montaje que puede realizarse.</li><li><strong>Acceso al trabajo:</strong> Permite aplicar fuerza en zonas donde la mano o una herramienta más voluminosa no llegan con precisión.</li><li><strong>Contexto de uso:</strong> Se emplea en mecánica, electricidad, electrónica, montaje y reparación, según el diseño de las mordazas.</li></ul>;7;5.8;5.8;EUR;taxable;;0;;instock;no;0;;;;;0;0;0;;118986;https://www.distribuidordeherramientas.es/wp-content/uploads/2026/07/alicates-corte-electronica-para-trabajos-de-precision-en-electronica-1000x1000-1.webp;;;0;;2026-07-30 19:24:03;2026-08-20 15:57:26
2.1;119017;HER-ABRAZ-OREJA;simple;Alicates para Abrazaderas de Oreja Tipo CV Bota Eje Transmisión Coche;alicates-para-abrazaderas-de-oreja-tipo-cv-bota-eje-transmision-coche;https://www.distribuidordeherramientas.es/producto/alicates-para-abrazaderas-de-oreja-tipo-cv-bota-eje-transmision-coche/;publish;0;visible;Bricolaje;Herramientas para el hogar;Herramientas manuales de uso doméstico;40229;Alicates;40827,52529,52527,40617,49616,52528,51111;alicates | Alicates o pinzas de trabajo | Alicates profesionales | herramienta | herramienta manual | Pinzas de trabajo | TSX TOOL;product_brand;47094;TSX TOOL;;SATKIT;8455;176;Herramientas y Medición > Herramientas Manuales > Alicates y Pinzas;10.59;Alicates;herramienta;Mantenimiento y limpieza de vehículos;;;Mantenimiento y limpieza de vehículos;"[{""ambito"":""herramienta"",""tipo"":""producto"",""valor"":""Alicates""}]";herramienta:producto=Alicates;[];"Alicates o pinzas de trabajo se utilizan para sujetar, doblar, cortar o manipular piezas pequeñas con un control mayor que el obtenido directamente con la mano. Mejora el control sobre componentes pequeños o difíciles de sujetar; su uso es especialmente relevante en mecánica, electricidad, electrónica, montaje y reparación, según el diseño de las mordazas.";<h2>Descripción</h2><p>Alicates o pinzas de trabajo se utilizan para sujetar, doblar, cortar o manipular piezas pequeñas con un control mayor que el obtenido directamente con la mano. Las mordazas concentran la fuerza en la zona de contacto y permiten mantener la pieza en una posición estable mientras se realiza la operación. La forma de la boca determina si la herramienta está orientada a corte, agarre, extracción o montaje.</p><p>En la práctica, mejora el control sobre componentes pequeños o difíciles de sujetar, reduce el riesgo de marcar piezas al utilizar la geometría apropiada y permite aplicar fuerza en zonas con acceso limitado. Se emplea en mecánica, electricidad, electrónica, montaje y reparación, según el diseño de las mordazas. Sus usuarios habituales son mecánicos, electricistas, instaladores, técnicos y usuarios de taller.</p><p>Suele trabajar junto con piezas, clips, terminales, cables o elementos de fijación compatibles con la forma de la herramienta. Conviene seleccionar la forma y la longitud de las mordazas según la tarea. Para cortar, prensar o trabajar con circlips debe utilizarse una herramienta específica y no un alicate genérico.</p><h2>Características principales</h2><ul><li><strong>Control de la pieza:</strong> Las mordazas ayudan a sujetar o manipular componentes sin perder la posición.</li><li><strong>Geometría específica:</strong> La forma de la boca determina el tipo de agarre, corte o montaje que puede realizarse.</li><li><strong>Acceso al trabajo:</strong> Permite aplicar fuerza en zonas donde la mano o una herramienta más voluminosa no llegan con precisión.</li><li><strong>Contexto de uso:</strong> Se emplea en mecánica, electricidad, electrónica, montaje y reparación, según el diseño de las mordazas.</li></ul>;15.36;12.71;12.71;EUR;taxable;;0;;instock;no;0;;;;;0;0;0;;119018;https://www.distribuidordeherramientas.es/wp-content/uploads/2026/07/alicates-para-abrazaderas-de-oreja-tipo-cv-bota-eje-transmision-coche-1000x1000-1.webp;119019,119020,119021,119022,119023,119024,119025,119026,119027;https://www.distribuidordeherramientas.es/wp-content/uploads/2026/07/alicates-para-abrazaderas-de-oreja-tipo-cv-bota-eje-transmision-coche-2-1000x1000-1.webp | https://www.distribuidordeherramientas.es/wp-content/uploads/2026/07/alicates-para-abrazaderas-de-oreja-tipo-cv-bota-eje-transmision-coche-3-1000x1000-1.webp | https://www.distribuidordeherramientas.es/wp-content/uploads/2026/07/alicates-para-abrazaderas-de-oreja-tipo-cv-bota-eje-transmision-coche-4-1000x1000-1.webp | https://www.distribuidordeherramientas.es/wp-content/uploads/2026/07/alicates-para-abrazaderas-de-oreja-tipo-cv-bota-eje-transmision-coche-5-1000x1000-1.webp | https://www.distribuidordeherramientas.es/wp-content/uploads/2026/07/alicates-para-abrazaderas-de-oreja-tipo-cv-bota-eje-transmision-coche-6-1000x1000-1.webp | https://www.distribuidordeherramientas.es/wp-content/uploads/2026/07/alicates-para-abrazaderas-de-oreja-tipo-cv-bota-eje-transmision-coche-7-1000x1000-1.webp | https://www.distribuidordeherramientas.es/wp-content/uploads/2026/07/alicates-para-abrazaderas-de-oreja-tipo-cv-bota-eje-transmision-coche-8-1000x1000-1.webp | https://www.distribuidordeherramientas.es/wp-content/uploads/2026/07/alicates-para-abrazaderas-de-oreja-tipo-cv-bota-eje-transmision-coche-9-1000x1000-1.webp | https://www.distribuidordeherramientas.es/wp-content/uploads/2026/07/alicates-para-abrazaderas-de-oreja-tipo-cv-bota-eje-transmision-coche-10-1000x1000-1.webp;0;;2026-07-30 19:24:04;2026-08-20 15:57:26
2.1;119633;1b040403-3x75-philips;simple;Destornillador Philips 3mmx75mm Cabezal Magnético para Electrónica Preciso;destornillador-philips-3mmx75mm-cabezal-magnetico-para-electronica-preciso;https://www.distribuidordeherramientas.es/producto/destornillador-philips-3mmx75mm-cabezal-magnetico-para-electronica-preciso/;publish;0;visible;Bricolaje;Herramientas para el hogar;Herramientas manuales de uso doméstico;40047;Destornillador;44432,40514,53290,40617,49616,49620,49618;3mmx75mm | destornillador | Destornillador Philips Cabezal Magnético para Electrónica | herramienta | herramienta manual | Herramientas manuales profesionales | montaje y mantenimiento;product_brand;47534;SHEK;;SATKIT;6854;1668;Herramientas y Medición > Herramientas Manuales > Destornilladores y Apertura;1.45;Destornillador;herramienta;Mantenimiento y reparación electrónica;;;Mantenimiento y reparación electrónica;"[{""ambito"":""herramienta"",""tipo"":""producto"",""valor"":""Destornillador""},{""ambito"":""herramienta"",""tipo"":""subtipo"",""valor"":""Destornillador Philips""}]";herramienta:producto=Destornillador | herramienta:subtipo=Destornillador Philips;[];Destornillador Philips Cabezal Magnético para Electrónica se utiliza para apretar o aflojar tornillos utilizando una punta que encaja en la cabeza de la fijación.;<h2>Descripción</h2><p>Destornillador Philips Cabezal Magnético para Electrónica se utiliza para apretar o aflojar tornillos utilizando una punta que encaja en la cabeza de la fijación.</p><h2>Características principales</h2><p>En uso, transmite el giro de la mano al tornillo y permite controlar la presión axial durante el trabajo.</p><h2>Ventajas</h2><p>Reduce daños en la cabeza y facilita desmontajes repetidos cuando la punta es la correcta.</p><h2>Aplicaciones</h2><p>Se emplea en montaje, mantenimiento, electrónica, vehículos y reparación de equipos.</p><h2>Compatibilidad y entorno de trabajo</h2><p>Suele utilizarse junto con tornillos, puntas y elementos de sujeción adecuados al tipo de fijación.</p><h2>Consejos de uso</h2><p>Conviene mantener limpias las zonas de contacto, no utilizar prolongaciones improvisadas y retirar la herramienta si presenta deformaciones.</p><h2>Cómo elegir este producto</h2><p>Conviene elegirlo cuando el perfil y el acceso coinciden con el tornillo que se va a manipular. Si el trabajo es repetitivo o exige un par controlado, puede convenir una herramienta accionada o de medición específica.</p>;2.1;1.74;1.74;EUR;taxable;;0;;instock;no;0;;;;;0;0;0;;119634;https://www.distribuidordeherramientas.es/wp-content/uploads/2026/07/destornillador-philips-3mmx75mm-cabezal-magnetico-para-electronica-preciso-1000x1000-1.webp;;;0;;2026-07-30 19:22:59;2026-08-20 15:57:35
2.1;119635;1b040502;simple;Destornillador Philips 5mmx150mm Cabezal Magnetico de alta calidad SHEK;destornillador-philips-5mmx150mm-cabezal-magnetico-de-alta-calidad-shek;https://www.distribuidordeherramientas.es/producto/destornillador-philips-5mmx150mm-cabezal-magnetico-de-alta-calidad-shek/;publish;0;visible;Bricolaje;Herramientas para el hogar;Herramientas manuales de uso doméstico;40047;Destornillador;53293,40514,53291,40617,49616,49620,49618;5mmx150mm SHEK | destornillador | Destornillador Philips Cabezal Magnetico SHEK | herramienta | herramienta manual | Herramientas manuales profesionales | montaje y mantenimiento;product_brand;47534;SHEK;;SATKIT;6683;1669;Herramientas y Medición > Herramientas Manuales > Destornilladores y Apertura;1.45;Destornillador;herramienta;Perforación y fijación;;;Perforación y fijación;"[{""ambito"":""herramienta"",""tipo"":""marca"",""valor"":""SHEK""},{""ambito"":""herramienta"",""tipo"":""producto"",""valor"":""Destornillador""},{""ambito"":""herramienta"",""tipo"":""subtipo"",""valor"":""Destornillador Philips""}]";herramienta:marca=SHEK | herramienta:producto=Destornillador | herramienta:subtipo=Destornillador Philips;[];Destornillador Philips Cabezal Magnetico SHEK. Destornillador Philips Cabezal Magnetico - destornillador Philips es una herramienta para trabajos de electrónica y precisión.;<h2>Descripción</h2><p>Destornillador Philips Cabezal Magnetico SHEK. Destornillador Philips Cabezal Magnetico - destornillador Philips es una herramienta para trabajos de electrónica y precisión.</p><h2>Características principales</h2><p>En uso, transmite el giro de la mano al tornillo y permite controlar la presión axial durante el trabajo.</p><h2>Ventajas</h2><p>Reduce daños en la cabeza y facilita desmontajes repetidos cuando la punta es la correcta.</p><h2>Aplicaciones</h2><p>Se emplea en montaje, mantenimiento, electrónica, vehículos y reparación de equipos.</p><h2>Compatibilidad y entorno de trabajo</h2><p>Suele utilizarse junto con tornillos, puntas y elementos de sujeción adecuados al tipo de fijación.</p><h2>Consejos de uso</h2><p>Conviene mantener limpias las zonas de contacto, no utilizar prolongaciones improvisadas y retirar la herramienta si presenta deformaciones.</p><h2>Cómo elegir este producto</h2><p>Conviene elegirlo cuando el perfil y el acceso coinciden con el tornillo que se va a manipular. Si el trabajo es repetitivo o exige un par controlado, puede convenir una herramienta accionada o de medición específica.</p>;2.1;1.74;1.74;EUR;taxable;;0;;outofstock;no;0;;;;;0;0;0;;119634;https://www.distribuidordeherramientas.es/wp-content/uploads/2026/07/destornillador-philips-3mmx75mm-cabezal-magnetico-para-electronica-preciso-1000x1000-1.webp;;;0;;2026-07-30 19:22:58;2026-08-20 15:57:35
2.1;119636;1b040501-;simple;Destornillador Philips 6mmx200mm con Cabezal Magnético SHEK para Electrónica;destornillador-philips-6mmx200mm-con-cabezal-magnetico-shek-para-electronica;https://www.distribuidordeherramientas.es/producto/destornillador-philips-6mmx200mm-con-cabezal-magnetico-shek-para-electronica/;publish;0;visible;Bricolaje;Herramientas para el hogar;Herramientas manuales de uso doméstico;40047;Destornillador;53296,40514,53295,40617,49616,49620,49618;6mmx200mm SHEK | destornillador | Destornillador Philips con Cabezal Magnético SHEK para Electrónica | herramienta | herramienta manual | Herramientas manuales profesionales | montaje y mantenimiento;product_brand;47534;SHEK;;SATKIT;6684;1670;Herramientas y Medición > Herramientas Manuales > Destornilladores y Apertura;3.03;Destornillador;herramienta;Mantenimiento y reparación electrónica;;;Mantenimiento y reparación electrónica;"[{""ambito"":""herramienta"",""tipo"":""marca"",""valor"":""SHEK""},{""ambito"":""herramienta"",""tipo"":""producto"",""valor"":""Destornillador""},{""ambito"":""herramienta"",""tipo"":""subtipo"",""valor"":""Destornillador Philips""}]";herramienta:marca=SHEK | herramienta:producto=Destornillador | herramienta:subtipo=Destornillador Philips;[];El Destornillador Philips Cabezal Magnético de la marca SHEK es una herramienta para profesionales y aficionados de la electrónica que buscan precisión y durabilidad en sus trabajos.;<h2>Descripción</h2><p>El Destornillador Philips Cabezal Magnético de la marca SHEK es una herramienta para profesionales y aficionados de la electrónica que buscan precisión y durabilidad en sus trabajos.</p><h2>Características principales</h2><p>En uso, transmite el giro de la mano al tornillo y permite controlar la presión axial durante el trabajo.</p><h2>Ventajas</h2><p>Cabezal magnético: Facilita la sujeción de tornillos, evitando pérdidas y mejorando la eficiencia durante el trabajo.</p><h2>Aplicaciones</h2><p>Se emplea en montaje, mantenimiento, electrónica, vehículos y reparación de equipos.</p><h2>Compatibilidad y entorno de trabajo</h2><p>Suele utilizarse junto con tornillos, puntas y elementos de sujeción adecuados al tipo de fijación.</p><h2>Consejos de uso</h2><p>Conviene mantener limpias las zonas de contacto, no utilizar prolongaciones improvisadas y retirar la herramienta si presenta deformaciones.</p><h2>Cómo elegir este producto</h2><p>Conviene elegirlo cuando el perfil y el acceso coinciden con el tornillo que se va a manipular. Si el trabajo es repetitivo o exige un par controlado, puede convenir una herramienta accionada o de medición específica.</p>;4.39;3.64;3.64;EUR;taxable;;0;;instock;no;0;;;;;0;0;0;;119637;https://www.distribuidordeherramientas.es/wp-content/uploads/2026/07/destornillador-philips-6mmx200mm-con-cabezal-magnetico-shek-para-electronica-1000x1000-1.webp;;;0;;2026-07-30 19:22:59;2026-08-20 15:57:35
2.1;119638;1b040602-;simple;Destornillador Philips 6mmx300mm Cabezal Magnetico de SHEK para electrónica;destornillador-philips-6mmx300mm-cabezal-magnetico-de-shek-para-electronica;https://www.distribuidordeherramientas.es/producto/destornillador-philips-6mmx300mm-cabezal-magnetico-de-shek-para-electronica/;publish;0;visible;Bricolaje;Herramientas para el hogar;Herramientas manuales de uso doméstico;40047;Destornillador;53298,40514,53297,40617,49616,49620,49618;6mmx300mm SHEK | destornillador | Destornillador Philips Cabezal Magnetico de SHEK para electrónica | herramienta | herramienta manual | Herramientas manuales profesionales | montaje y mantenimiento;product_brand;47534;SHEK;;SATKIT;6687;1671;Herramientas y Medición > Herramientas Manuales > Destornilladores y Apertura;2.42;Destornillador;herramienta;Mantenimiento y reparación electrónica;;;Mantenimiento y reparación electrónica;"[{""ambito"":""herramienta"",""tipo"":""marca"",""valor"":""SHEK""},{""ambito"":""herramienta"",""tipo"":""producto"",""valor"":""Destornillador""},{""ambito"":""herramienta"",""tipo"":""subtipo"",""valor"":""Destornillador Philips""}]";herramienta:marca=SHEK | herramienta:producto=Destornillador | herramienta:subtipo=Destornillador Philips;[];El destornillador Philips cabezal magnético de la marca SHEK es una herramienta profesional diseñada especialmente para trabajos de precisión en electrónica y mantenimiento.;<h2>Descripción</h2><p>El destornillador Philips cabezal magnético de la marca SHEK es una herramienta profesional diseñada especialmente para trabajos de precisión en electrónica y mantenimiento.</p><h2>Características principales</h2><p>En uso, transmite el giro de la mano al tornillo y permite controlar la presión axial durante el trabajo.</p><h2>Ventajas</h2><p>Reduce daños en la cabeza y facilita desmontajes repetidos cuando la punta es la correcta.</p><h2>Aplicaciones</h2><p>Se emplea en montaje, mantenimiento, electrónica, vehículos y reparación de equipos.</p><h2>Compatibilidad y entorno de trabajo</h2><p>Suele utilizarse junto con tornillos, puntas y elementos de sujeción adecuados al tipo de fijación.</p><h2>Consejos de uso</h2><p>Conviene mantener limpias las zonas de contacto, no utilizar prolongaciones improvisadas y retirar la herramienta si presenta deformaciones.</p><h2>Cómo elegir este producto</h2><p>Conviene elegirlo cuando el perfil y el acceso coinciden con el tornillo que se va a manipular. Si el trabajo es repetitivo o exige un par controlado, puede convenir una herramienta accionada o de medición específica.</p>;3.51;2.9;2.9;EUR;taxable;;0;;instock;no;0;;;;;0;0;0;;119637;https://www.distribuidordeherramientas.es/wp-content/uploads/2026/07/destornillador-philips-6mmx200mm-con-cabezal-magnetico-shek-para-electronica-1000x1000-1.webp;;;0;;2026-07-30 19:23:00;2026-08-20 15:57:35
2.1;119639;1b040404-3x75-plano;simple;Destornillador plano 3mmx75mm con cabezal magnético SHEK para electrónica;destornillador-plano-3mmx75mm-con-cabezal-magnetico-shek-para-electronica;https://www.distribuidordeherramientas.es/producto/destornillador-plano-3mmx75mm-con-cabezal-magnetico-shek-para-electronica/;publish;0;visible;Bricolaje;Herramientas para el hogar;Herramientas manuales de uso doméstico;40047;Destornillador;53300,40514,53299,40617,49616,49620,49618;3mmx75mm SHEK | destornillador | Destornillador plano con cabezal magnético SHEK para electrónica | herramienta | herramienta manual | Herramientas manuales profesionales | montaje y mantenimiento;product_brand;47534;SHEK;;SATKIT;6853;1672;Herramientas y Medición > Herramientas Manuales > Destornilladores y Apertura;1.94;Destornillador;herramienta;Mantenimiento y reparación electrónica;;;Mantenimiento y reparación electrónica;"[{""ambito"":""herramienta"",""tipo"":""marca"",""valor"":""SHEK""},{""ambito"":""herramienta"",""tipo"":""producto"",""valor"":""Destornillador""},{""ambito"":""herramienta"",""tipo"":""subtipo"",""valor"":""Destornillador plano""}]";herramienta:marca=SHEK | herramienta:producto=Destornillador | herramienta:subtipo=Destornillador plano;[];El destornillador plano con cabezal magnético de la marca SHEK es una herramienta para cualquier técnico o aficionado a la electrónica que requiera precisión y comodidad en sus trabajos.;<h2>Descripción</h2><p>El destornillador plano con cabezal magnético de la marca SHEK es una herramienta para cualquier técnico o aficionado a la electrónica que requiera precisión y comodidad en sus trabajos.</p><h2>Características principales</h2><p>En uso, transmite el giro de la mano al tornillo y permite controlar la presión axial durante el trabajo.</p><h2>Ventajas</h2><p>Reduce daños en la cabeza y facilita desmontajes repetidos cuando la punta es la correcta.</p><h2>Aplicaciones</h2><p>Se emplea en montaje, mantenimiento, electrónica, vehículos y reparación de equipos.</p><h2>Compatibilidad y entorno de trabajo</h2><p>Suele utilizarse junto con tornillos, puntas y elementos de sujeción adecuados al tipo de fijación.</p><h2>Consejos de uso</h2><p>Conviene mantener limpias las zonas de contacto, no utilizar prolongaciones improvisadas y retirar la herramienta si presenta deformaciones.</p><h2>Cómo elegir este producto</h2><p>Conviene elegirlo cuando el perfil y el acceso coinciden con el tornillo que se va a manipular. Si el trabajo es repetitivo o exige un par controlado, puede convenir una herramienta accionada o de medición específica.</p>;2.81;2.33;2.33;EUR;taxable;;0;;outofstock;no;0;;;;;0;0;0;;119640;https://www.distribuidordeherramientas.es/wp-content/uploads/2026/07/destornillador-plano-3mmx75mm-con-cabezal-magnetico-shek-para-electronica-1000x1000-1.webp;;;0;;2026-07-30 19:22:58;2026-08-20 15:57:35
2.1;119641;1b040503;simple;Destornillador plano 5mmx150mm con cabezal magnetico SHEK para electrónica;destornillador-plano-5mmx150mm-con-cabezal-magnetico-shek-para-electronica;https://www.distribuidordeherramientas.es/producto/destornillador-plano-5mmx150mm-con-cabezal-magnetico-shek-para-electronica/;publish;0;visible;Bricolaje;Herramientas para el hogar;Herramientas manuales de uso doméstico;40047;Destornillador;53293,40514,53299,40617,49616,49620,49618;5mmx150mm SHEK | destornillador | Destornillador plano con cabezal magnético SHEK para electrónica | herramienta | herramienta manual | Herramientas manuales profesionales | montaje y mantenimiento;product_brand;47534;SHEK;;SATKIT;6682;1673;Herramientas y Medición > Herramientas Manuales > Destornilladores y Apertura;2.66;Destornillador;herramienta;Mantenimiento y reparación electrónica;;;Mantenimiento y reparación electrónica;"[{""ambito"":""herramienta"",""tipo"":""marca"",""valor"":""SHEK""},{""ambito"":""herramienta"",""tipo"":""producto"",""valor"":""Destornillador""},{""ambito"":""herramienta"",""tipo"":""subtipo"",""valor"":""Destornillador plano""}]";herramienta:marca=SHEK | herramienta:producto=Destornillador | herramienta:subtipo=Destornillador plano;[];Destornillador plano con cabezal magnetico SHEK para electrónica se utiliza para apretar o aflojar tornillos utilizando una punta que encaja en la cabeza de la fijación.;<h2>Descripción</h2><p>Destornillador plano con cabezal magnetico SHEK para electrónica se utiliza para apretar o aflojar tornillos utilizando una punta que encaja en la cabeza de la fijación.</p><h2>Características principales</h2><p>En uso, transmite el giro de la mano al tornillo y permite controlar la presión axial durante el trabajo.</p><h2>Ventajas</h2><p>Su cabezal magnético es especialmente útil para evitar la pérdida de tornillos pequeños en trabajos delicados.</p><h2>Aplicaciones</h2><p>Se emplea en montaje, mantenimiento, electrónica, vehículos y reparación de equipos.</p><h2>Compatibilidad y entorno de trabajo</h2><p>Suele utilizarse junto con tornillos, puntas y elementos de sujeción adecuados al tipo de fijación.</p><h2>Consejos de uso</h2><p>Conviene mantener limpias las zonas de contacto, no utilizar prolongaciones improvisadas y retirar la herramienta si presenta deformaciones.</p><h2>Cómo elegir este producto</h2><p>Conviene elegirlo cuando el perfil y el acceso coinciden con el tornillo que se va a manipular. Si el trabajo es repetitivo o exige un par controlado, puede convenir una herramienta accionada o de medición específica.</p>;3.86;3.19;3.19;EUR;taxable;;0;;instock;no;0;;;;;0;0;0;;119640;https://www.distribuidordeherramientas.es/wp-content/uploads/2026/07/destornillador-plano-3mmx75mm-con-cabezal-magnetico-shek-para-electronica-1000x1000-1.webp;;;0;;2026-07-30 19:22:58;2026-08-20 15:57:35
2.1;119642;1b040604;simple;Destornillador plano 6mmx200mm con cabezal magnético SHEK;destornillador-plano-6mmx200mm-con-cabezal-magnetico-shek;https://www.distribuidordeherramientas.es/producto/destornillador-plano-6mmx200mm-con-cabezal-magnetico-shek/;publish;0;visible;Bricolaje;Herramientas para el hogar;Herramientas manuales de uso doméstico;40047;Destornillador;53296,40514,53301,40617,49616,49620,49618;6mmx200mm SHEK | destornillador | Destornillador plano con cabezal magnético SHEK | herramienta | herramienta manual | Herramientas manuales profesionales | montaje y mantenimiento;product_brand;47534;SHEK;;SATKIT;6685;1674;Herramientas y Medición > Herramientas Manuales > Destornilladores y Apertura;1.69;Destornillador;herramienta;Perforación y fijación;;;Perforación y fijación;"[{""ambito"":""herramienta"",""tipo"":""marca"",""valor"":""SHEK""},{""ambito"":""herramienta"",""tipo"":""producto"",""valor"":""Destornillador""},{""ambito"":""herramienta"",""tipo"":""subtipo"",""valor"":""Destornillador plano""}]";herramienta:marca=SHEK | herramienta:producto=Destornillador | herramienta:subtipo=Destornillador plano;[];Destornillador plano con cabezal magnético SHEK se utiliza para apretar o aflojar tornillos utilizando una punta que encaja en la cabeza de la fijación.;<h2>Descripción</h2><p>Destornillador plano con cabezal magnético SHEK se utiliza para apretar o aflojar tornillos utilizando una punta que encaja en la cabeza de la fijación.</p><h2>Características principales</h2><p>En uso, transmite el giro de la mano al tornillo y permite controlar la presión axial durante el trabajo.</p><h2>Ventajas</h2><p>Reduce daños en la cabeza y facilita desmontajes repetidos cuando la punta es la correcta.</p><h2>Aplicaciones</h2><p>Se emplea en montaje, mantenimiento, electrónica, vehículos y reparación de equipos.</p><h2>Compatibilidad y entorno de trabajo</h2><p>Suele utilizarse junto con tornillos, puntas y elementos de sujeción adecuados al tipo de fijación.</p><h2>Consejos de uso</h2><p>Conviene mantener limpias las zonas de contacto, no utilizar prolongaciones improvisadas y retirar la herramienta si presenta deformaciones.</p><h2>Cómo elegir este producto</h2><p>Conviene elegirlo cuando el perfil y el acceso coinciden con el tornillo que se va a manipular. Si el trabajo es repetitivo o exige un par controlado, puede convenir una herramienta accionada o de medición específica.</p>;2.45;2.03;2.03;EUR;taxable;;0;;instock;no;0;;;;;0;0;0;;119643;https://www.distribuidordeherramientas.es/wp-content/uploads/2026/07/destornillador-plano-6mmx200mm-con-cabezal-magnetico-shek-1000x1000-1.webp;;;0;;2026-07-30 19:22:58;2026-08-20 15:57:35
2.1;119644;1b040603;simple;Destornillador plano 6mm x 300mm con cabezal magnético SHEK;destornillador-plano-6mm-x-300mm-con-cabezal-magnetico-shek;https://www.distribuidordeherramientas.es/producto/destornillador-plano-6mm-x-300mm-con-cabezal-magnetico-shek/;publish;0;visible;Bricolaje;Herramientas para el hogar;Herramientas manuales de uso doméstico;40047;Destornillador;40514,53301,40617,49616,49620,49618,52710;destornillador | Destornillador plano con cabezal magnético SHEK | herramienta | herramienta manual | Herramientas manuales profesionales | montaje y mantenimiento | SHEK;product_brand;47534;SHEK;;SATKIT;6686;1675;Herramientas y Medición > Herramientas Manuales > Destornilladores y Apertura;1.94;Destornillador;herramienta;Perforación y fijación;;;Perforación y fijación;"[{""ambito"":""herramienta"",""tipo"":""marca"",""valor"":""SHEK""},{""ambito"":""herramienta"",""tipo"":""medida_principal"",""valor"":""6 mm / 300 mm""},{""ambito"":""herramienta"",""tipo"":""producto"",""valor"":""Destornillador""},{""ambito"":""herramienta"",""tipo"":""subtipo"",""valor"":""Destornillador plano""}]";herramienta:marca=SHEK | herramienta:medida_principal=6 mm / 300 mm | herramienta:producto=Destornillador | herramienta:subtipo=Destornillador plano;[];Destornillador plano con cabezal magnético SHEK se utiliza para apretar o aflojar tornillos utilizando una punta que encaja en la cabeza de la fijación.;<h2>Descripción</h2><p>Destornillador plano con cabezal magnético SHEK se utiliza para apretar o aflojar tornillos utilizando una punta que encaja en la cabeza de la fijación.</p><h2>Características principales</h2><p>En uso, transmite el giro de la mano al tornillo y permite controlar la presión axial durante el trabajo.</p><h2>Ventajas</h2><p>Reduce daños en la cabeza y facilita desmontajes repetidos cuando la punta es la correcta.</p><h2>Aplicaciones</h2><p>Se emplea en montaje, mantenimiento, electrónica, vehículos y reparación de equipos.</p><h2>Compatibilidad y entorno de trabajo</h2><p>Suele utilizarse junto con tornillos, puntas y elementos de sujeción adecuados al tipo de fijación.</p><h2>Consejos de uso</h2><p>Conviene mantener limpias las zonas de contacto, no utilizar prolongaciones improvisadas y retirar la herramienta si presenta deformaciones.</p><h2>Cómo elegir este producto</h2><p>Conviene elegirlo cuando el perfil y el acceso coinciden con el tornillo que se va a manipular. Si el trabajo es repetitivo o exige un par controlado, puede convenir una herramienta accionada o de medición específica.</p>;2.81;2.33;2.33;EUR;taxable;;0;;instock;no;0;;;;;0;0;0;;119643;https://www.distribuidordeherramientas.es/wp-content/uploads/2026/07/destornillador-plano-6mmx200mm-con-cabezal-magnetico-shek-1000x1000-1.webp;;;0;;2026-07-30 19:22:59;2026-08-20 15:57:36
2.1;119718;2d050402-JM-PJ1003-multifunctional-tool;simple;Herramienta multifuncional 9 en 1 alicates plegables Jakemy JM-PJ1003 con estuche;herramienta-multifuncional-9-en-1-alicates-plegables-jakemy-jm-pj1003-con-estuche;https://www.distribuidordeherramientas.es/producto/herramienta-multifuncional-9-en-1-alicates-plegables-jakemy-jm-pj1003-con-estuche/;publish;0;visible;Bricolaje;Herramientas para el hogar;Herramientas manuales de uso doméstico;40229;Alicates;53335,40827,40617,49616,53336,49620,53337,49618;Alicate para montaje y mantenimiento | alicates | herramienta | herramienta manual | Herramienta multifuncional en alicates plegables Jakemy con estuche | Herramientas manuales profesionales | JM-PJ1003 | montaje y mantenimiento;product_brand;47538;JAKEMY;;SATKIT;8066;2147;Herramientas y Medición > Herramientas Manuales > Alicates y Pinzas;9.56;Alicates;herramienta;Fijación y sujeción técnica;;;Fijación y sujeción técnica;"[{""ambito"":""herramienta"",""tipo"":""configuracion"",""valor"":""9 en 1""},{""ambito"":""herramienta"",""tipo"":""marca"",""valor"":""JAKEMY""},{""ambito"":""herramienta"",""tipo"":""producto"",""valor"":""Alicates""},{""ambito"":""herramienta"",""tipo"":""subtipo"",""valor"":""Herramienta""}]";herramienta:configuracion=9 en 1 | herramienta:marca=JAKEMY | herramienta:producto=Alicates | herramienta:subtipo=Herramienta;[];Herramienta multifuncional en alicates plegables Jakemy con estuche se utiliza para sujetar, cortar, doblar o manipular piezas y conductores con control manual. Mejora el agarre y reduce el riesgo de dañar la pieza al utilizar una herramienta inadecuada.;<h2>Descripción</h2><p>Herramienta multifuncional en alicates plegables Jakemy con estuche se utiliza para sujetar, cortar, doblar o manipular piezas y conductores con control manual.</p><h2>Características principales</h2><p>Durante el uso, concentra la fuerza de la mano en las mordazas o filos y permite acceder a zonas donde los dedos no trabajan con precisión. El diseño plegable facilita almacenamiento y transporte, siempre que los cierres queden completamente asegurados antes del uso.</p><h2>Ventajas</h2><p>Mejora el agarre y reduce el riesgo de dañar la pieza al utilizar una herramienta inadecuada.</p><h2>Aplicaciones</h2><p>Se emplea en electricidad, electrónica, mecánica, montaje y mantenimiento general.</p><h2>Compatibilidad y entorno de trabajo</h2><p>Suele utilizarse junto con protección personal, pieza estable y herramienta específica para la operación.</p><h2>Consejos de uso</h2><p>Mantener las mordazas limpias y no utilizar el alicate fuera de su función o capacidad.</p><h2>Cómo elegir este producto</h2><p>Conviene elegir esta referencia cuando la forma de las mordazas y el tipo de corte corresponden a la pieza. Si se necesita apriete calibrado o sujeción prolongada, conviene una herramienta dedicada.</p>;13.86;11.47;11.47;EUR;taxable;;0;;instock;no;0;;;;;0;0;0;;119719;https://www.distribuidordeherramientas.es/wp-content/uploads/2026/07/herramienta-multifuncional-9-en-1-alicates-plegables-jakemy-jm-pj1003-con-1000x1000-1.webp;119720,119721,119722,119723,119724,119725,119726;https://www.distribuidordeherramientas.es/wp-content/uploads/2026/07/herramienta-multifuncional-9-en-1-alicates-plegables-jakemy-jm-pj1003-con-2-1000x1000-1.webp | https://www.distribuidordeherramientas.es/wp-content/uploads/2026/07/herramienta-multifuncional-9-en-1-alicates-plegables-jakemy-jm-pj1003-con-3-1000x1000-1.webp | https://www.distribuidordeherramientas.es/wp-content/uploads/2026/07/herramienta-multifuncional-9-en-1-alicates-plegables-jakemy-jm-pj1003-con-4-1000x1000-1.webp | https://www.distribuidordeherramientas.es/wp-content/uploads/2026/07/herramienta-multifuncional-9-en-1-alicates-plegables-jakemy-jm-pj1003-con-5-1000x1000-1.webp | https://www.distribuidordeherramientas.es/wp-content/uploads/2026/07/herramienta-multifuncional-9-en-1-alicates-plegables-jakemy-jm-pj1003-con-6-1000x1000-1.webp | https://www.distribuidordeherramientas.es/wp-content/uploads/2026/07/herramienta-multifuncional-9-en-1-alicates-plegables-jakemy-jm-pj1003-con-7-1000x1000-1.webp | https://www.distribuidordeherramientas.es/wp-content/uploads/2026/07/herramienta-multifuncional-9-en-1-alicates-plegables-jakemy-jm-pj1003-con-8-1000x1000-1.webp;0;;2026-07-30 19:23:00;2026-08-20 15:57:37
2.1;120000;H010X0201-pinza-ten-curva;simple;Pinzas Tenaza Curvadas 18cm con Cierre de 3 Posiciones para Electrónica y Taller;pinzas-tenaza-curvadas-18cm-con-cierre-de-3-posiciones-para-electronica-y-taller;https://www.distribuidordeherramientas.es/producto/pinzas-tenaza-curvadas-18cm-con-cierre-de-3-posiciones-para-electronica-y-taller/;publish;0;visible;Bricolaje;Herramientas para el hogar;Herramientas manuales de uso doméstico;40229;Alicates;40827,40617,53352,49616,49620,49618,53445;alicates | herramienta | Herramienta de precisión para electrónica y reparación | herramienta manual | Herramientas manuales profesionales | montaje y mantenimiento | Pinzas Tenaza Curvadas con Cierre de Posiciones para Electrónica y Taller;product_brand;36879;SATKIT;;SATKIT;6302;3134;Herramientas y Medición > Herramientas Manuales > Alicates y Pinzas;5.45;Alicates;herramienta;Mantenimiento y reparación electrónica;;;Mantenimiento y reparación electrónica;"[{""ambito"":""herramienta"",""tipo"":""medida_principal"",""valor"":""18 cm""},{""ambito"":""herramienta"",""tipo"":""producto"",""valor"":""Pinzas Tenaza Curvadas""}]";herramienta:medida_principal=18 cm | herramienta:producto=Pinzas Tenaza Curvadas;[];Pinzas Tenaza Curvadas con Cierre de Posiciones para Electrónica y Taller se utiliza para sujetar, girar, abrir o manipular piezas pequeñas sin aplicar fuerza sobre componentes cercanos. Mejora el control y reduce marcas, deslizamientos y daños durante intervenciones delicadas.;<h2>Descripción</h2><p>Pinzas Tenaza Curvadas con Cierre de Posiciones para Electrónica y Taller se utiliza para sujetar, girar, abrir o manipular piezas pequeñas sin aplicar fuerza sobre componentes cercanos.</p><h2>Características principales</h2><p>Durante el uso, concentra el movimiento de la mano en una punta o perfil fino y permite trabajar en espacios reducidos.</p><h2>Ventajas</h2><p>Mejora el control y reduce marcas, deslizamientos y daños durante intervenciones delicadas.</p><h2>Aplicaciones</h2><p>Se emplea en electrónica, telefonía, relojería, modelismo, óptica y pequeños mecanismos.</p><h2>Compatibilidad y entorno de trabajo</h2><p>Suele utilizarse junto con iluminación, soporte estable, protección electrostática y piezas organizadas.</p><h2>Consejos de uso</h2><p>Mantener la punta limpia, no utilizarla como palanca si no está diseñada para ello y guardar cada útil protegido.</p><h2>Cómo elegir este producto</h2><p>Conviene elegir esta referencia cuando la forma de la punta coincide con la fijación o pieza que se va a manipular. Si se necesita mayor fuerza o par controlado, conviene una herramienta de otra escala.</p>;7.9;6.54;6.54;EUR;taxable;;0;;instock;no;0;;;;;0;0;0;;120001;https://www.distribuidordeherramientas.es/wp-content/uploads/2026/07/pinzas-tenaza-curvadas-18cm-con-cierre-de-3-posiciones-para-electronica-y-taller-1000x1000-1.webp;120002,120003;https://www.distribuidordeherramientas.es/wp-content/uploads/2026/07/pinzas-tenaza-curvadas-18cm-con-cierre-de-3-posiciones-para-electronica-y-taller-2-1000x1000-1.webp | https://www.distribuidordeherramientas.es/wp-content/uploads/2026/07/pinzas-tenaza-curvadas-18cm-con-cierre-de-3-posiciones-para-electronica-y-taller-3-1000x1000-1.webp;0;;2026-07-30 19:22:05;2026-08-20 15:57:39
2.1;120004;H010X0201-pinzas-tenaza-recta;simple;Pinzas Tenaza Rectas 18cm con Cierre de 3 Posiciones para Electrónica y Soldadura;pinzas-tenaza-rectas-18cm-con-cierre-de-3-posiciones-para-electronica-y-soldadura;https://www.distribuidordeherramientas.es/producto/pinzas-tenaza-rectas-18cm-con-cierre-de-3-posiciones-para-electronica-y-soldadura/;publish;0;visible;Bricolaje;Herramientas para el hogar;Herramientas manuales de uso doméstico;40229;Alicates;40827,40617,53352,49616,49620,49618,53446;alicates | herramienta | Herramienta de precisión para electrónica y reparación | herramienta manual | Herramientas manuales profesionales | montaje y mantenimiento | Pinzas Tenaza Rectas con Cierre de Posiciones para Electrónica y Soldadura;product_brand;36879;SATKIT;;SATKIT;6301;3135;Herramientas y Medición > Herramientas Manuales > Alicates y Pinzas;5.45;Alicates;herramienta;Mantenimiento y reparación electrónica;;;Mantenimiento y reparación electrónica;"[{""ambito"":""herramienta"",""tipo"":""medida_principal"",""valor"":""18 cm""},{""ambito"":""herramienta"",""tipo"":""producto"",""valor"":""Pinzas Tenaza Rectas""}]";herramienta:medida_principal=18 cm | herramienta:producto=Pinzas Tenaza Rectas;[];Pinzas Tenaza Rectas con Cierre de Posiciones para Electrónica y Soldadura se utiliza para sujetar, girar, abrir o manipular piezas pequeñas sin aplicar fuerza sobre componentes cercanos. Mejora el control y reduce marcas, deslizamientos y daños durante intervenciones delicadas.;<h2>Descripción</h2><p>Pinzas Tenaza Rectas con Cierre de Posiciones para Electrónica y Soldadura se utiliza para sujetar, girar, abrir o manipular piezas pequeñas sin aplicar fuerza sobre componentes cercanos.</p><h2>Características principales</h2><p>Durante el uso, concentra el movimiento de la mano en una punta o perfil fino y permite trabajar en espacios reducidos.</p><h2>Ventajas</h2><p>Mejora el control y reduce marcas, deslizamientos y daños durante intervenciones delicadas.</p><h2>Aplicaciones</h2><p>Se emplea en electrónica, telefonía, relojería, modelismo, óptica y pequeños mecanismos.</p><h2>Compatibilidad y entorno de trabajo</h2><p>Suele utilizarse junto con iluminación, soporte estable, protección electrostática y piezas organizadas.</p><h2>Consejos de uso</h2><p>Mantener la punta limpia, no utilizarla como palanca si no está diseñada para ello y guardar cada útil protegido.</p><h2>Cómo elegir este producto</h2><p>Conviene elegir esta referencia cuando la forma de la punta coincide con la fijación o pieza que se va a manipular. Si se necesita mayor fuerza o par controlado, conviene una herramienta de otra escala.</p>;7.9;6.54;6.54;EUR;taxable;;0;;instock;no;0;;;;;0;0;0;;120005;https://www.distribuidordeherramientas.es/wp-content/uploads/2026/07/pinzas-tenaza-rectas-18cm-con-cierre-de-3-posiciones-para-electronica-y-1000x1000-1.webp;120006;https://www.distribuidordeherramientas.es/wp-content/uploads/2026/07/pinzas-tenaza-rectas-18cm-con-cierre-de-3-posiciones-para-electronica-y-2-1000x1000-1.webp;0;;2026-07-30 19:22:04;2026-08-20 15:57:39
2.1;120197;2A100403;simple;Tijeras de Acero Inoxidable Multifuncionales - Herramienta Manual Profesional;tijeras-de-acero-inoxidable-multifuncionales-herramienta-manual-profesional;https://www.distribuidordeherramientas.es/producto/tijeras-de-acero-inoxidable-multifuncionales-herramienta-manual-profesional/;publish;0;visible;Bricolaje;Herramientas para el hogar;Herramientas manuales de uso doméstico;40229;Alicates;53335,40827,40617,49616,49620,49618,53498;Alicate para montaje y mantenimiento | alicates | herramienta | herramienta manual | Herramientas manuales profesionales | montaje y mantenimiento | Tijeras Multifuncionales;product_brand;47094;TSX TOOL;;SATKIT;7587;3902;Herramientas y Medición > Herramientas Manuales > Alicates y Pinzas;5.45;Alicates;herramienta;Fijación y sujeción técnica;;;Fijación y sujeción técnica;"[{""ambito"":""herramienta"",""tipo"":""material"",""valor"":""acero""},{""ambito"":""herramienta"",""tipo"":""material"",""valor"":""acero inoxidable""},{""ambito"":""herramienta"",""tipo"":""producto"",""valor"":""Tijeras de Acero Inoxidable Multifuncionales - Herramienta Manual Profesional""},{""ambito"":""herramienta"",""tipo"":""tecnologia_accionamiento"",""valor"":""manual""}]";herramienta:material=acero | herramienta:material=acero inoxidable | herramienta:producto=Tijeras de Acero Inoxidable Multifuncionales - Herramienta Manual Profesional | herramienta:tecnologia_accionamiento=manual;[];Tijeras de Acero Inoxidable Multifuncionales se utiliza para sujetar, cortar, doblar o manipular piezas y conductores con control manual. Mejora el agarre y reduce el riesgo de dañar la pieza al utilizar una herramienta inadecuada.;<h2>Descripción</h2><p>Tijeras de Acero Inoxidable Multifuncionales se utiliza para sujetar, cortar, doblar o manipular piezas y conductores con control manual.</p><h2>Características principales</h2><p>Durante el uso, concentra la fuerza de la mano en las mordazas o filos y permite acceder a zonas donde los dedos no trabajan con precisión. El accionamiento manual ofrece control directo sobre el avance y permite detener la operación en cuanto cambia la resistencia de la pieza.</p><h2>Ventajas</h2><p>Mejora el agarre y reduce el riesgo de dañar la pieza al utilizar una herramienta inadecuada.</p><h2>Aplicaciones</h2><p>Se emplea en electricidad, electrónica, mecánica, montaje y mantenimiento general.</p><h2>Compatibilidad y entorno de trabajo</h2><p>Suele utilizarse junto con protección personal, pieza estable y herramienta específica para la operación.</p><h2>Consejos de uso</h2><p>Mantener las mordazas limpias y no utilizar el alicate fuera de su función o capacidad.</p><h2>Cómo elegir este producto</h2><p>Conviene elegir esta referencia cuando la forma de las mordazas y el tipo de corte corresponden a la pieza. Si se necesita apriete calibrado o sujeción prolongada, conviene una herramienta dedicada.</p>;7.9;6.54;6.54;EUR;taxable;;0;;instock;no;0;;;;;0;0;0;;120198;https://www.distribuidordeherramientas.es/wp-content/uploads/2026/07/tijeras-de-acero-inoxidable-multifuncionales-herramienta-manual-profesional-1000x1000-1.webp;120199,120200,120201;https://www.distribuidordeherramientas.es/wp-content/uploads/2026/07/tijeras-de-acero-inoxidable-multifuncionales-herramienta-manual-profesional-2-1000x1000-1.webp | https://www.distribuidordeherramientas.es/wp-content/uploads/2026/07/tijeras-de-acero-inoxidable-multifuncionales-herramienta-manual-profesional-3-1000x1000-1.webp | https://www.distribuidordeherramientas.es/wp-content/uploads/2026/07/tijeras-de-acero-inoxidable-multifuncionales-herramienta-manual-profesional-4-1000x1000-1.webp;0;;2026-07-30 19:22:01;2026-08-20 15:57:40
2.1;121165;p_010475467084;simple;VEVOR Alicates para Prensar de Aluminio de Cobre 6/10/16/25/35/50 mm² Herramienta para Prensar Enchufes de Cable de Batería AWG10-1/0 con Cortador de Cable 6 tamaños 95 Conectores Anillo de Cobre;vevor-alicates-para-prensar-de-aluminio-de-cobre-6-10-16-25-35-50-mm2-herramienta-para-prensar-enchufes-de-cable-de-bateria-awg10-1-0-con-cortador-de-cable-6-tamanos-95-c-121165;https://www.distribuidordeherramientas.es/producto/vevor-alicates-para-prensar-de-aluminio-de-cobre-6-10-16-25-35-50-mm2-herramienta-para-prensar-enchufes-de-cable-de-bateria-awg10-1-0-con-cortador-de-cable-6-tamanos-95-c-121165/;publish;0;visible;Bricolaje;Herramientas para el hogar;Herramientas manuales de uso doméstico;40229;Alicates;40827,53520,53521,53522,40617,49616,36027;alicates | Alicates para Prensar 6/10/16/25/35/50 mm² Herramienta para | Cribadora Manual | herramienta | herramienta manual | Vevor;product_brand;;;;VEVOR;010475467084;4393;Herramientas > Herramientas Manuales > Alicates > Engarzadoras > Cribadora Manual;29.9;Alicates;herramienta;Corte y pelado de cables;;;Corte y pelado de cables;"[{""ambito"":""herramienta"",""tipo"":""marca"",""valor"":""VEVOR""},{""ambito"":""herramienta"",""tipo"":""material"",""valor"":""aluminio""},{""ambito"":""herramienta"",""tipo"":""material"",""valor"":""aluminio / cobre""},{""ambito"":""herramienta"",""tipo"":""material"",""valor"":""cobre""},{""ambito"":""herramienta"",""tipo"":""numero_tamanos"",""valor"":""6""},{""ambito"":""herramienta"",""tipo"":""producto"",""valor"":""Alicates""},{""ambito"":""herramienta"",""tipo"":""secciones_compatibles"",""valor"":""6/10/16/25/35/50 mm²""}]";herramienta:marca=VEVOR | herramienta:material=aluminio | herramienta:material=aluminio / cobre | herramienta:material=cobre | herramienta:numero_tamanos=6 | herramienta:producto=Alicates | herramienta:secciones_compatibles=6/10/16/25/35/50 mm²;"[{""name"":""Marca"",""taxonomy"":"""",""is_taxonomy"":0,""options"":[""VEVOR""],""visible"":1,""variation"":0,""position"":0},{""name"":""Tipo de producto"",""taxonomy"":"""",""is_taxonomy"":0,""options"":[""Cribadora Manual""],""visible"":1,""variation"":0,""position"":1},{""name"":""Material o acabado"",""taxonomy"":"""",""is_taxonomy"":0,""options"":[""aluminio""],""visible"":1,""variation"":0,""position"":2}]";Alicates para Prensar 6/10/16/25/35/50 mm² Herramienta para Prensar Enchufes de Cable de Batería AWG10-1/0 se utiliza cuando el trabajo requiere aplicar fuerza, sujetar, ajustar, extraer o preparar componentes durante montaje y mantenimiento. Su contexto habitual está en montaje, reparación, mantenimiento, automoción, instalaciones y trabajos de banco, con uso por parte de mecánicos, instaladores, electricistas, montadores y personal de mantenimiento. Debe seleccionarse por la función que va a cumplir, no solo por una especificación aislada del catálogo.;"<h2>Descripción</h2><p><strong>Alicates para Prensar 6/10/16/25/35/50 mm² Herramienta para Prensar Enchufes de Cable de Batería AWG10-1/0</strong> se utiliza para aplicar fuerza, sujetar, ajustar, extraer o preparar componentes durante montaje y mantenimiento. Su uso se entiende dentro de montaje, reparación, mantenimiento, automoción, instalaciones y trabajos de banco, con la tarea y el entorno preparados de antemano.</p><h2>Características principales</h2><p>Durante el uso, transmite la acción manual al punto de trabajo y permite controlar la pieza o el elemento de fijación durante la intervención. Dentro de <strong>Alicates</strong>, su papel es resolver esa fase concreta del trabajo. De ese modo el operario puede identificar con claridad cuándo utilizarlo y cuándo necesita otro tipo de herramienta o equipo.</p><h2>Ventajas</h2><p>Mejora el control sobre operaciones repetidas y evita recurrir a herramientas improvisadas que pueden marcar o dañar componentes. La mejora aparece sobre todo cuando la misma operación se repite y conviene mantener un procedimiento reconocible.</p><h2>Aplicaciones</h2><p>Se emplea en montaje, reparación, mantenimiento, automoción, instalaciones y trabajos de banco. Es un tipo de producto habitual para mecánicos, instaladores, electricistas, montadores y personal de mantenimiento cuando necesitan resolver esa operación dentro de una intervención mayor.</p><h2>Compatibilidad y entorno de trabajo</h2><p>Suele utilizarse junto con bancos de trabajo, mordazas, juegos de llaves, consumibles de montaje y equipos de protección. El entorno debe permitir colocar el producto y sus elementos auxiliares sin forzar recorridos, uniones o posturas de trabajo.</p><h2>Consejos de uso</h2><p>Utiliza el punto de apoyo correcto, aplica la fuerza de forma progresiva y limpia la herramienta antes de guardarla. Después de la tarea, conviene retirar residuos, revisar desgaste visible y guardar el conjunto protegido.</p><h2>Cómo elegir este producto</h2><p>Conviene elegirlo cuando la operación requiere una herramienta manual específica para controlar fuerza, sujeción o ajuste. Puede ser preferible otra familia cuando la tarea necesita una máquina, una medición previa o una herramienta de otra geometría. Primero debe encajar el tipo de trabajo; después se comparan los atributos del catálogo para escoger la variante adecuada.</p>";43.36;35.88;35.88;EUR;taxable;;0;;instock;no;0;;;;;0;0;0;;;;;;0;;2026-08-06 00:22:33;2026-08-20 16:00:17
2.1;121499;p_010138999802;simple;VEVOR Lámpara Sensorial de Burbujas, Tubo de Burbujas de 1,2 m Lámpara Sensorial para Acuario con 10 Peces Flotantes, 16 Efectos de Color y Control Remoto para Sala de Estar, Decoración del Hogar;vevor-lampara-sensorial-de-burbujas-tubo-de-burbujas-de-1-2-m-lampara-sensorial-para-acuario-con-10-peces-flotantes-16-efectos-de-color-y-control-remoto-para-sala-de-esta-121499;https://www.distribuidordeherramientas.es/producto/vevor-lampara-sensorial-de-burbujas-tubo-de-burbujas-de-1-2-m-lampara-sensorial-para-acuario-con-10-peces-flotantes-16-efectos-de-color-y-control-remoto-para-sala-de-esta-121499/;publish;0;visible;Bricolaje;Herramientas para el hogar;Herramientas manuales de uso doméstico;47493;Sensores, pasarelas y accesorios domóticos;44356,53889,55579,55581,52260,52259,36027;accesorio | iluminación técnica | Lámpara Sensorial de Burbujas | Luces de Bolardo | pasarelas y accesorios domóticos | Sensores | Vevor;product_brand;;;;VEVOR;010138999802;4772;Iluminación > Iluminación de Exterior > Iluminación del Paisaje > Luces de Bolardo;125.9;Lámpara/tubo sensorial de burbujas;equipamiento;Iluminación técnica;;;Iluminación técnica;"[{""ambito"":""equipamiento"",""tipo"":""marca"",""valor"":""VEVOR""},{""ambito"":""equipamiento"",""tipo"":""producto"",""valor"":""Lámpara Sensorial de Burbujas""},{""ambito"":""equipamiento"",""tipo"":""subtipo"",""valor"":""Lámpara Sensorial de Burbujas""}]";equipamiento:marca=VEVOR | equipamiento:producto=Lámpara Sensorial de Burbujas | equipamiento:subtipo=Lámpara Sensorial de Burbujas;"[{""name"":""Marca"",""taxonomy"":"""",""is_taxonomy"":0,""options"":[""VEVOR""],""visible"":1,""variation"":0,""position"":0},{""name"":""Tipo de producto"",""taxonomy"":"""",""is_taxonomy"":0,""options"":[""Luces de Bolardo""],""visible"":1,""variation"":0,""position"":1}]";Lámpara Sensorial de Burbujas forma parte de trabajos en los que hay que aportar iluminación localizada, señalización o apoyo visual en una zona de trabajo o instalación. Su contexto habitual está en talleres, vehículos, obras, almacenes, instalaciones y zonas exteriores, con uso por parte de instaladores, mecánicos, mantenedores y montadores. Debe seleccionarse por la función que va a cumplir, no solo por una especificación aislada del catálogo.;<h2>Descripción</h2><p><strong>Lámpara Sensorial de Burbujas</strong> se utiliza para aportar iluminación localizada, señalización o apoyo visual en una zona de trabajo o instalación. Su uso se entiende dentro de talleres, vehículos, obras, almacenes, instalaciones y zonas exteriores, con la tarea y el entorno preparados de antemano.</p><h2>Características principales</h2><p>Durante el uso, dirige la luz hacia el área que debe mantenerse visible y puede integrarse en estructuras, vehículos o puestos fijos según el montaje. Dentro de <strong>Sensores, pasarelas y accesorios domóticos</strong>, su papel es resolver esa fase concreta del trabajo. Así se mantiene separada su función de las operaciones de preparación, medición y seguridad que correspondan.</p><h2>Ventajas</h2><p>Mejora la visibilidad de operaciones, recorridos y zonas de inspección cuando la iluminación general no cubre bien el punto de trabajo. El beneficio es más evidente en trabajos repetidos, donde el orden del puesto y la secuencia de intervención importan.</p><h2>Aplicaciones</h2><p>Se emplea en talleres, vehículos, obras, almacenes, instalaciones y zonas exteriores. Suele aparecer en puestos atendidos por instaladores, mecánicos, mantenedores y montadores, integrado con el resto de herramientas de la tarea.</p><h2>Compatibilidad y entorno de trabajo</h2><p>Suele utilizarse junto con cableado, fuentes de alimentación, soportes, controladores, protecciones y elementos de fijación. La compatibilidad práctica depende de que el puesto deje espacio suficiente y de que los elementos auxiliares puedan colocarse sin interferencias.</p><h2>Consejos de uso</h2><p>Planifica el punto de montaje antes de cablear, protege las conexiones y evita orientar la luz de forma que produzca deslumbramiento directo. Al terminar, revisa el estado de las zonas de contacto y deja el equipo preparado para la siguiente intervención.</p><h2>Cómo elegir este producto</h2><p>Conviene elegirlo cuando se necesita iluminar o señalizar una zona concreta dentro del trabajo. Puede ser preferible otra familia cuando la necesidad es calefacción, alimentación eléctrica o inspección con cámara y no iluminación. Si la función es correcta, los atributos técnicos permiten decidir entre variantes sin mezclar productos de familias distintas.</p>;182.56;151.08;151.08;EUR;taxable;;0;;instock;no;0;;;;;0;0;0;;;;;;0;;2026-08-06 00:25:47;2026-08-20 16:00:32
2.1;121515;p_010912840414;simple;VEVOR Cortador de Cable de Trinquete, Cortador para Cables de Cobre y Aluminio de hasta 240 mm², Mangos con Recubrimiento de PVC, Herramienta de Electricista para Construcción Renovación Eléctricas;vevor-cortador-de-cable-de-trinquete-cortador-para-cables-de-cobre-y-aluminio-de-hasta-240-mm2-mangos-con-recubrimiento-de-pvc-herramienta-de-electricista-para-construcci-121515;https://www.distribuidordeherramientas.es/producto/vevor-cortador-de-cable-de-trinquete-cortador-para-cables-de-cobre-y-aluminio-de-hasta-240-mm2-mangos-con-recubrimiento-de-pvc-herramienta-de-electricista-para-construcci-121515/;publish;0;visible;Bricolaje;Herramientas para el hogar;Herramientas manuales de uso doméstico;40229;Alicates;40827,53953,53954,40617,49616,36027;alicates | Cortador de Cable de Trinquete | Cortadores de Cables | herramienta | herramienta manual | Vevor;product_brand;;;;VEVOR;010912840414;4797;Herramientas > Herramientas Manuales > Alicates > Alicates de Corte > Alicates de Corte > Cortadores de Cables;22.99;Alicates;herramienta;Corte y pelado de cables;;;Corte y pelado de cables;"[{""ambito"":""herramienta"",""tipo"":""marca"",""valor"":""VEVOR""},{""ambito"":""herramienta"",""tipo"":""material"",""valor"":""aluminio""},{""ambito"":""herramienta"",""tipo"":""material"",""valor"":""cobre""},{""ambito"":""herramienta"",""tipo"":""material"",""valor"":""PVC""},{""ambito"":""herramienta"",""tipo"":""producto"",""valor"":""Cortador de Cable de Trinquete""},{""ambito"":""herramienta"",""tipo"":""subtipo"",""valor"":""Cortador de Cable de Trinquete""},{""ambito"":""herramienta"",""tipo"":""tecnologia_accionamiento"",""valor"":""eléctrico""}]";herramienta:marca=VEVOR | herramienta:material=aluminio | herramienta:material=cobre | herramienta:material=PVC | herramienta:producto=Cortador de Cable de Trinquete | herramienta:subtipo=Cortador de Cable de Trinquete | herramienta:tecnologia_accionamiento=eléctrico;"[{""name"":""Marca"",""taxonomy"":"""",""is_taxonomy"":0,""options"":[""VEVOR""],""visible"":1,""variation"":0,""position"":0},{""name"":""Tipo de producto"",""taxonomy"":"""",""is_taxonomy"":0,""options"":[""Cortadores de Cables""],""visible"":1,""variation"":0,""position"":1},{""name"":""Material o acabado"",""taxonomy"":"""",""is_taxonomy"":0,""options"":[""cobre""],""visible"":1,""variation"":0,""position"":2}]";Dentro de su categoría, Cortador de Cable de Trinquete sirve para aplicar fuerza, sujetar, ajustar, extraer o preparar componentes durante montaje y mantenimiento. Su contexto habitual está en montaje, reparación, mantenimiento, automoción, instalaciones y trabajos de banco, con uso por parte de mecánicos, instaladores, electricistas, montadores y personal de mantenimiento. Conviene comprobar antes de comprar que la función coincide con la tarea y con los elementos que ya se utilizan.;"<h2>Descripción</h2><p><strong>Cortador de Cable de Trinquete</strong> se utiliza para aplicar fuerza, sujetar, ajustar, extraer o preparar componentes durante montaje y mantenimiento. Se encuadra en montaje, reparación, mantenimiento, automoción, instalaciones y trabajos de banco y cobra sentido cuando esa operación forma parte del flujo habitual de mantenimiento o montaje.</p><h2>Características principales</h2><p>Durante el uso, transmite la acción manual al punto de trabajo y permite controlar la pieza o el elemento de fijación durante la intervención. Dentro de <strong>Alicates</strong>, su papel es resolver esa fase concreta del trabajo. Así se mantiene separada su función de las operaciones de preparación, medición y seguridad que correspondan.</p><h2>Ventajas</h2><p>Mejora el control sobre operaciones repetidas y evita recurrir a herramientas improvisadas que pueden marcar o dañar componentes. La mejora aparece sobre todo cuando la misma operación se repite y conviene mantener un procedimiento reconocible.</p><h2>Aplicaciones</h2><p>Se emplea en montaje, reparación, mantenimiento, automoción, instalaciones y trabajos de banco. Lo utilizan mecánicos, instaladores, electricistas, montadores y personal de mantenimiento cuando esa función forma parte de su trabajo habitual.</p><h2>Compatibilidad y entorno de trabajo</h2><p>Suele utilizarse junto con bancos de trabajo, mordazas, juegos de llaves, consumibles de montaje y equipos de protección. La compatibilidad práctica depende de que el puesto deje espacio suficiente y de que los elementos auxiliares puedan colocarse sin interferencias.</p><h2>Consejos de uso</h2><p>Utiliza el punto de apoyo correcto, aplica la fuerza de forma progresiva y limpia la herramienta antes de guardarla. Después de la tarea, conviene retirar residuos, revisar desgaste visible y guardar el conjunto protegido.</p><h2>Cómo elegir este producto</h2><p>Conviene elegirlo cuando la operación requiere una herramienta manual específica para controlar fuerza, sujeción o ajuste. Puede ser preferible otra familia cuando la tarea necesita una máquina, una medición previa o una herramienta de otra geometría. La comparación con otros modelos debe centrarse en la función y en el entorno de uso; las especificaciones del catálogo sirven después para confirmar el ajuste.</p>";33.34;27.59;27.59;EUR;taxable;;0;;instock;no;0;;;;;0;0;0;;;;;;0;;2026-08-06 00:25:56;2026-08-20 16:00:33
2.1;121652;p_010379780266;simple;VEVOR Lámpara de Tubo de Burbujas Sensorial con 16 Efectos de Luz, Ruido Blanco 382mm;vevor-lampara-de-tubo-de-burbujas-sensorial-con-16-efectos-de-luz-ruido-blanco-382mm-121652;https://www.distribuidordeherramientas.es/producto/vevor-lampara-de-tubo-de-burbujas-sensorial-con-16-efectos-de-luz-ruido-blanco-382mm-121652/;publish;0;visible;Bricolaje;Herramientas para el hogar;Herramientas manuales de uso doméstico;47493;Sensores, pasarelas y accesorios domóticos;44356,53889,55624,55581,52260,52259,36027;accesorio | iluminación técnica | Lámpara de Tubo de Burbujas Sensorial con | Luces de Bolardo | pasarelas y accesorios domóticos | Sensores | Vevor;product_brand;;;;VEVOR;010379780266;4966;Iluminación > Iluminación de Exterior > Iluminación del Paisaje > Luces de Bolardo;31.9;Lámpara/tubo sensorial de burbujas;equipamiento;Iluminación técnica;;;Iluminación técnica;"[{""ambito"":""equipamiento"",""tipo"":""color"",""valor"":""blanco""},{""ambito"":""equipamiento"",""tipo"":""marca"",""valor"":""VEVOR""},{""ambito"":""equipamiento"",""tipo"":""producto"",""valor"":""Lámpara de Tubo de Burbujas Sensorial""}]";equipamiento:color=blanco | equipamiento:marca=VEVOR | equipamiento:producto=Lámpara de Tubo de Burbujas Sensorial;"[{""name"":""Marca"",""taxonomy"":"""",""is_taxonomy"":0,""options"":[""VEVOR""],""visible"":1,""variation"":0,""position"":0},{""name"":""Tipo de producto"",""taxonomy"":"""",""is_taxonomy"":0,""options"":[""Luces de Bolardo""],""visible"":1,""variation"":0,""position"":1},{""name"":""Color"",""taxonomy"":"""",""is_taxonomy"":0,""options"":[""blanco""],""visible"":1,""variation"":0,""position"":2}]";La función principal de Lámpara de Tubo de Burbujas Sensorial con 16 Efectos de Luz es aportar iluminación localizada, señalización o apoyo visual en una zona de trabajo o instalación. Encaja en talleres, vehículos, obras, almacenes, instalaciones y zonas exteriores y en puestos atendidos por instaladores, mecánicos, mantenedores y montadores. Debe seleccionarse por la función que va a cumplir, no solo por una especificación aislada del catálogo.;"<h2>Descripción</h2><p>La función de <strong>Lámpara de Tubo de Burbujas Sensorial con 16 Efectos de Luz</strong> es aportar iluminación localizada, señalización o apoyo visual en una zona de trabajo o instalación. Su uso se entiende dentro de talleres, vehículos, obras, almacenes, instalaciones y zonas exteriores, con la tarea y el entorno preparados de antemano.</p><h2>Características principales</h2><p>Durante el uso, dirige la luz hacia el área que debe mantenerse visible y puede integrarse en estructuras, vehículos o puestos fijos según el montaje. Dentro de <strong>Sensores, pasarelas y accesorios domóticos</strong>, su papel es resolver esa fase concreta del trabajo. De ese modo el operario puede identificar con claridad cuándo utilizarlo y cuándo necesita otro tipo de herramienta o equipo.</p><h2>Ventajas</h2><p>Mejora la visibilidad de operaciones, recorridos y zonas de inspección cuando la iluminación general no cubre bien el punto de trabajo. El beneficio es más evidente en trabajos repetidos, donde el orden del puesto y la secuencia de intervención importan.</p><h2>Aplicaciones</h2><p>Se emplea en talleres, vehículos, obras, almacenes, instalaciones y zonas exteriores. Lo utilizan instaladores, mecánicos, mantenedores y montadores cuando esa función forma parte de su trabajo habitual.</p><h2>Compatibilidad y entorno de trabajo</h2><p>Suele utilizarse junto con cableado, fuentes de alimentación, soportes, controladores, protecciones y elementos de fijación. El entorno debe permitir colocar el producto y sus elementos auxiliares sin forzar recorridos, uniones o posturas de trabajo.</p><h2>Consejos de uso</h2><p>Planifica el punto de montaje antes de cablear, protege las conexiones y evita orientar la luz de forma que produzca deslumbramiento directo. Al terminar, revisa el estado de las zonas de contacto y deja el equipo preparado para la siguiente intervención.</p><h2>Cómo elegir este producto</h2><p>Conviene elegirlo cuando se necesita iluminar o señalizar una zona concreta dentro del trabajo. Puede ser preferible otra familia cuando la necesidad es calefacción, alimentación eléctrica o inspección con cámara y no iluminación. La comparación con otros modelos debe centrarse en la función y en el entorno de uso; las especificaciones del catálogo sirven después para confirmar el ajuste.</p>";46.26;38.28;38.28;EUR;taxable;;0;;instock;no;0;;;;;0;0;0;;;;;;0;;2026-08-06 00:27:14;2026-08-20 16:00:36
2.1;121819;p_010321461696;simple;VEVOR Farolas Solares para Exteriores de 8000 W, 450 000 LM, Iluminación para Estacionamientos de Anochecer a Amanecer, con Sensor de Movimiento, Impermeable IP65, para Entrada de Vehículos, 3 uds;vevor-farolas-solares-para-exteriores-de-8000-w-450-000-lm-iluminacion-para-estacionamientos-de-anochecer-a-amanecer-con-sensor-de-movimiento-impermeable-ip65-para-entrad-121819;https://www.distribuidordeherramientas.es/producto/vevor-farolas-solares-para-exteriores-de-8000-w-450-000-lm-iluminacion-para-estacionamientos-de-anochecer-a-amanecer-con-sensor-de-movimiento-impermeable-ip65-para-entrad-121819/;publish;0;visible;Bricolaje;Herramientas para el hogar;Herramientas manuales de uso doméstico;47493;Sensores, pasarelas y accesorios domóticos;44356,48825,55669,55668,36027;accesorio | número de piezas 3 | potencia 8000 W | Sensores / pasarelas y accesorios domóticos | Vevor;product_brand;;;;VEVOR;010321461696;5174;Iluminación > Iluminación de Exterior > Luces de Seguridad > Iluminación de Área > Iluminación Solar para Calles;145.9;Farola solar exterior;equipamiento;Iluminación técnica;;;Iluminación técnica;"[{""ambito"":""equipamiento"",""tipo"":""flujo_luminoso"",""valor"":""000 lm""},{""ambito"":""equipamiento"",""tipo"":""marca"",""valor"":""VEVOR""},{""ambito"":""equipamiento"",""tipo"":""numero_piezas"",""valor"":""3""},{""ambito"":""equipamiento"",""tipo"":""potencia"",""valor"":""8000 W""},{""ambito"":""equipamiento"",""tipo"":""producto"",""valor"":""Sensores, pasarelas y accesorios domóticos""},{""ambito"":""equipamiento"",""tipo"":""proteccion_ip"",""valor"":""IP65""}]";equipamiento:flujo_luminoso=000 lm | equipamiento:marca=VEVOR | equipamiento:numero_piezas=3 | equipamiento:potencia=8000 W | equipamiento:producto=Sensores, pasarelas y accesorios domóticos | equipamiento:proteccion_ip=IP65;"[{""name"":""Marca"",""taxonomy"":"""",""is_taxonomy"":0,""options"":[""VEVOR""],""visible"":1,""variation"":0,""position"":0},{""name"":""Tipo de producto"",""taxonomy"":"""",""is_taxonomy"":0,""options"":[""Iluminación Solar para Calles""],""visible"":1,""variation"":0,""position"":1},{""name"":""Potencia"",""taxonomy"":"""",""is_taxonomy"":0,""options"":[""8000 W""],""visible"":1,""variation"":0,""position"":2},{""name"":""Número de piezas"",""taxonomy"":"""",""is_taxonomy"":0,""options"":[""3""],""visible"":1,""variation"":0,""position"":3}]";"VEVOR Farolas Solares para Exteriores de 8000 W, 450 000 LM, Iluminación para Estacionamientos de Anochecer a Amanecer, con Sensor de Movimiento, Impermeable IP65, para Entrada de Vehículos, 3 uds. Datos técnicos verificados: número de piezas: 3; potencia: 8000 W. Antes de comprar, confirma en la ficha concreta las medidas, conexiones, capacidad o compatibilidad que dependan de tu aplicación.";<h2>VEVOR Farolas Solares para Exteriores de 8000 W, 450 000 LM, Iluminación para Estacionamientos de Anochecer a Amanecer, con Sensor de Movimiento, Impermeable IP65, para Entrada de Vehículos, 3 uds</h2><h2>Datos técnicos disponibles</h2><ul><li><strong>Número de piezas:</strong> 3</li><li><strong>Potencia:</strong> 8000 W</li></ul><h2>Antes de comprar</h2><p>Comprueba que las especificaciones de esta referencia coincidan con el equipo, vehículo, instalación o material donde se vaya a utilizar. No presupongas compatibilidad cuando no esté indicada de forma expresa en la ficha.</p>;211.56;175.08;175.08;EUR;taxable;;0;;instock;no;0;;;;;0;0;0;;;;;;0;;2026-08-06 00:28:50;2026-08-20 16:00:40
2.1;121843;p_010510239097;simple;VEVOR Lámpara Sensorial de Burbujas, Tubo de Burbujas de 80 cm Lámpara Sensorial para Acuario con 6 Peces Flotantes, 16 Efectos de Color y Control Remoto para Sala de Estar, Decoración del Hogar;vevor-lampara-sensorial-de-burbujas-tubo-de-burbujas-de-80-cm-lampara-sensorial-para-acuario-con-6-peces-flotantes-16-efectos-de-color-y-control-remoto-para-sala-de-estar-121843;https://www.distribuidordeherramientas.es/producto/vevor-lampara-sensorial-de-burbujas-tubo-de-burbujas-de-80-cm-lampara-sensorial-para-acuario-con-6-peces-flotantes-16-efectos-de-color-y-control-remoto-para-sala-de-estar-121843/;publish;0;visible;Bricolaje;Herramientas para el hogar;Herramientas manuales de uso doméstico;47493;Sensores, pasarelas y accesorios domóticos;44356,53889,55579,55581,52260,52259,36027;accesorio | iluminación técnica | Lámpara Sensorial de Burbujas | Luces de Bolardo | pasarelas y accesorios domóticos | Sensores | Vevor;product_brand;;;;VEVOR;010510239097;5202;Iluminación > Iluminación de Exterior > Iluminación del Paisaje > Luces de Bolardo;51.9;Lámpara/tubo sensorial de burbujas;equipamiento;Iluminación técnica;;;Iluminación técnica;"[{""ambito"":""equipamiento"",""tipo"":""marca"",""valor"":""VEVOR""},{""ambito"":""equipamiento"",""tipo"":""producto"",""valor"":""Lámpara Sensorial de Burbujas""},{""ambito"":""equipamiento"",""tipo"":""subtipo"",""valor"":""Lámpara Sensorial de Burbujas""}]";equipamiento:marca=VEVOR | equipamiento:producto=Lámpara Sensorial de Burbujas | equipamiento:subtipo=Lámpara Sensorial de Burbujas;"[{""name"":""Marca"",""taxonomy"":"""",""is_taxonomy"":0,""options"":[""VEVOR""],""visible"":1,""variation"":0,""position"":0},{""name"":""Tipo de producto"",""taxonomy"":"""",""is_taxonomy"":0,""options"":[""Luces de Bolardo""],""visible"":1,""variation"":0,""position"":1}]";"Lámpara Sensorial de Burbujas se utiliza cuando el trabajo requiere aportar iluminación localizada, señalización o apoyo visual en una zona de trabajo o instalación. Aparece sobre todo en talleres, vehículos, obras, almacenes, instalaciones y zonas exteriores; lo manejan instaladores, mecánicos, mantenedores y montadores. Debe seleccionarse por la función que va a cumplir, no solo por una especificación aislada del catálogo.";"<h2>Descripción</h2><p><strong>Lámpara Sensorial de Burbujas</strong> se integra en el trabajo para aportar iluminación localizada, señalización o apoyo visual en una zona de trabajo o instalación. Se encuadra en talleres, vehículos, obras, almacenes, instalaciones y zonas exteriores y cobra sentido cuando esa operación forma parte del flujo habitual de mantenimiento o montaje.</p><h2>Características principales</h2><p>Durante el uso, dirige la luz hacia el área que debe mantenerse visible y puede integrarse en estructuras, vehículos o puestos fijos según el montaje. Dentro de <strong>Sensores, pasarelas y accesorios domóticos</strong>, su papel es resolver esa fase concreta del trabajo. Esto permite saber qué parte del proceso resuelve y qué tareas deben quedar para otros útiles.</p><h2>Ventajas</h2><p>Mejora la visibilidad de operaciones, recorridos y zonas de inspección cuando la iluminación general no cubre bien el punto de trabajo. El beneficio es más evidente en trabajos repetidos, donde el orden del puesto y la secuencia de intervención importan.</p><h2>Aplicaciones</h2><p>Se emplea en talleres, vehículos, obras, almacenes, instalaciones y zonas exteriores. Es un tipo de producto habitual para instaladores, mecánicos, mantenedores y montadores cuando necesitan resolver esa operación dentro de una intervención mayor.</p><h2>Compatibilidad y entorno de trabajo</h2><p>Suele utilizarse junto con cableado, fuentes de alimentación, soportes, controladores, protecciones y elementos de fijación. Antes de trabajar conviene revisar accesos, apoyos, conexiones y espacio disponible alrededor del punto de uso.</p><h2>Consejos de uso</h2><p>Planifica el punto de montaje antes de cablear, protege las conexiones y evita orientar la luz de forma que produzca deslumbramiento directo. Al terminar, revisa el estado de las zonas de contacto y deja el equipo preparado para la siguiente intervención.</p><h2>Cómo elegir este producto</h2><p>Conviene elegirlo cuando se necesita iluminar o señalizar una zona concreta dentro del trabajo. Puede ser preferible otra familia cuando la necesidad es calefacción, alimentación eléctrica o inspección con cámara y no iluminación. Primero debe encajar el tipo de trabajo; después se comparan los atributos del catálogo para escoger la variante adecuada.</p>";75.26;62.28;62.28;EUR;taxable;;0;;instock;no;0;;;;;0;0;0;;;;;;0;;2026-08-06 00:29:04;2026-08-20 16:00:41
2.1;122011;p_010608951965;simple;VEVOR Termostato Programable de 7 Días para Bomba de Calor, Aire Acondicionado y Suelo Radiante, Pantalla LED Retroiluminada, Amplio Rango de Temperatura de 5 a 37 °C, Blanco, 163 x 160 x 48 mm;vevor-termostato-programable-de-7-dias-para-bomba-de-calor-aire-acondicionado-y-suelo-radiante-pantalla-led-retroiluminada-amplio-rango-de-temperatura-de-5-a-37-c-blanco-122011;https://www.distribuidordeherramientas.es/producto/vevor-termostato-programable-de-7-dias-para-bomba-de-calor-aire-acondicionado-y-suelo-radiante-pantalla-led-retroiluminada-amplio-rango-de-temperatura-de-5-a-37-c-blanco-122011/;publish;0;visible;Bricolaje;Herramientas para el hogar;Herramientas manuales de uso doméstico;47493;Sensores, pasarelas y accesorios domóticos;44356,53566,52260,52259,55724,55725,36027;accesorio | gestión de fluidos | pasarelas y accesorios domóticos | Sensores | Termostato Programable de 7 Días para Bomba | Termostatos Programables | Vevor;product_brand;;;;VEVOR;010608951965;5392;Calefacción, Ventilación & Refrigeración > Termostatos > Termostatos Programables;39.9;Termostato programable;equipamiento;Climatización y ventilación;;;Climatización y ventilación;"[{""ambito"":""equipamiento"",""tipo"":""color"",""valor"":""blanco""},{""ambito"":""equipamiento"",""tipo"":""dimensiones"",""valor"":""163 x 160 x 48 mm""},{""ambito"":""equipamiento"",""tipo"":""marca"",""valor"":""VEVOR""},{""ambito"":""equipamiento"",""tipo"":""producto"",""valor"":""Termostato Programable de 7 Días para Bomba de Calor""},{""ambito"":""equipamiento"",""tipo"":""temperatura"",""valor"":""37 °C""}]";equipamiento:color=blanco | equipamiento:dimensiones=163 x 160 x 48 mm | equipamiento:marca=VEVOR | equipamiento:producto=Termostato Programable de 7 Días para Bomba de Calor | equipamiento:temperatura=37 °C;"[{""name"":""Marca"",""taxonomy"":"""",""is_taxonomy"":0,""options"":[""VEVOR""],""visible"":1,""variation"":0,""position"":0},{""name"":""Tipo de producto"",""taxonomy"":"""",""is_taxonomy"":0,""options"":[""Termostatos Programables""],""visible"":1,""variation"":0,""position"":1},{""name"":""Medidas indicadas"",""taxonomy"":"""",""is_taxonomy"":0,""options"":[""163 x 160 x 48 mm""],""visible"":1,""variation"":0,""position"":2},{""name"":""Temperatura indicada"",""taxonomy"":"""",""is_taxonomy"":0,""options"":[""37 °C""],""visible"":1,""variation"":0,""position"":3},{""name"":""Color"",""taxonomy"":"""",""is_taxonomy"":0,""options"":[""blanco""],""visible"":1,""variation"":0,""position"":4}]";Termostato Programable de 7 Días para Bomba de Calor forma parte de trabajos en los que hay que mover, conducir, evacuar o mantener agua y otros fluidos dentro de una instalación. Su contexto habitual está en fontanería, drenaje, riego, mantenimiento de piscinas, talleres y trabajos de evacuación o trasvase, con uso por parte de fontaneros, instaladores, mantenedores y usuarios de equipos de riego o bombeo. Conviene comprobar antes de comprar que la función coincide con la tarea y con los elementos que ya se utilizan.;"<h2>Descripción</h2><p><strong>Termostato Programable de 7 Días para Bomba de Calor</strong> se utiliza para mover, conducir, evacuar o mantener agua y otros fluidos dentro de una instalación. Se encuadra en fontanería, drenaje, riego, mantenimiento de piscinas, talleres y trabajos de evacuación o trasvase y cobra sentido cuando esa operación forma parte del flujo habitual de mantenimiento o montaje.</p><h2>Características principales</h2><p>Durante el uso, se integra en el circuito hidráulico o en el punto de trabajo para desplazar el fluido, dirigirlo o facilitar el mantenimiento del conducto. Dentro de <strong>Sensores, pasarelas y accesorios domóticos</strong>, su papel es resolver esa fase concreta del trabajo. De ese modo el operario puede identificar con claridad cuándo utilizarlo y cuándo necesita otro tipo de herramienta o equipo.</p><h2>Ventajas</h2><p>Ayuda a controlar acumulaciones, trasvases y operaciones de mantenimiento sin recurrir a manipulación manual del fluido. El beneficio es más evidente en trabajos repetidos, donde el orden del puesto y la secuencia de intervención importan.</p><h2>Aplicaciones</h2><p>Se emplea en fontanería, drenaje, riego, mantenimiento de piscinas, talleres y trabajos de evacuación o trasvase. Lo utilizan fontaneros, instaladores, mantenedores y usuarios de equipos de riego o bombeo cuando esa función forma parte de su trabajo habitual.</p><h2>Compatibilidad y entorno de trabajo</h2><p>Suele utilizarse junto con mangueras, racores, válvulas, filtros, depósitos, abrazaderas y equipos de protección frente a salpicaduras. El entorno debe permitir colocar el producto y sus elementos auxiliares sin forzar recorridos, uniones o posturas de trabajo.</p><h2>Consejos de uso</h2><p>Revisa conexiones y recorrido antes de poner el sistema en servicio, evita trabajar con conducciones dañadas y limpia los restos que puedan obstruir pasos o filtros. Al terminar, revisa el estado de las zonas de contacto y deja el equipo preparado para la siguiente intervención.</p><h2>Cómo elegir este producto</h2><p>Conviene elegirlo cuando la tarea exige controlar el recorrido o la evacuación de un fluido. Puede ser preferible otra familia cuando el problema es de inspección, medición o reparación mecánica y no requiere mover fluido. La comparación con otros modelos debe centrarse en la función y en el entorno de uso; las especificaciones del catálogo sirven después para confirmar el ajuste.</p>";57.86;47.88;47.88;EUR;taxable;;0;;instock;no;0;;;;;0;0;0;;;;;;0;;2026-08-06 00:30:50;2026-08-20 16:00:46
2.1;122049;p_010104957026;simple;VEVOR Juego de Destornilladores Aislados, 12 PCS Kit de Destornilladores Eléctricos Profesionales con Puntas Ranuradas Phillips Magnéticas, Alicates Aislados y Alicates Diagonales para Electricistas;vevor-juego-de-destornilladores-aislados-12-pcs-kit-de-destornilladores-electricos-profesionales-con-puntas-ranuradas-phillips-magneticas-alicates-aislados-y-alicates-dia-122049;https://www.distribuidordeherramientas.es/producto/vevor-juego-de-destornilladores-aislados-12-pcs-kit-de-destornilladores-electricos-profesionales-con-puntas-ranuradas-phillips-magneticas-alicates-aislados-y-alicates-dia-122049/;publish;0;visible;Bricolaje;Herramientas para el hogar;Herramientas manuales de uso doméstico;40047;Destornillador;53531,40514,40617,53534,53535,36027;corte y mecanizado | destornillador | herramienta | Juego de Destornilladores Aislados | Juego de Herramientas Aislantes | Vevor;product_brand;;;;VEVOR;010104957026;5430;Herramientas > Herramientas Manuales > Juegos de Herramientas Manuales > Juegos de Herramientas de Electricista > Juego de Herramientas Aislantes;39.9;Destornillador;herramienta;Instalación eléctrica;;;Instalación eléctrica;"[{""ambito"":""herramienta"",""tipo"":""compatibilidad"",""valor"":""Electricistas""},{""ambito"":""herramienta"",""tipo"":""marca"",""valor"":""VEVOR""},{""ambito"":""herramienta"",""tipo"":""numero_piezas"",""valor"":""12""},{""ambito"":""herramienta"",""tipo"":""producto"",""valor"":""Destornillador""},{""ambito"":""herramienta"",""tipo"":""tecnologia_accionamiento"",""valor"":""eléctrico""}]";herramienta:compatibilidad=Electricistas | herramienta:marca=VEVOR | herramienta:numero_piezas=12 | herramienta:producto=Destornillador | herramienta:tecnologia_accionamiento=eléctrico;"[{""name"":""Marca"",""taxonomy"":"""",""is_taxonomy"":0,""options"":[""VEVOR""],""visible"":1,""variation"":0,""position"":0},{""name"":""Tipo de producto"",""taxonomy"":"""",""is_taxonomy"":0,""options"":[""Juego de Herramientas Aislantes""],""visible"":1,""variation"":0,""position"":1},{""name"":""Número de piezas"",""taxonomy"":"""",""is_taxonomy"":0,""options"":[""12""],""visible"":1,""variation"":0,""position"":2}]";Dentro de su categoría, Juego de Destornilladores Aislados sirve para realizar una operación de corte, perforación, conformado o mecanizado sobre una pieza preparada. Se emplea en fabricación, reforma, mantenimiento, metal, madera, obra y preparación de piezas y suele acompañar el trabajo de mecánicos, instaladores, carpinteros, metalistas y profesionales de obra. Conviene comprobar antes de comprar que la función coincide con la tarea y con los elementos que ya se utilizan.;"<h2>Descripción</h2><p>En el puesto de trabajo, <strong>Juego de Destornilladores Aislados</strong> cumple la función de realizar una operación de corte, perforación, conformado o mecanizado sobre una pieza preparada. Su uso se entiende dentro de fabricación, reforma, mantenimiento, metal, madera, obra y preparación de piezas, con la tarea y el entorno preparados de antemano.</p><h2>Características principales</h2><p>Durante el uso, guía la herramienta o la pieza a través de una operación que modifica su geometría de forma controlada. Dentro de <strong>Destornillador</strong>, su papel es resolver esa fase concreta del trabajo. De ese modo el operario puede identificar con claridad cuándo utilizarlo y cuándo necesita otro tipo de herramienta o equipo.</p><h2>Ventajas</h2><p>Facilita repetir la operación con un recorrido definido y reduce correcciones posteriores cuando la pieza se prepara correctamente. La mejora aparece sobre todo cuando la misma operación se repite y conviene mantener un procedimiento reconocible.</p><h2>Aplicaciones</h2><p>Se emplea en fabricación, reforma, mantenimiento, metal, madera, obra y preparación de piezas. Es un tipo de producto habitual para mecánicos, instaladores, carpinteros, metalistas y profesionales de obra cuando necesitan resolver esa operación dentro de una intervención mayor.</p><h2>Compatibilidad y entorno de trabajo</h2><p>Suele utilizarse junto con mordazas, guías, mesas de apoyo, consumibles de corte, sistemas de aspiración y equipos de protección. El entorno debe permitir colocar el producto y sus elementos auxiliares sin forzar recorridos, uniones o posturas de trabajo.</p><h2>Consejos de uso</h2><p>Sujeta la pieza antes de trabajar, mantén limpia la zona de corte y utiliza el consumible adecuado al material y al tipo de operación. Después de la tarea, conviene retirar residuos, revisar desgaste visible y guardar el conjunto protegido.</p><h2>Cómo elegir este producto</h2><p>Conviene elegirlo cuando se necesita modificar físicamente la pieza mediante corte, perforación o conformado. Puede ser preferible otra familia cuando solo se necesita sujetar, medir, ensamblar o acabar una pieza ya mecanizada. Primero debe encajar el tipo de trabajo; después se comparan los atributos del catálogo para escoger la variante adecuada.</p>";57.86;47.88;47.88;EUR;taxable;;0;;instock;no;0;;;;;0;0;0;;;;;;0;;2026-08-06 00:31:14;2026-08-20 16:00:46
2.1;123000;p_010663894514;simple;VEVOR Cortador de Cables de Trinquete 245 mm, Cortador de Alambres y Cables de Cobre-Aluminio 300 mm², Cortacables con Hojas de Acero con Mangos Recubiertos de PVC y Botón de Liberación Rápida;vevor-cortador-de-cables-de-trinquete-245-mm-cortador-de-alambres-y-cables-de-cobre-aluminio-300-mm2-cortacables-con-hojas-de-acero-con-mangos-recubiertos-de-pvc-y-boton-123000;https://www.distribuidordeherramientas.es/producto/vevor-cortador-de-cables-de-trinquete-245-mm-cortador-de-alambres-y-cables-de-cobre-aluminio-300-mm2-cortacables-con-hojas-de-acero-con-mangos-recubiertos-de-pvc-y-boton-123000/;publish;0;visible;Bricolaje;Herramientas para el hogar;Herramientas manuales de uso doméstico;40229;Alicates;40827,54484,53954,40617,49616,36027;alicates | Cortador de Cables de Trinquete | Cortadores de Cables | herramienta | herramienta manual | Vevor;product_brand;;;;VEVOR;010663894514;6484;Herramientas > Herramientas Manuales > Alicates > Alicates de Corte > Alicates de Corte > Cortadores de Cables;34.9;Alicates;herramienta;Corte y pelado de cables;;;Corte y pelado de cables;"[{""ambito"":""herramienta"",""tipo"":""marca"",""valor"":""VEVOR""},{""ambito"":""herramienta"",""tipo"":""material"",""valor"":""acero""},{""ambito"":""herramienta"",""tipo"":""material"",""valor"":""aluminio""},{""ambito"":""herramienta"",""tipo"":""material"",""valor"":""cobre""},{""ambito"":""herramienta"",""tipo"":""material"",""valor"":""PVC""},{""ambito"":""herramienta"",""tipo"":""producto"",""valor"":""Cortador de Cables de Trinquete""},{""ambito"":""herramienta"",""tipo"":""seccion_conductor"",""valor"":""300 mm²""},{""ambito"":""herramienta"",""tipo"":""subtipo"",""valor"":""Cortador de Cables de Trinquete""}]";herramienta:marca=VEVOR | herramienta:material=acero | herramienta:material=aluminio | herramienta:material=cobre | herramienta:material=PVC | herramienta:producto=Cortador de Cables de Trinquete | herramienta:seccion_conductor=300 mm² | herramienta:subtipo=Cortador de Cables de Trinquete;"[{""name"":""Marca"",""taxonomy"":"""",""is_taxonomy"":0,""options"":[""VEVOR""],""visible"":1,""variation"":0,""position"":0},{""name"":""Tipo de producto"",""taxonomy"":"""",""is_taxonomy"":0,""options"":[""Cortadores de Cables""],""visible"":1,""variation"":0,""position"":1},{""name"":""Sección del conductor"",""taxonomy"":"""",""is_taxonomy"":0,""options"":[""300 mm²""],""visible"":1,""variation"":0,""position"":2},{""name"":""Material o acabado"",""taxonomy"":"""",""is_taxonomy"":0,""options"":[""Aluminio""],""visible"":1,""variation"":0,""position"":3}]";"Cortador de Cables de Trinquete forma parte de trabajos en los que hay que aplicar fuerza, sujetar, ajustar, extraer o preparar componentes durante montaje y mantenimiento. Aparece sobre todo en montaje, reparación, mantenimiento, automoción, instalaciones y trabajos de banco; lo manejan mecánicos, instaladores, electricistas, montadores y personal de mantenimiento. Conviene comprobar antes de comprar que la función coincide con la tarea y con los elementos que ya se utilizan.";"<h2>Descripción</h2><p><strong>Cortador de Cables de Trinquete</strong> se integra en el trabajo para aplicar fuerza, sujetar, ajustar, extraer o preparar componentes durante montaje y mantenimiento. Su uso se entiende dentro de montaje, reparación, mantenimiento, automoción, instalaciones y trabajos de banco, con la tarea y el entorno preparados de antemano.</p><h2>Características principales</h2><p>Durante el uso, transmite la acción manual al punto de trabajo y permite controlar la pieza o el elemento de fijación durante la intervención. Dentro de <strong>Alicates</strong>, su papel es resolver esa fase concreta del trabajo. Esto permite saber qué parte del proceso resuelve y qué tareas deben quedar para otros útiles.</p><h2>Ventajas</h2><p>Mejora el control sobre operaciones repetidas y evita recurrir a herramientas improvisadas que pueden marcar o dañar componentes. Su aportación está en hacer más previsible esa fase concreta del trabajo y reducir improvisaciones.</p><h2>Aplicaciones</h2><p>Se emplea en montaje, reparación, mantenimiento, automoción, instalaciones y trabajos de banco. Lo utilizan mecánicos, instaladores, electricistas, montadores y personal de mantenimiento cuando esa función forma parte de su trabajo habitual.</p><h2>Compatibilidad y entorno de trabajo</h2><p>Suele utilizarse junto con bancos de trabajo, mordazas, juegos de llaves, consumibles de montaje y equipos de protección. Antes de trabajar conviene revisar accesos, apoyos, conexiones y espacio disponible alrededor del punto de uso.</p><h2>Consejos de uso</h2><p>Utiliza el punto de apoyo correcto, aplica la fuerza de forma progresiva y limpia la herramienta antes de guardarla. Una comprobación visual al finalizar ayuda a detectar desgaste, holguras o suciedad antes del siguiente uso.</p><h2>Cómo elegir este producto</h2><p>Conviene elegirlo cuando la operación requiere una herramienta manual específica para controlar fuerza, sujeción o ajuste. Puede ser preferible otra familia cuando la tarea necesita una máquina, una medición previa o una herramienta de otra geometría. La comparación con otros modelos debe centrarse en la función y en el entorno de uso; las especificaciones del catálogo sirven después para confirmar el ajuste.</p>";50.61;41.88;41.88;EUR;taxable;;0;;instock;no;0;;;;;0;0;0;;;;;;0;;2026-08-06 00:40:56;2026-08-20 16:01:12
2.1;123221;p_010282942637;simple;VEVOR Parachoques trasero compatible con Toyota Tacoma 1995-2004, conjunto de parachoques trasero de acero cromado, parachoques trasero de repuesto con luz de matrícula y almohadilla de paso, sin orificios para sensores para TO1102215;vevor-parachoques-trasero-compatible-con-toyota-tacoma-1995-2004-conjunto-de-parachoques-trasero-de-acero-cromado-parachoques-trasero-de-repuesto-con-luz-de-matricula-y-a-123221;https://www.distribuidordeherramientas.es/producto/vevor-parachoques-trasero-compatible-con-toyota-tacoma-1995-2004-conjunto-de-parachoques-trasero-de-acero-cromado-parachoques-trasero-de-repuesto-con-luz-de-matricula-y-a-123221/;publish;0;visible;Bricolaje;Herramientas para el hogar;Herramientas manuales de uso doméstico;47493;Sensores, pasarelas y accesorios domóticos;55052,55051,52260,43899,52259,36027;Parachoques para Camioneta | Parachoques trasero compatible con Toyota Tacoma 1995-2004 | pasarelas y accesorios domóticos | repuesto | Sensores | Vevor;product_brand;;;;VEVOR;010282942637;6766;Auto & Moto > Accesorios para Camiones > Parachoques para Camioneta;126.9;Parachoques de vehículo;repuesto;Accesorios y funcionalidad del vehículo;;;Accesorios y funcionalidad del vehículo;"[{""ambito"":""repuesto"",""tipo"":""marca"",""valor"":""VEVOR""},{""ambito"":""repuesto"",""tipo"":""material"",""valor"":""acero""},{""ambito"":""repuesto"",""tipo"":""producto"",""valor"":""Sensores, pasarelas y accesorios domóticos""}]";repuesto:marca=VEVOR | repuesto:material=acero | repuesto:producto=Sensores, pasarelas y accesorios domóticos;"[{""name"":""Marca"",""taxonomy"":"""",""is_taxonomy"":0,""options"":[""VEVOR""],""visible"":1,""variation"":0,""position"":0},{""name"":""Tipo de producto"",""taxonomy"":"""",""is_taxonomy"":0,""options"":[""Parachoques para Camioneta""],""visible"":1,""variation"":0,""position"":1}]";Parachoques trasero compatible con Toyota Tacoma 1995-2004 se emplea para realizar la función propia de sensores, pasarelas y accesorios domóticos dentro de un trabajo de mantenimiento, montaje o servicio. Su contexto habitual está en tareas relacionadas con sensores, pasarelas y accesorios domóticos en taller, instalación, mantenimiento u obra, con uso por parte de profesionales y usuarios que realizan de forma recurrente ese tipo de trabajo. Antes de elegirlo hay que valorar la tarea, el entorno y los accesorios o equipos con los que trabajará.;"<h2>Descripción</h2><p>La función de <strong>Parachoques trasero compatible con Toyota Tacoma 1995-2004</strong> es realizar la función propia de sensores, pasarelas y accesorios domóticos dentro de un trabajo de mantenimiento, montaje o servicio. Su contexto de uso está en tareas relacionadas con sensores, pasarelas y accesorios domóticos en taller, instalación, mantenimiento u obra, donde la función debe estar bien definida antes de empezar.</p><h2>Características principales</h2><p>Durante el uso, se incorpora al puesto como elemento de sensores, pasarelas y accesorios domóticos y se utiliza únicamente cuando la tarea coincide con la función descrita en el título. Dentro de <strong>Sensores, pasarelas y accesorios domóticos</strong>, su papel es resolver esa fase concreta del trabajo. De ese modo el operario puede identificar con claridad cuándo utilizarlo y cuándo necesita otro tipo de herramienta o equipo.</p><h2>Ventajas</h2><p>Permite preparar el trabajo con un elemento identificado para esa operación y evita sustituirlo por medios improvisados. La mejora aparece sobre todo cuando la misma operación se repite y conviene mantener un procedimiento reconocible.</p><h2>Aplicaciones</h2><p>Se emplea en tareas relacionadas con sensores, pasarelas y accesorios domóticos en taller, instalación, mantenimiento u obra. Es un tipo de producto habitual para profesionales y usuarios que realizan de forma recurrente ese tipo de trabajo cuando necesitan resolver esa operación dentro de una intervención mayor.</p><h2>Compatibilidad y entorno de trabajo</h2><p>Suele utilizarse junto con herramientas de montaje, elementos de protección, consumibles y accesorios propios de sensores, pasarelas y accesorios domóticos. El entorno debe permitir colocar el producto y sus elementos auxiliares sin forzar recorridos, uniones o posturas de trabajo.</p><h2>Consejos de uso</h2><p>Comprueba el estado del equipo antes de usarlo, prepara la zona de trabajo y guárdalo limpio y protegido después de la operación. Después de la tarea, conviene retirar residuos, revisar desgaste visible y guardar el conjunto protegido.</p><h2>Cómo elegir este producto</h2><p>Conviene elegirlo cuando la tarea coincide exactamente con la función indicada en el título y con la categoría Sensores, pasarelas y accesorios domóticos. Puede ser preferible otra familia cuando se necesita una función distinta, un proceso de otra categoría o un equipo dimensionado para otro entorno. Primero debe encajar el tipo de trabajo; después se comparan los atributos del catálogo para escoger la variante adecuada.</p>";184.01;152.28;152.28;EUR;taxable;;0;;instock;no;0;;;;;0;0;0;;;;;;0;;2026-08-06 00:43:17;2026-08-20 16:01:16
2.1;124913;p_010211700427;simple;VEVOR Herramienta de Crimpado, Crimpadora RJ45 RJ11 RJ12 para Cable de Red Ethernet, con Pelacables, 50 Piezas de Conectores y 50 Piezas de Cubiertas Protectoras, Comprobador y Cuchillas de Repuesto;vevor-herramienta-de-crimpado-crimpadora-rj45-rj11-rj12-para-cable-de-red-ethernet-con-pelacables-50-piezas-de-conectores-y-50-piezas-de-cubiertas-protectoras-comprobador-y-cuchillas-de-repuesto;https://www.distribuidordeherramientas.es/producto/vevor-herramienta-de-crimpado-crimpadora-rj45-rj11-rj12-para-cable-de-red-ethernet-con-pelacables-50-piezas-de-conectores-y-50-piezas-de-cubiertas-protectoras-comprobador-y-cuchillas-de-repuesto/;publish;0;visible;Bricolaje;Herramientas para el hogar;Herramientas manuales de uso doméstico;40229;Alicates;40827,53522,52781,53527,43899,36027;alicates | Cribadora Manual | Herramienta de crimpado | medición y diagnóstico | repuesto | Vevor;product_brand;;;;VEVOR;010211700427;8544;Herramientas > Herramientas Manuales > Alicates > Engarzadoras > Cribadora Manual;21.99;Alicates;herramienta;Corte y pelado de cables;;;Corte y pelado de cables;"[{""ambito"":""herramienta"",""tipo"":""interfaz"",""valor"":""RJ45""},{""ambito"":""herramienta"",""tipo"":""marca"",""valor"":""VEVOR""},{""ambito"":""herramienta"",""tipo"":""numero_piezas"",""valor"":""50""},{""ambito"":""herramienta"",""tipo"":""producto"",""valor"":""Herramienta de Crimpado""},{""ambito"":""herramienta"",""tipo"":""subtipo"",""valor"":""Herramienta de Crimpado""}]";herramienta:interfaz=RJ45 | herramienta:marca=VEVOR | herramienta:numero_piezas=50 | herramienta:producto=Herramienta de Crimpado | herramienta:subtipo=Herramienta de Crimpado;"[{""name"":""Marca"",""taxonomy"":"""",""is_taxonomy"":0,""options"":[""VEVOR""],""visible"":1,""variation"":0,""position"":0},{""name"":""Tipo de producto"",""taxonomy"":"""",""is_taxonomy"":0,""options"":[""Cribadora Manual""],""visible"":1,""variation"":0,""position"":1},{""name"":""Número de piezas"",""taxonomy"":"""",""is_taxonomy"":0,""options"":[""50""],""visible"":1,""variation"":0,""position"":2}]";Herramienta de Crimpado forma parte de trabajos en los que hay que obtener una referencia objetiva durante tareas de comprobación, ajuste o diagnóstico. Encaja en mantenimiento preventivo, puesta en marcha, localización de averías y verificación de instalaciones o equipos y en puestos atendidos por técnicos de mantenimiento, instaladores, electricistas, mecánicos y personal de control. La elección debe basarse en la operación real y en cómo se integra con el resto del puesto.;<h2>Descripción</h2><p><strong>Herramienta de Crimpado</strong> se utiliza para obtener una referencia objetiva durante tareas de comprobación, ajuste o diagnóstico. Se utiliza en mantenimiento preventivo, puesta en marcha, localización de averías y verificación de instalaciones o equipos cuando conviene reservar un elemento específico para esa fase del trabajo.</p><h2>Características principales</h2><p>Durante el uso, se utiliza en el punto de control para detectar, comparar o verificar una condición antes de intervenir. Dentro de <strong>Alicates</strong>, su papel es resolver esa fase concreta del trabajo. Así se mantiene separada su función de las operaciones de preparación, medición y seguridad que correspondan.</p><h2>Ventajas</h2><p>Reduce decisiones basadas únicamente en apreciaciones visuales y permite orientar el trabajo hacia el punto que realmente necesita ajuste. El beneficio es más evidente en trabajos repetidos, donde el orden del puesto y la secuencia de intervención importan.</p><h2>Aplicaciones</h2><p>Se emplea en mantenimiento preventivo, puesta en marcha, localización de averías y verificación de instalaciones o equipos. Suele aparecer en puestos atendidos por técnicos de mantenimiento, instaladores, electricistas, mecánicos y personal de control, integrado con el resto de herramientas de la tarea.</p><h2>Compatibilidad y entorno de trabajo</h2><p>Suele utilizarse junto con herramientas de ajuste, equipos de prueba complementarios, elementos de marcado y documentación de mantenimiento. La compatibilidad práctica depende de que el puesto deje espacio suficiente y de que los elementos auxiliares puedan colocarse sin interferencias.</p><h2>Consejos de uso</h2><p>Realiza la comprobación desde una posición estable, repite la lectura cuando el entorno pueda alterar el resultado y conserva limpio el punto de medida. Al terminar, revisa el estado de las zonas de contacto y deja el equipo preparado para la siguiente intervención.</p><h2>Cómo elegir este producto</h2><p>Conviene elegirlo cuando la decisión de reparación o ajuste depende de una comprobación previa. Puede ser preferible otra familia cuando la tarea exige inspección visual, desmontaje o intervención mecánica directa. Si la función es correcta, los atributos técnicos permiten decidir entre variantes sin mezclar productos de familias distintas.</p>;31.89;26.39;26.39;EUR;taxable;;0;;instock;no;0;;;;;0;0;0;;;;;;0;;2026-08-06 08:40:45;2026-08-20 16:07:11
2.1;125737;p_010209918690;simple;VEVOR Alicates Prensadores de Tuberías, Herramienta de Prensa para Tubos de PEX y Aluminio-plástico, con 5 Mordazas TH12 TH16 TH20 TH26 TH32 y Estuche, para Reparaciones, Instalaciones de Fontanería;vevor-alicates-prensadores-de-tuberias-herramienta-de-prensa-para-tubos-de-pex-y-aluminio-plastico-con-5-mordazas-th12-th16-th20-th26-th32-y-estuche-para-reparaciones-instalaciones-de-fontaneria;https://www.distribuidordeherramientas.es/producto/vevor-alicates-prensadores-de-tuberias-herramienta-de-prensa-para-tubos-de-pex-y-aluminio-plastico-con-5-mordazas-th12-th16-th20-th26-th32-y-estuche-para-reparaciones-instalaciones-de-fontaneria/;publish;0;visible;Bricolaje;Herramientas para el hogar;Herramientas manuales de uso doméstico;40229;Alicates;40827,21704,48896,40617,49616,36027;alicates | Alicates Prensadores de Tuberías | Crimpadoras | herramienta | herramienta manual | Vevor;product_brand;;;;VEVOR;010209918690;9413;Herramientas > Herramientas Eléctricas > Crimpadoras;94.9;Alicates;herramienta;Tuberías, drenaje y desatasco;;;Tuberías, drenaje y desatasco;"[{""ambito"":""herramienta"",""tipo"":""marca"",""valor"":""VEVOR""},{""ambito"":""herramienta"",""tipo"":""material"",""valor"":""aluminio""},{""ambito"":""herramienta"",""tipo"":""material"",""valor"":""plástico""},{""ambito"":""herramienta"",""tipo"":""producto"",""valor"":""Alicates""}]";herramienta:marca=VEVOR | herramienta:material=aluminio | herramienta:material=plástico | herramienta:producto=Alicates;"[{""name"":""Marca"",""taxonomy"":"""",""is_taxonomy"":0,""options"":[""VEVOR""],""visible"":1,""variation"":0,""position"":0},{""name"":""Tipo de producto"",""taxonomy"":"""",""is_taxonomy"":0,""options"":[""Crimpadoras""],""visible"":1,""variation"":0,""position"":1}]";"Alicates Prensadores de Tuberías forma parte de trabajos en los que hay que aplicar fuerza, sujetar, ajustar, extraer o preparar componentes durante montaje y mantenimiento. Aparece sobre todo en montaje, reparación, mantenimiento, automoción, instalaciones y trabajos de banco; lo manejan mecánicos, instaladores, electricistas, montadores y personal de mantenimiento. Debe seleccionarse por la función que va a cumplir, no solo por una especificación aislada del catálogo.";<h2>Descripción</h2><p><strong>Alicates Prensadores de Tuberías</strong> se integra en el trabajo para aplicar fuerza, sujetar, ajustar, extraer o preparar componentes durante montaje y mantenimiento. Se encuadra en montaje, reparación, mantenimiento, automoción, instalaciones y trabajos de banco y cobra sentido cuando esa operación forma parte del flujo habitual de mantenimiento o montaje.</p><h2>Características principales</h2><p>Durante el uso, transmite la acción manual al punto de trabajo y permite controlar la pieza o el elemento de fijación durante la intervención. Dentro de <strong>Alicates</strong>, su papel es resolver esa fase concreta del trabajo. Así se mantiene separada su función de las operaciones de preparación, medición y seguridad que correspondan.</p><h2>Ventajas</h2><p>Mejora el control sobre operaciones repetidas y evita recurrir a herramientas improvisadas que pueden marcar o dañar componentes. El beneficio es más evidente en trabajos repetidos, donde el orden del puesto y la secuencia de intervención importan.</p><h2>Aplicaciones</h2><p>Se emplea en montaje, reparación, mantenimiento, automoción, instalaciones y trabajos de banco. Suele aparecer en puestos atendidos por mecánicos, instaladores, electricistas, montadores y personal de mantenimiento, integrado con el resto de herramientas de la tarea.</p><h2>Compatibilidad y entorno de trabajo</h2><p>Suele utilizarse junto con bancos de trabajo, mordazas, juegos de llaves, consumibles de montaje y equipos de protección. La compatibilidad práctica depende de que el puesto deje espacio suficiente y de que los elementos auxiliares puedan colocarse sin interferencias.</p><h2>Consejos de uso</h2><p>Utiliza el punto de apoyo correcto, aplica la fuerza de forma progresiva y limpia la herramienta antes de guardarla. Al terminar, revisa el estado de las zonas de contacto y deja el equipo preparado para la siguiente intervención.</p><h2>Cómo elegir este producto</h2><p>Conviene elegirlo cuando la operación requiere una herramienta manual específica para controlar fuerza, sujeción o ajuste. Puede ser preferible otra familia cuando la tarea necesita una máquina, una medición previa o una herramienta de otra geometría. Si la función es correcta, los atributos técnicos permiten decidir entre variantes sin mezclar productos de familias distintas.</p>;137.61;113.88;113.88;EUR;taxable;;0;;instock;no;0;;;;;0;0;0;;;;;;0;;2026-08-06 08:49:06;2026-08-20 16:07:21
2.1;125994;p_010172131035;simple;VEVOR Cortador de Cable de Trinquete, Cortador para Alambres de Cobre y Aluminio, Corte de hasta 400 mm², con Mangos Aislantes, Herramienta de Electricista para Construcción Renovación Eléctricas;vevor-cortador-de-cable-de-trinquete-cortador-para-alambres-de-cobre-y-aluminio-corte-de-hasta-400-mm%c2%b2-con-mangos-aislantes-herramienta-de-electricista-para-construccion-renovacion-electricas;https://www.distribuidordeherramientas.es/producto/vevor-cortador-de-cable-de-trinquete-cortador-para-alambres-de-cobre-y-aluminio-corte-de-hasta-400-mm%c2%b2-con-mangos-aislantes-herramienta-de-electricista-para-construccion-renovacion-electricas/;publish;0;visible;Bricolaje;Herramientas para el hogar;Herramientas manuales de uso doméstico;40229;Alicates;40827,53953,53954,53955,53531,40617,36027;alicates | Cortador de Cable de Trinquete | Cortadores de Cables | corte y mecanizado | herramienta | Vevor;product_brand;;;;VEVOR;010172131035;9657;Herramientas > Herramientas Manuales > Alicates > Alicates de Corte > Alicates de Corte > Cortadores de Cables;38.99;Alicates;herramienta;Corte y pelado de cables;;;Corte y pelado de cables;"[{""ambito"":""herramienta"",""tipo"":""marca"",""valor"":""VEVOR""},{""ambito"":""herramienta"",""tipo"":""material"",""valor"":""aluminio""},{""ambito"":""herramienta"",""tipo"":""material"",""valor"":""cobre""},{""ambito"":""herramienta"",""tipo"":""producto"",""valor"":""Cortador de Cable de Trinquete""},{""ambito"":""herramienta"",""tipo"":""subtipo"",""valor"":""Cortador de Cable de Trinquete""},{""ambito"":""herramienta"",""tipo"":""tecnologia_accionamiento"",""valor"":""eléctrico""}]";herramienta:marca=VEVOR | herramienta:material=aluminio | herramienta:material=cobre | herramienta:producto=Cortador de Cable de Trinquete | herramienta:subtipo=Cortador de Cable de Trinquete | herramienta:tecnologia_accionamiento=eléctrico;"[{""name"":""Marca"",""taxonomy"":"""",""is_taxonomy"":0,""options"":[""VEVOR""],""visible"":1,""variation"":0,""position"":0},{""name"":""Tipo de producto"",""taxonomy"":"""",""is_taxonomy"":0,""options"":[""Cortadores de Cables""],""visible"":1,""variation"":0,""position"":1},{""name"":""Material o acabado"",""taxonomy"":"""",""is_taxonomy"":0,""options"":[""cobre""],""visible"":1,""variation"":0,""position"":2}]";Cortador de Cable de Trinquete se utiliza cuando el trabajo requiere realizar una operación de corte, perforación, conformado o mecanizado sobre una pieza preparada. Encaja en fabricación, reforma, mantenimiento, metal, madera, obra y preparación de piezas y en puestos atendidos por mecánicos, instaladores, carpinteros, metalistas y profesionales de obra. Conviene comprobar antes de comprar que la función coincide con la tarea y con los elementos que ya se utilizan.;"<h2>Descripción</h2><p>La función de <strong>Cortador de Cable de Trinquete</strong> es realizar una operación de corte, perforación, conformado o mecanizado sobre una pieza preparada. Se encuadra en fabricación, reforma, mantenimiento, metal, madera, obra y preparación de piezas y cobra sentido cuando esa operación forma parte del flujo habitual de mantenimiento o montaje.</p><h2>Características principales</h2><p>Durante el uso, guía la herramienta o la pieza a través de una operación que modifica su geometría de forma controlada. Dentro de <strong>Alicates</strong>, su papel es resolver esa fase concreta del trabajo. De ese modo el operario puede identificar con claridad cuándo utilizarlo y cuándo necesita otro tipo de herramienta o equipo.</p><h2>Ventajas</h2><p>Facilita repetir la operación con un recorrido definido y reduce correcciones posteriores cuando la pieza se prepara correctamente. La mejora aparece sobre todo cuando la misma operación se repite y conviene mantener un procedimiento reconocible.</p><h2>Aplicaciones</h2><p>Se emplea en fabricación, reforma, mantenimiento, metal, madera, obra y preparación de piezas. Es un tipo de producto habitual para mecánicos, instaladores, carpinteros, metalistas y profesionales de obra cuando necesitan resolver esa operación dentro de una intervención mayor.</p><h2>Compatibilidad y entorno de trabajo</h2><p>Suele utilizarse junto con mordazas, guías, mesas de apoyo, consumibles de corte, sistemas de aspiración y equipos de protección. El entorno debe permitir colocar el producto y sus elementos auxiliares sin forzar recorridos, uniones o posturas de trabajo.</p><h2>Consejos de uso</h2><p>Sujeta la pieza antes de trabajar, mantén limpia la zona de corte y utiliza el consumible adecuado al material y al tipo de operación. Después de la tarea, conviene retirar residuos, revisar desgaste visible y guardar el conjunto protegido.</p><h2>Cómo elegir este producto</h2><p>Conviene elegirlo cuando se necesita modificar físicamente la pieza mediante corte, perforación o conformado. Puede ser preferible otra familia cuando solo se necesita sujetar, medir, ensamblar o acabar una pieza ya mecanizada. Primero debe encajar el tipo de trabajo; después se comparan los atributos del catálogo para escoger la variante adecuada.</p>";56.54;46.79;46.79;EUR;taxable;;0;;instock;no;0;;;;;0;0;0;;;;;;0;;2026-08-06 08:51:41;2026-08-20 16:07:25
2.1;126708;p_010930646624;simple;VEVOR Crimpadora Terminales Eléctricos 0,25-6 mm², Alicates de Crimpado con Trinquete, con Marcas Métrica y de AWG, Liberación Rápida, Presión Ajustable, Herramienta de Crimpado para Cables Eléctricos;vevor-crimpadora-terminales-electricos-025-6-mm%c2%b2-alicates-de-crimpado-con-trinquete-con-marcas-metrica-y-de-awg-liberacion-rapida-presion-ajustable-herramienta-de-crimpado-para-cables-elect;https://www.distribuidordeherramientas.es/producto/vevor-crimpadora-terminales-electricos-025-6-mm%c2%b2-alicates-de-crimpado-con-trinquete-con-marcas-metrica-y-de-awg-liberacion-rapida-presion-ajustable-herramienta-de-crimpado-para-cables-elect/;publish;0;visible;Bricolaje;Herramientas para el hogar;Herramientas manuales de uso doméstico;40229;Alicates;40827,53522,54048,40617,49616,36027;alicates | Cribadora Manual | Crimpadora Terminales Eléctricos 0 | herramienta | herramienta manual | Vevor;product_brand;;;;VEVOR;010930646624;10401;Herramientas > Herramientas Manuales > Alicates > Engarzadoras > Cribadora Manual;16.99;Alicates;herramienta;Corte y pelado de cables;;;Corte y pelado de cables;"[{""ambito"":""herramienta"",""tipo"":""marca"",""valor"":""VEVOR""},{""ambito"":""herramienta"",""tipo"":""producto"",""valor"":""Alicates""},{""ambito"":""herramienta"",""tipo"":""subtipo"",""valor"":""Crimpadora Terminales Eléctricos 0""},{""ambito"":""herramienta"",""tipo"":""tecnologia_accionamiento"",""valor"":""eléctrico""}]";herramienta:marca=VEVOR | herramienta:producto=Alicates | herramienta:subtipo=Crimpadora Terminales Eléctricos 0 | herramienta:tecnologia_accionamiento=eléctrico;"[{""name"":""Marca"",""taxonomy"":"""",""is_taxonomy"":0,""options"":[""VEVOR""],""visible"":1,""variation"":0,""position"":0},{""name"":""Tipo de producto"",""taxonomy"":"""",""is_taxonomy"":0,""options"":[""Cribadora Manual""],""visible"":1,""variation"":0,""position"":1}]";La función principal de Crimpadora Terminales Eléctricos 0 es aplicar fuerza, sujetar, ajustar, extraer o preparar componentes durante montaje y mantenimiento. Encaja en montaje, reparación, mantenimiento, automoción, instalaciones y trabajos de banco y en puestos atendidos por mecánicos, instaladores, electricistas, montadores y personal de mantenimiento. Antes de elegirlo hay que valorar la tarea, el entorno y los accesorios o equipos con los que trabajará.;<h2>Descripción</h2><p><strong>Crimpadora Terminales Eléctricos 0</strong> se utiliza para aplicar fuerza, sujetar, ajustar, extraer o preparar componentes durante montaje y mantenimiento. Su contexto de uso está en montaje, reparación, mantenimiento, automoción, instalaciones y trabajos de banco, donde la función debe estar bien definida antes de empezar.</p><h2>Características principales</h2><p>Durante el uso, transmite la acción manual al punto de trabajo y permite controlar la pieza o el elemento de fijación durante la intervención. Dentro de <strong>Alicates</strong>, su papel es resolver esa fase concreta del trabajo. De ese modo el operario puede identificar con claridad cuándo utilizarlo y cuándo necesita otro tipo de herramienta o equipo.</p><h2>Ventajas</h2><p>Mejora el control sobre operaciones repetidas y evita recurrir a herramientas improvisadas que pueden marcar o dañar componentes. Su aportación está en hacer más previsible esa fase concreta del trabajo y reducir improvisaciones.</p><h2>Aplicaciones</h2><p>Se emplea en montaje, reparación, mantenimiento, automoción, instalaciones y trabajos de banco. Suele aparecer en puestos atendidos por mecánicos, instaladores, electricistas, montadores y personal de mantenimiento, integrado con el resto de herramientas de la tarea.</p><h2>Compatibilidad y entorno de trabajo</h2><p>Suele utilizarse junto con bancos de trabajo, mordazas, juegos de llaves, consumibles de montaje y equipos de protección. El entorno debe permitir colocar el producto y sus elementos auxiliares sin forzar recorridos, uniones o posturas de trabajo.</p><h2>Consejos de uso</h2><p>Utiliza el punto de apoyo correcto, aplica la fuerza de forma progresiva y limpia la herramienta antes de guardarla. Una comprobación visual al finalizar ayuda a detectar desgaste, holguras o suciedad antes del siguiente uso.</p><h2>Cómo elegir este producto</h2><p>Conviene elegirlo cuando la operación requiere una herramienta manual específica para controlar fuerza, sujeción o ajuste. Puede ser preferible otra familia cuando la tarea necesita una máquina, una medición previa o una herramienta de otra geometría. Si la función es correcta, los atributos técnicos permiten decidir entre variantes sin mezclar productos de familias distintas.</p>;24.64;20.39;20.39;EUR;taxable;;0;;instock;no;0;;;;;0;0;0;;;;;;0;;2026-08-06 08:58:37;2026-08-20 16:07:45
2.1;127099;p_010705222280;simple;VEVOR Crimpadora Terminales Eléctricos 0,25-4 mm², Alicates de Crimpado de Trinquete para Terminales de Cables Eléctricos, con Presión Ajustable y Liberación Rápida, Marcas Métrica y del Sistema AWG;vevor-crimpadora-terminales-electricos-025-4-mm%c2%b2-alicates-de-crimpado-de-trinquete-para-terminales-de-cables-electricos-con-presion-ajustable-y-liberacion-rapida-marcas-metrica-y-del-sistema;https://www.distribuidordeherramientas.es/producto/vevor-crimpadora-terminales-electricos-025-4-mm%c2%b2-alicates-de-crimpado-de-trinquete-para-terminales-de-cables-electricos-con-presion-ajustable-y-liberacion-rapida-marcas-metrica-y-del-sistema/;publish;0;visible;Bricolaje;Herramientas para el hogar;Herramientas manuales de uso doméstico;40229;Alicates;40827,53522,54048,40617,49616,36027;alicates | Cribadora Manual | Crimpadora Terminales Eléctricos 0 | herramienta | herramienta manual | Vevor;product_brand;;;;VEVOR;010705222280;10808;Herramientas > Herramientas Manuales > Alicates > Engarzadoras > Cribadora Manual;15.99;Alicates;herramienta;Corte y pelado de cables;;;Corte y pelado de cables;"[{""ambito"":""herramienta"",""tipo"":""marca"",""valor"":""VEVOR""},{""ambito"":""herramienta"",""tipo"":""producto"",""valor"":""Alicates""},{""ambito"":""herramienta"",""tipo"":""subtipo"",""valor"":""Crimpadora Terminales Eléctricos 0""},{""ambito"":""herramienta"",""tipo"":""tecnologia_accionamiento"",""valor"":""eléctrico""}]";herramienta:marca=VEVOR | herramienta:producto=Alicates | herramienta:subtipo=Crimpadora Terminales Eléctricos 0 | herramienta:tecnologia_accionamiento=eléctrico;"[{""name"":""Marca"",""taxonomy"":"""",""is_taxonomy"":0,""options"":[""VEVOR""],""visible"":1,""variation"":0,""position"":0},{""name"":""Tipo de producto"",""taxonomy"":"""",""is_taxonomy"":0,""options"":[""Cribadora Manual""],""visible"":1,""variation"":0,""position"":1}]";Crimpadora Terminales Eléctricos 0 forma parte de trabajos en los que hay que aplicar fuerza, sujetar, ajustar, extraer o preparar componentes durante montaje y mantenimiento. Se emplea en montaje, reparación, mantenimiento, automoción, instalaciones y trabajos de banco y suele acompañar el trabajo de mecánicos, instaladores, electricistas, montadores y personal de mantenimiento. Conviene comprobar antes de comprar que la función coincide con la tarea y con los elementos que ya se utilizan.;<h2>Descripción</h2><p>En el puesto de trabajo, <strong>Crimpadora Terminales Eléctricos 0</strong> cumple la función de aplicar fuerza, sujetar, ajustar, extraer o preparar componentes durante montaje y mantenimiento. Su uso se entiende dentro de montaje, reparación, mantenimiento, automoción, instalaciones y trabajos de banco, con la tarea y el entorno preparados de antemano.</p><h2>Características principales</h2><p>Durante el uso, transmite la acción manual al punto de trabajo y permite controlar la pieza o el elemento de fijación durante la intervención. Dentro de <strong>Alicates</strong>, su papel es resolver esa fase concreta del trabajo. Así se mantiene separada su función de las operaciones de preparación, medición y seguridad que correspondan.</p><h2>Ventajas</h2><p>Mejora el control sobre operaciones repetidas y evita recurrir a herramientas improvisadas que pueden marcar o dañar componentes. El beneficio es más evidente en trabajos repetidos, donde el orden del puesto y la secuencia de intervención importan.</p><h2>Aplicaciones</h2><p>Se emplea en montaje, reparación, mantenimiento, automoción, instalaciones y trabajos de banco. Suele aparecer en puestos atendidos por mecánicos, instaladores, electricistas, montadores y personal de mantenimiento, integrado con el resto de herramientas de la tarea.</p><h2>Compatibilidad y entorno de trabajo</h2><p>Suele utilizarse junto con bancos de trabajo, mordazas, juegos de llaves, consumibles de montaje y equipos de protección. La compatibilidad práctica depende de que el puesto deje espacio suficiente y de que los elementos auxiliares puedan colocarse sin interferencias.</p><h2>Consejos de uso</h2><p>Utiliza el punto de apoyo correcto, aplica la fuerza de forma progresiva y limpia la herramienta antes de guardarla. Al terminar, revisa el estado de las zonas de contacto y deja el equipo preparado para la siguiente intervención.</p><h2>Cómo elegir este producto</h2><p>Conviene elegirlo cuando la operación requiere una herramienta manual específica para controlar fuerza, sujeción o ajuste. Puede ser preferible otra familia cuando la tarea necesita una máquina, una medición previa o una herramienta de otra geometría. Si la función es correcta, los atributos técnicos permiten decidir entre variantes sin mezclar productos de familias distintas.</p>;23.19;19.19;19.19;EUR;taxable;;0;;instock;no;0;;;;;0;0;0;;;;;;0;;2026-08-06 17:21:15;2026-08-20 16:07:49
2.1;127326;p_010512912839;simple;"VEVOR Destornillador Dinamométrico Digital con Accionamiento de 1/4"" con Pantalla LCD Rango de Par 1,13-7,91 N.m Incremento 1 in/lb Herramienta Precisa de Liberación Rápida para Taller de Electricista";vevor-destornillador-dinamometrico-digital-con-accionamiento-de-1-4-con-pantalla-lcd-rango-de-par-113-791-n-m-incremento-1-in-lb-herramienta-precisa-de-liberacion-rapida-para-taller-de-electricista-2;https://www.distribuidordeherramientas.es/producto/vevor-destornillador-dinamometrico-digital-con-accionamiento-de-1-4-con-pantalla-lcd-rango-de-par-113-791-n-m-incremento-1-in-lb-herramienta-precisa-de-liberacion-rapida-para-taller-de-electricista-2/;publish;0;visible;Bricolaje;Herramientas para el hogar;Herramientas manuales de uso doméstico;40047;Destornillador;40514,40617,50414,36027;destornillador | herramienta | par 7.91 N.m | Vevor;product_brand;;;;VEVOR;010512912839;11024;Herramientas > Herramientas Manuales > Destornilladores & Aprietatuercas > Destornilladores > destornilladores Especiales;23.9;Destornillador;herramienta;Instalación eléctrica;;;Instalación eléctrica;"[{""ambito"":""herramienta"",""tipo"":""marca"",""valor"":""VEVOR""},{""ambito"":""herramienta"",""tipo"":""par"",""valor"":""1,13-7,91 N·m""},{""ambito"":""herramienta"",""tipo"":""par"",""valor"":""7,91 N·m""},{""ambito"":""herramienta"",""tipo"":""producto"",""valor"":""Destornillador""},{""ambito"":""herramienta"",""tipo"":""tecnologia_accionamiento"",""valor"":""eléctrico""}]";herramienta:marca=VEVOR | herramienta:par=1,13-7,91 N·m | herramienta:par=7,91 N·m | herramienta:producto=Destornillador | herramienta:tecnologia_accionamiento=eléctrico;"[{""name"":""Marca"",""taxonomy"":"""",""is_taxonomy"":0,""options"":[""VEVOR""],""visible"":1,""variation"":0,""position"":0},{""name"":""Tipo de producto"",""taxonomy"":"""",""is_taxonomy"":0,""options"":[""destornilladores Especiales""],""visible"":1,""variation"":0,""position"":1},{""name"":""Par"",""taxonomy"":"""",""is_taxonomy"":0,""options"":[""7,91 N.m""],""visible"":1,""variation"":0,""position"":2}]";"Destornillador Dinamométrico Digital con Accionamiento de 1/4"" con Pantalla LCD Rango de Par 1 se utiliza cuando el trabajo requiere aplicar fuerza, sujetar, ajustar, extraer o preparar componentes durante montaje y mantenimiento. Encaja en montaje, reparación, mantenimiento, automoción, instalaciones y trabajos de banco y en puestos atendidos por mecánicos, instaladores, electricistas, montadores y personal de mantenimiento. Antes de elegirlo hay que valorar la tarea, el entorno y los accesorios o equipos con los que trabajará.";"<h2>Descripción</h2><p><strong>Destornillador Dinamométrico Digital con Accionamiento de 1/4"" con Pantalla LCD Rango de Par 1</strong> se utiliza para aplicar fuerza, sujetar, ajustar, extraer o preparar componentes durante montaje y mantenimiento. Su contexto de uso está en montaje, reparación, mantenimiento, automoción, instalaciones y trabajos de banco, donde la función debe estar bien definida antes de empezar.</p><h2>Características principales</h2><p>Durante el uso, transmite la acción manual al punto de trabajo y permite controlar la pieza o el elemento de fijación durante la intervención. Dentro de <strong>Destornillador</strong>, su papel es resolver esa fase concreta del trabajo. Esto permite saber qué parte del proceso resuelve y qué tareas deben quedar para otros útiles.</p><h2>Ventajas</h2><p>Mejora el control sobre operaciones repetidas y evita recurrir a herramientas improvisadas que pueden marcar o dañar componentes. El beneficio es más evidente en trabajos repetidos, donde el orden del puesto y la secuencia de intervención importan.</p><h2>Aplicaciones</h2><p>Se emplea en montaje, reparación, mantenimiento, automoción, instalaciones y trabajos de banco. Es un tipo de producto habitual para mecánicos, instaladores, electricistas, montadores y personal de mantenimiento cuando necesitan resolver esa operación dentro de una intervención mayor.</p><h2>Compatibilidad y entorno de trabajo</h2><p>Suele utilizarse junto con bancos de trabajo, mordazas, juegos de llaves, consumibles de montaje y equipos de protección. Antes de trabajar conviene revisar accesos, apoyos, conexiones y espacio disponible alrededor del punto de uso.</p><h2>Consejos de uso</h2><p>Utiliza el punto de apoyo correcto, aplica la fuerza de forma progresiva y limpia la herramienta antes de guardarla. Al terminar, revisa el estado de las zonas de contacto y deja el equipo preparado para la siguiente intervención.</p><h2>Cómo elegir este producto</h2><p>Conviene elegirlo cuando la operación requiere una herramienta manual específica para controlar fuerza, sujeción o ajuste. Puede ser preferible otra familia cuando la tarea necesita una máquina, una medición previa o una herramienta de otra geometría. Primero debe encajar el tipo de trabajo; después se comparan los atributos del catálogo para escoger la variante adecuada.</p>";34.66;28.68;28.68;EUR;taxable;;0;;instock;no;0;;;;;0;0;0;;;;;;0;;2026-08-06 17:23:36;2026-08-20 16:07:53
2.1;127970;p_010845748974;simple;VEVOR Juego de Alicates para Juntas Ranuradas 8 Piezas con Alicates de Juntas Deslizantes Alicates de Cuello Largo Alicates de Corte Diagonal Alicates de Ajuste de Líneas Llaves Mecánicas;vevor-juego-de-alicates-para-juntas-ranuradas-8-piezas-con-alicates-de-juntas-deslizantes-alicates-de-cuello-largo-alicates-de-corte-diagonal-alicates-de-ajuste-de-lineas-llaves-mecanicas;https://www.distribuidordeherramientas.es/producto/vevor-juego-de-alicates-para-juntas-ranuradas-8-piezas-con-alicates-de-juntas-deslizantes-alicates-de-cuello-largo-alicates-de-corte-diagonal-alicates-de-ajuste-de-lineas-llaves-mecanicas/;publish;0;visible;Bricolaje;Herramientas para el hogar;Herramientas manuales de uso doméstico;40229;Alicates;40827,53531,40617,54211,54212,36027;alicates | corte y mecanizado | herramienta | Juego de Alicates para Juntas Ranuradas 8 | Juegos de Alicates | Vevor;product_brand;;;;VEVOR;010845748974;11687;Herramientas > Herramientas Manuales > Alicates > Juegos de Alicates;32.9;Alicates;herramienta;Fijación y sujeción técnica;;;Fijación y sujeción técnica;"[{""ambito"":""herramienta"",""tipo"":""marca"",""valor"":""VEVOR""},{""ambito"":""herramienta"",""tipo"":""numero_piezas"",""valor"":""8""},{""ambito"":""herramienta"",""tipo"":""producto"",""valor"":""Alicates""}]";herramienta:marca=VEVOR | herramienta:numero_piezas=8 | herramienta:producto=Alicates;"[{""name"":""Marca"",""taxonomy"":"""",""is_taxonomy"":0,""options"":[""VEVOR""],""visible"":1,""variation"":0,""position"":0},{""name"":""Tipo de producto"",""taxonomy"":"""",""is_taxonomy"":0,""options"":[""Juegos de Alicates""],""visible"":1,""variation"":0,""position"":1},{""name"":""Número de piezas"",""taxonomy"":"""",""is_taxonomy"":0,""options"":[""8""],""visible"":1,""variation"":0,""position"":2}]";"Juego de Alicates para Juntas Ranuradas 8 Piezas con Alicates de Juntas Deslizantes Alicates se utiliza cuando el trabajo requiere realizar una operación de corte, perforación, conformado o mecanizado sobre una pieza preparada. Aparece sobre todo en fabricación, reforma, mantenimiento, metal, madera, obra y preparación de piezas; lo manejan mecánicos, instaladores, carpinteros, metalistas y profesionales de obra. La elección debe basarse en la operación real y en cómo se integra con el resto del puesto.";<h2>Descripción</h2><p>En el puesto de trabajo, <strong>Juego de Alicates para Juntas Ranuradas 8 Piezas con Alicates de Juntas Deslizantes Alicates</strong> cumple la función de realizar una operación de corte, perforación, conformado o mecanizado sobre una pieza preparada. Su contexto de uso está en fabricación, reforma, mantenimiento, metal, madera, obra y preparación de piezas, donde la función debe estar bien definida antes de empezar.</p><h2>Características principales</h2><p>Durante el uso, guía la herramienta o la pieza a través de una operación que modifica su geometría de forma controlada. Dentro de <strong>Alicates</strong>, su papel es resolver esa fase concreta del trabajo. Esto permite saber qué parte del proceso resuelve y qué tareas deben quedar para otros útiles.</p><h2>Ventajas</h2><p>Facilita repetir la operación con un recorrido definido y reduce correcciones posteriores cuando la pieza se prepara correctamente. La mejora aparece sobre todo cuando la misma operación se repite y conviene mantener un procedimiento reconocible.</p><h2>Aplicaciones</h2><p>Se emplea en fabricación, reforma, mantenimiento, metal, madera, obra y preparación de piezas. Suele aparecer en puestos atendidos por mecánicos, instaladores, carpinteros, metalistas y profesionales de obra, integrado con el resto de herramientas de la tarea.</p><h2>Compatibilidad y entorno de trabajo</h2><p>Suele utilizarse junto con mordazas, guías, mesas de apoyo, consumibles de corte, sistemas de aspiración y equipos de protección. Antes de trabajar conviene revisar accesos, apoyos, conexiones y espacio disponible alrededor del punto de uso.</p><h2>Consejos de uso</h2><p>Sujeta la pieza antes de trabajar, mantén limpia la zona de corte y utiliza el consumible adecuado al material y al tipo de operación. Después de la tarea, conviene retirar residuos, revisar desgaste visible y guardar el conjunto protegido.</p><h2>Cómo elegir este producto</h2><p>Conviene elegirlo cuando se necesita modificar físicamente la pieza mediante corte, perforación o conformado. Puede ser preferible otra familia cuando solo se necesita sujetar, medir, ensamblar o acabar una pieza ya mecanizada. Si la función es correcta, los atributos técnicos permiten decidir entre variantes sin mezclar productos de familias distintas.</p>;47.71;39.48;39.48;EUR;taxable;;0;;instock;no;0;;;;;0;0;0;;;;;;0;;2026-08-06 17:30:27;2026-08-20 16:08:00
2.1;128202;p_010431609851;simple;Herramienta de prensado hidráulica de tuberías VEVOR para accesorios de tubos de cobre, alicates de prensado con mordazas de cambio rápido TH16, TH20, TH26, TH32, kit de prensa giratorio de 360° para espacios reducidos Accesorios en T accionados hidráulicamente;herramienta-de-prensado-hidraulica-de-tuberias-vevor-para-accesorios-de-tubos-de-cobre-alicates-de-prensado-con-mordazas-de-cambio-rapido-th16-th20-th26-th32-kit-de-prensa-giratorio-de-360;https://www.distribuidordeherramientas.es/producto/herramienta-de-prensado-hidraulica-de-tuberias-vevor-para-accesorios-de-tubos-de-cobre-alicates-de-prensado-con-mordazas-de-cambio-rapido-th16-th20-th26-th32-kit-de-prensa-giratorio-de-360/;publish;0;visible;Bricolaje;Herramientas para el hogar;Herramientas manuales de uso doméstico;40229;Alicates;40827,48896,40617,54247,49616,36027;alicates | Crimpadoras | herramienta | Herramienta de prensado hidráulica de tuberías para | herramienta manual | Vevor;product_brand;;;;VEVOR;010431609851;11927;Herramientas > Herramientas Eléctricas > Crimpadoras;133.9;Alicates;herramienta;Tuberías, drenaje y desatasco;;;Tuberías, drenaje y desatasco;"[{""ambito"":""herramienta"",""tipo"":""marca"",""valor"":""VEVOR""},{""ambito"":""herramienta"",""tipo"":""material"",""valor"":""cobre""},{""ambito"":""herramienta"",""tipo"":""producto"",""valor"":""Alicates""}]";herramienta:marca=VEVOR | herramienta:material=cobre | herramienta:producto=Alicates;"[{""name"":""Marca"",""taxonomy"":"""",""is_taxonomy"":0,""options"":[""VEVOR""],""visible"":1,""variation"":0,""position"":0},{""name"":""Tipo de producto"",""taxonomy"":"""",""is_taxonomy"":0,""options"":[""Crimpadoras""],""visible"":1,""variation"":0,""position"":1},{""name"":""Material o acabado"",""taxonomy"":"""",""is_taxonomy"":0,""options"":[""cobre""],""visible"":1,""variation"":0,""position"":2}]";"Dentro de su categoría, Herramienta de prensado hidráulica de tuberías para accesorios de tubos sirve para aplicar fuerza, sujetar, ajustar, extraer o preparar componentes durante montaje y mantenimiento. Aparece sobre todo en montaje, reparación, mantenimiento, automoción, instalaciones y trabajos de banco; lo manejan mecánicos, instaladores, electricistas, montadores y personal de mantenimiento. Antes de elegirlo hay que valorar la tarea, el entorno y los accesorios o equipos con los que trabajará.";"<h2>Descripción</h2><p>En el puesto de trabajo, <strong>Herramienta de prensado hidráulica de tuberías para accesorios de tubos</strong> cumple la función de aplicar fuerza, sujetar, ajustar, extraer o preparar componentes durante montaje y mantenimiento. Se utiliza en montaje, reparación, mantenimiento, automoción, instalaciones y trabajos de banco cuando conviene reservar un elemento específico para esa fase del trabajo.</p><h2>Características principales</h2><p>Durante el uso, transmite la acción manual al punto de trabajo y permite controlar la pieza o el elemento de fijación durante la intervención. Dentro de <strong>Alicates</strong>, su papel es resolver esa fase concreta del trabajo. De ese modo el operario puede identificar con claridad cuándo utilizarlo y cuándo necesita otro tipo de herramienta o equipo.</p><h2>Ventajas</h2><p>Mejora el control sobre operaciones repetidas y evita recurrir a herramientas improvisadas que pueden marcar o dañar componentes. La mejora aparece sobre todo cuando la misma operación se repite y conviene mantener un procedimiento reconocible.</p><h2>Aplicaciones</h2><p>Se emplea en montaje, reparación, mantenimiento, automoción, instalaciones y trabajos de banco. Es un tipo de producto habitual para mecánicos, instaladores, electricistas, montadores y personal de mantenimiento cuando necesitan resolver esa operación dentro de una intervención mayor.</p><h2>Compatibilidad y entorno de trabajo</h2><p>Suele utilizarse junto con bancos de trabajo, mordazas, juegos de llaves, consumibles de montaje y equipos de protección. El entorno debe permitir colocar el producto y sus elementos auxiliares sin forzar recorridos, uniones o posturas de trabajo.</p><h2>Consejos de uso</h2><p>Utiliza el punto de apoyo correcto, aplica la fuerza de forma progresiva y limpia la herramienta antes de guardarla. Después de la tarea, conviene retirar residuos, revisar desgaste visible y guardar el conjunto protegido.</p><h2>Cómo elegir este producto</h2><p>Conviene elegirlo cuando la operación requiere una herramienta manual específica para controlar fuerza, sujeción o ajuste. Puede ser preferible otra familia cuando la tarea necesita una máquina, una medición previa o una herramienta de otra geometría. Primero debe encajar el tipo de trabajo; después se comparan los atributos del catálogo para escoger la variante adecuada.</p>";194.16;160.68;160.68;EUR;taxable;;0;;instock;no;0;;;;;0;0;0;;;;;;0;;2026-08-06 17:32:58;2026-08-20 16:08:06
2.1;129475;p_010993506565;simple;VEVOR Crimpadora Terminales Eléctricos, 2,5-6 mm², Alicates de Crimpado con Trinquete, con Conectores Solares y de Cables Llaves Bolsa de Transporte, Marcas Métrica y de AWG, Herramienta de Crimpado;vevor-crimpadora-terminales-electricos-25-6-mm%c2%b2-alicates-de-crimpado-con-trinquete-con-conectores-solares-y-de-cables-llaves-bolsa-de-transporte-marcas-metrica-y-de-awg-herramienta-de-crimp;https://www.distribuidordeherramientas.es/producto/vevor-crimpadora-terminales-electricos-25-6-mm%c2%b2-alicates-de-crimpado-con-trinquete-con-conectores-solares-y-de-cables-llaves-bolsa-de-transporte-marcas-metrica-y-de-awg-herramienta-de-crimp/;publish;0;visible;Bricolaje;Herramientas para el hogar;Herramientas manuales de uso doméstico;40229;Alicates;40827,53522,54384,40617,49616,36027;alicates | Cribadora Manual | Crimpadora Terminales Eléctricos | herramienta | herramienta manual | Vevor;product_brand;;;;VEVOR;010993506565;13212;Herramientas > Herramientas Manuales > Alicates > Engarzadoras > Cribadora Manual;24.99;Alicates;herramienta;Corte y pelado de cables;;;Corte y pelado de cables;"[{""ambito"":""herramienta"",""tipo"":""marca"",""valor"":""VEVOR""},{""ambito"":""herramienta"",""tipo"":""producto"",""valor"":""Alicates""},{""ambito"":""herramienta"",""tipo"":""subtipo"",""valor"":""Crimpadora Terminales Eléctricos""},{""ambito"":""herramienta"",""tipo"":""tecnologia_accionamiento"",""valor"":""eléctrico""}]";herramienta:marca=VEVOR | herramienta:producto=Alicates | herramienta:subtipo=Crimpadora Terminales Eléctricos | herramienta:tecnologia_accionamiento=eléctrico;"[{""name"":""Marca"",""taxonomy"":"""",""is_taxonomy"":0,""options"":[""VEVOR""],""visible"":1,""variation"":0,""position"":0},{""name"":""Tipo de producto"",""taxonomy"":"""",""is_taxonomy"":0,""options"":[""Cribadora Manual""],""visible"":1,""variation"":0,""position"":1}]";Dentro de su categoría, Crimpadora Terminales Eléctricos sirve para aplicar fuerza, sujetar, ajustar, extraer o preparar componentes durante montaje y mantenimiento. Encaja en montaje, reparación, mantenimiento, automoción, instalaciones y trabajos de banco y en puestos atendidos por mecánicos, instaladores, electricistas, montadores y personal de mantenimiento. La elección debe basarse en la operación real y en cómo se integra con el resto del puesto.;<h2>Descripción</h2><p><strong>Crimpadora Terminales Eléctricos</strong> se utiliza para aplicar fuerza, sujetar, ajustar, extraer o preparar componentes durante montaje y mantenimiento. Se utiliza en montaje, reparación, mantenimiento, automoción, instalaciones y trabajos de banco cuando conviene reservar un elemento específico para esa fase del trabajo.</p><h2>Características principales</h2><p>Durante el uso, transmite la acción manual al punto de trabajo y permite controlar la pieza o el elemento de fijación durante la intervención. Dentro de <strong>Alicates</strong>, su papel es resolver esa fase concreta del trabajo. Así se mantiene separada su función de las operaciones de preparación, medición y seguridad que correspondan.</p><h2>Ventajas</h2><p>Mejora el control sobre operaciones repetidas y evita recurrir a herramientas improvisadas que pueden marcar o dañar componentes. El beneficio es más evidente en trabajos repetidos, donde el orden del puesto y la secuencia de intervención importan.</p><h2>Aplicaciones</h2><p>Se emplea en montaje, reparación, mantenimiento, automoción, instalaciones y trabajos de banco. Suele aparecer en puestos atendidos por mecánicos, instaladores, electricistas, montadores y personal de mantenimiento, integrado con el resto de herramientas de la tarea.</p><h2>Compatibilidad y entorno de trabajo</h2><p>Suele utilizarse junto con bancos de trabajo, mordazas, juegos de llaves, consumibles de montaje y equipos de protección. La compatibilidad práctica depende de que el puesto deje espacio suficiente y de que los elementos auxiliares puedan colocarse sin interferencias.</p><h2>Consejos de uso</h2><p>Utiliza el punto de apoyo correcto, aplica la fuerza de forma progresiva y limpia la herramienta antes de guardarla. Al terminar, revisa el estado de las zonas de contacto y deja el equipo preparado para la siguiente intervención.</p><h2>Cómo elegir este producto</h2><p>Conviene elegirlo cuando la operación requiere una herramienta manual específica para controlar fuerza, sujeción o ajuste. Puede ser preferible otra familia cuando la tarea necesita una máquina, una medición previa o una herramienta de otra geometría. Si la función es correcta, los atributos técnicos permiten decidir entre variantes sin mezclar productos de familias distintas.</p>;36.24;29.99;29.99;EUR;taxable;;0;;instock;no;0;;;;;0;0;0;;;;;;0;;2026-08-06 17:46:43;2026-08-20 16:08:35
2.1;130387;p_010225495214;simple;VEVOR Crimpadora Terminales Eléctricos, 0,5-6 mm², Alicates de Crimpado de Trinquete para Terminales de Cables Eléctricos, con Marcas Métrica y del Sistema AWG, Liberación Rápida, Alicates de Engaste;vevor-crimpadora-terminales-electricos-05-6-mm%c2%b2-alicates-de-crimpado-de-trinquete-para-terminales-de-cables-electricos-con-marcas-metrica-y-del-sistema-awg-liberacion-rapida-alicates-de-eng;https://www.distribuidordeherramientas.es/producto/vevor-crimpadora-terminales-electricos-05-6-mm%c2%b2-alicates-de-crimpado-de-trinquete-para-terminales-de-cables-electricos-con-marcas-metrica-y-del-sistema-awg-liberacion-rapida-alicates-de-eng/;publish;0;visible;Bricolaje;Herramientas para el hogar;Herramientas manuales de uso doméstico;40229;Alicates;40827,53522,54384,40617,49616,36027;alicates | Cribadora Manual | Crimpadora Terminales Eléctricos | herramienta | herramienta manual | Vevor;product_brand;;;;VEVOR;010225495214;14305;Herramientas > Herramientas Manuales > Alicates > Engarzadoras > Cribadora Manual;15.99;Alicates;herramienta;Corte y pelado de cables;;;Corte y pelado de cables;"[{""ambito"":""herramienta"",""tipo"":""marca"",""valor"":""VEVOR""},{""ambito"":""herramienta"",""tipo"":""producto"",""valor"":""Alicates""},{""ambito"":""herramienta"",""tipo"":""subtipo"",""valor"":""Crimpadora Terminales Eléctricos""},{""ambito"":""herramienta"",""tipo"":""tecnologia_accionamiento"",""valor"":""eléctrico""}]";herramienta:marca=VEVOR | herramienta:producto=Alicates | herramienta:subtipo=Crimpadora Terminales Eléctricos | herramienta:tecnologia_accionamiento=eléctrico;"[{""name"":""Marca"",""taxonomy"":"""",""is_taxonomy"":0,""options"":[""VEVOR""],""visible"":1,""variation"":0,""position"":0},{""name"":""Tipo de producto"",""taxonomy"":"""",""is_taxonomy"":0,""options"":[""Cribadora Manual""],""visible"":1,""variation"":0,""position"":1}]";Crimpadora Terminales Eléctricos se emplea para aplicar fuerza, sujetar, ajustar, extraer o preparar componentes durante montaje y mantenimiento. Encaja en montaje, reparación, mantenimiento, automoción, instalaciones y trabajos de banco y en puestos atendidos por mecánicos, instaladores, electricistas, montadores y personal de mantenimiento. Conviene comprobar antes de comprar que la función coincide con la tarea y con los elementos que ya se utilizan.;"<h2>Descripción</h2><p>La función de <strong>Crimpadora Terminales Eléctricos</strong> es aplicar fuerza, sujetar, ajustar, extraer o preparar componentes durante montaje y mantenimiento. Se encuadra en montaje, reparación, mantenimiento, automoción, instalaciones y trabajos de banco y cobra sentido cuando esa operación forma parte del flujo habitual de mantenimiento o montaje.</p><h2>Características principales</h2><p>Durante el uso, transmite la acción manual al punto de trabajo y permite controlar la pieza o el elemento de fijación durante la intervención. Dentro de <strong>Alicates</strong>, su papel es resolver esa fase concreta del trabajo. Así se mantiene separada su función de las operaciones de preparación, medición y seguridad que correspondan.</p><h2>Ventajas</h2><p>Mejora el control sobre operaciones repetidas y evita recurrir a herramientas improvisadas que pueden marcar o dañar componentes. Su aportación está en hacer más previsible esa fase concreta del trabajo y reducir improvisaciones.</p><h2>Aplicaciones</h2><p>Se emplea en montaje, reparación, mantenimiento, automoción, instalaciones y trabajos de banco. Es un tipo de producto habitual para mecánicos, instaladores, electricistas, montadores y personal de mantenimiento cuando necesitan resolver esa operación dentro de una intervención mayor.</p><h2>Compatibilidad y entorno de trabajo</h2><p>Suele utilizarse junto con bancos de trabajo, mordazas, juegos de llaves, consumibles de montaje y equipos de protección. La compatibilidad práctica depende de que el puesto deje espacio suficiente y de que los elementos auxiliares puedan colocarse sin interferencias.</p><h2>Consejos de uso</h2><p>Utiliza el punto de apoyo correcto, aplica la fuerza de forma progresiva y limpia la herramienta antes de guardarla. Una comprobación visual al finalizar ayuda a detectar desgaste, holguras o suciedad antes del siguiente uso.</p><h2>Cómo elegir este producto</h2><p>Conviene elegirlo cuando la operación requiere una herramienta manual específica para controlar fuerza, sujeción o ajuste. Puede ser preferible otra familia cuando la tarea necesita una máquina, una medición previa o una herramienta de otra geometría. Primero debe encajar el tipo de trabajo; después se comparan los atributos del catálogo para escoger la variante adecuada.</p>";23.19;19.19;19.19;EUR;taxable;;0;;instock;no;0;;;;;0;0;0;;;;;;0;;2026-08-06 21:26:44;2026-08-20 16:08:48
2.1;130442;p_010265265256;simple;VEVOR Cortador de Cables de Trinquete 325 mm, Cortador de Alambres y Cables de Cobre-Aluminio 500 mm², Cortacables con Hojas de Acero con Mangos Recubiertos de PVC y Botón de Liberación Rápida;vevor-cortador-de-cables-de-trinquete-325-mm-cortador-de-alambres-y-cables-de-cobre-aluminio-500-mm%c2%b2-cortacables-con-hojas-de-acero-con-mangos-recubiertos-de-pvc-y-boton-de-liberacion-rapida;https://www.distribuidordeherramientas.es/producto/vevor-cortador-de-cables-de-trinquete-325-mm-cortador-de-alambres-y-cables-de-cobre-aluminio-500-mm%c2%b2-cortacables-con-hojas-de-acero-con-mangos-recubiertos-de-pvc-y-boton-de-liberacion-rapida/;publish;0;visible;Bricolaje;Herramientas para el hogar;Herramientas manuales de uso doméstico;40229;Alicates;40827,54484,53954,40617,49616,36027;alicates | Cortador de Cables de Trinquete | Cortadores de Cables | herramienta | herramienta manual | Vevor;product_brand;;;;VEVOR;010265265256;14383;Herramientas > Herramientas Manuales > Alicates > Alicates de Corte > Alicates de Corte > Cortadores de Cables;57.9;Alicates;herramienta;Corte y pelado de cables;;;Corte y pelado de cables;"[{""ambito"":""herramienta"",""tipo"":""marca"",""valor"":""VEVOR""},{""ambito"":""herramienta"",""tipo"":""material"",""valor"":""acero""},{""ambito"":""herramienta"",""tipo"":""material"",""valor"":""aluminio""},{""ambito"":""herramienta"",""tipo"":""material"",""valor"":""cobre""},{""ambito"":""herramienta"",""tipo"":""material"",""valor"":""PVC""},{""ambito"":""herramienta"",""tipo"":""producto"",""valor"":""Cortador de Cables de Trinquete""},{""ambito"":""herramienta"",""tipo"":""subtipo"",""valor"":""Cortador de Cables de Trinquete""}]";herramienta:marca=VEVOR | herramienta:material=acero | herramienta:material=aluminio | herramienta:material=cobre | herramienta:material=PVC | herramienta:producto=Cortador de Cables de Trinquete | herramienta:subtipo=Cortador de Cables de Trinquete;"[{""name"":""Marca"",""taxonomy"":"""",""is_taxonomy"":0,""options"":[""VEVOR""],""visible"":1,""variation"":0,""position"":0},{""name"":""Tipo de producto"",""taxonomy"":"""",""is_taxonomy"":0,""options"":[""Cortadores de Cables""],""visible"":1,""variation"":0,""position"":1},{""name"":""Material o acabado"",""taxonomy"":"""",""is_taxonomy"":0,""options"":[""cobre""],""visible"":1,""variation"":0,""position"":2}]";La función principal de Cortador de Cables de Trinquete es aplicar fuerza, sujetar, ajustar, extraer o preparar componentes durante montaje y mantenimiento. Encaja en montaje, reparación, mantenimiento, automoción, instalaciones y trabajos de banco y en puestos atendidos por mecánicos, instaladores, electricistas, montadores y personal de mantenimiento. Antes de elegirlo hay que valorar la tarea, el entorno y los accesorios o equipos con los que trabajará.;<h2>Descripción</h2><p><strong>Cortador de Cables de Trinquete</strong> se utiliza para aplicar fuerza, sujetar, ajustar, extraer o preparar componentes durante montaje y mantenimiento. Su contexto de uso está en montaje, reparación, mantenimiento, automoción, instalaciones y trabajos de banco, donde la función debe estar bien definida antes de empezar.</p><h2>Características principales</h2><p>Durante el uso, transmite la acción manual al punto de trabajo y permite controlar la pieza o el elemento de fijación durante la intervención. Dentro de <strong>Alicates</strong>, su papel es resolver esa fase concreta del trabajo. Así se mantiene separada su función de las operaciones de preparación, medición y seguridad que correspondan.</p><h2>Ventajas</h2><p>Mejora el control sobre operaciones repetidas y evita recurrir a herramientas improvisadas que pueden marcar o dañar componentes. El beneficio es más evidente en trabajos repetidos, donde el orden del puesto y la secuencia de intervención importan.</p><h2>Aplicaciones</h2><p>Se emplea en montaje, reparación, mantenimiento, automoción, instalaciones y trabajos de banco. Suele aparecer en puestos atendidos por mecánicos, instaladores, electricistas, montadores y personal de mantenimiento, integrado con el resto de herramientas de la tarea.</p><h2>Compatibilidad y entorno de trabajo</h2><p>Suele utilizarse junto con bancos de trabajo, mordazas, juegos de llaves, consumibles de montaje y equipos de protección. La compatibilidad práctica depende de que el puesto deje espacio suficiente y de que los elementos auxiliares puedan colocarse sin interferencias.</p><h2>Consejos de uso</h2><p>Utiliza el punto de apoyo correcto, aplica la fuerza de forma progresiva y limpia la herramienta antes de guardarla. Al terminar, revisa el estado de las zonas de contacto y deja el equipo preparado para la siguiente intervención.</p><h2>Cómo elegir este producto</h2><p>Conviene elegirlo cuando la operación requiere una herramienta manual específica para controlar fuerza, sujeción o ajuste. Puede ser preferible otra familia cuando la tarea necesita una máquina, una medición previa o una herramienta de otra geometría. Si la función es correcta, los atributos técnicos permiten decidir entre variantes sin mezclar productos de familias distintas.</p>;83.96;69.48;69.48;EUR;taxable;;0;;instock;no;0;;;;;0;0;0;;;;;;0;;2026-08-06 21:27:16;2026-08-20 16:08:49
2.1;130894;p_010655146102;simple;VEVOR Cortador de Cables de Alto Apalancamiento 235 mm, Con Hojas de Acero y Mangos Recubiertos de PVC, Cortador de Alambres y Cables de Aluminio 4/0 AWG, Cobre 2/0 AWG, para Trabajos Eléctricos;vevor-cortador-de-cables-de-alto-apalancamiento-235-mm-con-hojas-de-acero-y-mangos-recubiertos-de-pvc-cortador-de-alambres-y-cables-de-aluminio-4-0-awg-cobre-2-0-awg-para-trabajos-electricos;https://www.distribuidordeherramientas.es/producto/vevor-cortador-de-cables-de-alto-apalancamiento-235-mm-con-hojas-de-acero-y-mangos-recubiertos-de-pvc-cortador-de-alambres-y-cables-de-aluminio-4-0-awg-cobre-2-0-awg-para-trabajos-electricos/;publish;0;visible;Bricolaje;Herramientas para el hogar;Herramientas manuales de uso doméstico;40229;Alicates;40827,54517,54518,53954,40617,49616,36027;alicates | Cortador de Cables de Alto Apalancamiento | Cortadores de Cables | herramienta | herramienta manual | Vevor;product_brand;;;;VEVOR;010655146102;14908;Herramientas > Herramientas Manuales > Alicates > Alicates de Corte > Alicates de Corte > Cortadores de Cables;15.99;Alicates;herramienta;Corte y pelado de cables;;;Corte y pelado de cables;"[{""ambito"":""herramienta"",""tipo"":""marca"",""valor"":""VEVOR""},{""ambito"":""herramienta"",""tipo"":""material"",""valor"":""acero""},{""ambito"":""herramienta"",""tipo"":""material"",""valor"":""aluminio""},{""ambito"":""herramienta"",""tipo"":""material"",""valor"":""cobre""},{""ambito"":""herramienta"",""tipo"":""material"",""valor"":""PVC""},{""ambito"":""herramienta"",""tipo"":""producto"",""valor"":""Cortador de Cables de Alto Apalancamiento""},{""ambito"":""herramienta"",""tipo"":""tecnologia_accionamiento"",""valor"":""eléctrico""}]";herramienta:marca=VEVOR | herramienta:material=acero | herramienta:material=aluminio | herramienta:material=cobre | herramienta:material=PVC | herramienta:producto=Cortador de Cables de Alto Apalancamiento | herramienta:tecnologia_accionamiento=eléctrico;"[{""name"":""Marca"",""taxonomy"":"""",""is_taxonomy"":0,""options"":[""VEVOR""],""visible"":1,""variation"":0,""position"":0},{""name"":""Tipo de producto"",""taxonomy"":"""",""is_taxonomy"":0,""options"":[""Cortadores de Cables""],""visible"":1,""variation"":0,""position"":1},{""name"":""Material o acabado"",""taxonomy"":"""",""is_taxonomy"":0,""options"":[""aluminio""],""visible"":1,""variation"":0,""position"":2}]";"Cortador de Cables de Alto Apalancamiento se emplea para aplicar fuerza, sujetar, ajustar, extraer o preparar componentes durante montaje y mantenimiento. Aparece sobre todo en montaje, reparación, mantenimiento, automoción, instalaciones y trabajos de banco; lo manejan mecánicos, instaladores, electricistas, montadores y personal de mantenimiento. Debe seleccionarse por la función que va a cumplir, no solo por una especificación aislada del catálogo.";"<h2>Descripción</h2><p><strong>Cortador de Cables de Alto Apalancamiento</strong> se integra en el trabajo para aplicar fuerza, sujetar, ajustar, extraer o preparar componentes durante montaje y mantenimiento. Se encuadra en montaje, reparación, mantenimiento, automoción, instalaciones y trabajos de banco y cobra sentido cuando esa operación forma parte del flujo habitual de mantenimiento o montaje.</p><h2>Características principales</h2><p>Durante el uso, transmite la acción manual al punto de trabajo y permite controlar la pieza o el elemento de fijación durante la intervención. Dentro de <strong>Alicates</strong>, su papel es resolver esa fase concreta del trabajo. Esto permite saber qué parte del proceso resuelve y qué tareas deben quedar para otros útiles.</p><h2>Ventajas</h2><p>Mejora el control sobre operaciones repetidas y evita recurrir a herramientas improvisadas que pueden marcar o dañar componentes. El beneficio es más evidente en trabajos repetidos, donde el orden del puesto y la secuencia de intervención importan.</p><h2>Aplicaciones</h2><p>Se emplea en montaje, reparación, mantenimiento, automoción, instalaciones y trabajos de banco. Es un tipo de producto habitual para mecánicos, instaladores, electricistas, montadores y personal de mantenimiento cuando necesitan resolver esa operación dentro de una intervención mayor.</p><h2>Compatibilidad y entorno de trabajo</h2><p>Suele utilizarse junto con bancos de trabajo, mordazas, juegos de llaves, consumibles de montaje y equipos de protección. Antes de trabajar conviene revisar accesos, apoyos, conexiones y espacio disponible alrededor del punto de uso.</p><h2>Consejos de uso</h2><p>Utiliza el punto de apoyo correcto, aplica la fuerza de forma progresiva y limpia la herramienta antes de guardarla. Al terminar, revisa el estado de las zonas de contacto y deja el equipo preparado para la siguiente intervención.</p><h2>Cómo elegir este producto</h2><p>Conviene elegirlo cuando la operación requiere una herramienta manual específica para controlar fuerza, sujeción o ajuste. Puede ser preferible otra familia cuando la tarea necesita una máquina, una medición previa o una herramienta de otra geometría. Primero debe encajar el tipo de trabajo; después se comparan los atributos del catálogo para escoger la variante adecuada.</p>";23.19;19.19;19.19;EUR;taxable;;0;;instock;no;0;;;;;0;0;0;;;;;;0;;2026-08-06 21:31:35;2026-08-20 16:08:55
2.1;136694;05059040001;simple;Set de destornilladores aislados Kraftform Kompakt VDE WERA KK VDE Stainless 8 extra slim 1 (8 piezas);;https://www.distribuidordeherramientas.es/producto/;publish;0;visible;Bricolaje;Herramientas para el hogar;Herramientas manuales de uso doméstico;40047;Destornillador;;;product_brand;48619;WERA;;TODOTALADROS;10117;16285;Accesorios para herramientas;57.34;Destornillador;herramienta;Instalación eléctrica;;;Instalación eléctrica;"[{""ambito"":""herramienta"",""tipo"":""numero_piezas"",""valor"":""8""},{""ambito"":""herramienta"",""tipo"":""producto"",""valor"":""Destornillador""}]";herramienta:numero_piezas=8 | herramienta:producto=Destornillador;[];;"Set de destornilladores aislados Kraftform Kompakt VDE WERA KK VDE Stainless 8 extra slim 1
- Las herramientas de acero inoxidable de Wera han sido endurecidas bajo congelación al vacío y así disponen de las durezas y los valores de rigidez necesarios para trabajos en uniones atornilladas
- Este sistema de porta-puntas y varillas intercambiables permite un trabajo flexible en el caso de muchos perfiles de tornillos
- Varillas intercambiables Kraftform Kompakt VDE con diámetro de varilla reducido: permite un mejor acceso, lo que facilita trabajos en elementos de tornillo y de resorte que se encuentran en posiciones hundidas
- La prueba individual pieza por pieza a 10000 voltios según la norma IEC 60900 garantiza un trabajo seguro bajo tensiones de hasta 1000 voltios
Contenido
- Mango porta-puntas Kraftform VDE
- 7 varillas VDE Torx: TX8 x 154 / TX9 x 154 / TX10 x 154 / TX15 x 154 / TX20 x 154 / TX25 x 154 / TX30 x 154 mm
- Cinta autoadhesiva 70 x 50 mm
- Estuche

ESPECIFICACIONES
Referencia
05059040001
En stock
4 Artículos";83.14;68.81;68.81;EUR;taxable;;1;4;instock;no;0;;;;;0;0;0;;;;;;0;;2026-08-18 20:54:11;2026-08-20 16:10:30
2.1;136695;05134019001;simple;Set de 25 destornilladores Kraftform Micro ESD WERA Kraftform ESD Micro Big Pack 1;;https://www.distribuidordeherramientas.es/producto/;publish;0;visible;Bricolaje;Herramientas para el hogar;Herramientas manuales de uso doméstico;40047;Destornillador;;;product_brand;48619;WERA;;TODOTALADROS;10121;16286;Accesorios para herramientas;156.04;Destornillador;herramienta;Mantenimiento y reparación electrónica;;;Mantenimiento y reparación electrónica;"[{""ambito"":""herramienta"",""tipo"":""producto"",""valor"":""Destornillador""}]";herramienta:producto=Destornillador;[];;"Set de 25 destornilladores Kraftform Micro ESD WERA Kraftform ESD Micro Big Pack 1
- El mango Kraftform Micro es de una estructura multi-componente que permite un trabajo ergonómicamente correcto
- La zona de precisión que se encuentra directamente por encima de la varilla, le proporciona al usuario una buena sensación del ángulo de giro correcto al realizar trabajos de ajuste
- La zona de fuerza con sus áreas blandas integradas cerca de la punta de la varilla permite la transmisión de altos pares de aflojado y apriete sin que se pierda el contacto con el tornillo
- La zona de giro rápido por debajo de la caperuza giratoria permite unos movimientos de giro ultra-rápidos
- La punta negro tipo Black Point, así como un procedimiento sofisticado de endurecimiento, garantizan una gran longevidad de la punta, mayor protección anti-corrosiva, así como un encaje sumamente preciso en el tornillo
- Sistema de búsqueda ""Take it easy"": con marcación de color según el perfil y con diferentes sellos según el tamaño
- Ideal par técnicos de electrónica, óptica, mecánica de precisión o montadores de ordenadores
- La resistencia eléctrica de superficie del material ESD de Wera está en ? 10 ohmios. De esta forma, los componentes quedan protegidos de manera segura ante energía electroestática y los perjuicios que podrían ocurrir a causa de esta influencia.
Contenido
- 2 destornilladores planos: 0.16 x 0.8 x 40 / 0.23 x 1.8 x 40 mm
- 4 destornilladores Philips: PH000 x 40 / PH00 x 40 / PH0 x 40 / PH1 x 80 mm
- 1 destornillador PH/S: 1 x 40 mm
- 5 destornilladores Torx: TX2 x 40 / TX3 x 40 / TX4 x 40 / TX5 x 40 / TX6 x 40 mm
- 2 destornilladores Torx HF: TX8 x 60 / TX10 x 60 mm
- 2 destornilladores Torx BO: TX6 x 60 / TX8 x 60 mm
- 1 destornillador Torx PLUS: IPR1 x 40 mm
- 2 destornilladores Pentalobe: PL1.1 x 40 / PL1.4 x 40 mm
- 1 destornillador aprieta tuercas: 3 x 60 mm
- 4 destornilladores Microstix: 1 x 40 / 00 x 40 / F x 40 / 0 x 40 mm
- 1 extractor: 1 x 3.5 x 50 mm
- Estuche

ESPECIFICACIONES
Referencia
05134019001
En stock
1 Artículo";226.26;187.25;187.25;EUR;taxable;;1;1;instock;no;0;;;;;0;0;0;;;;;;0;;2026-08-18 20:54:12;2026-08-20 16:10:30
2.1;136697;05023461001;simple;Destornillador de puntas con función de carraca y de cambio rápido WERA 416 RA Quergriff Rapidaptor;;https://www.distribuidordeherramientas.es/producto/;publish;0;visible;Bricolaje;Herramientas para el hogar;Herramientas manuales de uso doméstico;40047;Destornillador;;;product_brand;48619;WERA;;TODOTALADROS;10124;16288;Accesorios para herramientas;44.18;Destornillador;herramienta;Perforación y fijación;;;Perforación y fijación;"[{""ambito"":""herramienta"",""tipo"":""producto"",""valor"":""Destornillador""}]";herramienta:producto=Destornillador;[];;"Destornillador de puntas con función de carraca y de cambio rápido WERA 416 RA Quergriff Rapidaptor
- La carraca integrada con dentado fino (80 dientes/ángulo de retorno de 4,5°) facilita y acelera el trabajo en uniones atornilladas, y evita las molestias de tener que reposicionarlo constantemente
- El mecanismo de carraca que está integrado de forma completa en el mango, permite un trabajo sumamente práctico y agradable
- Con una palanca de conmutación para realizar el cambio de giro derecha/izquierda cómodamente con una sola mano
- La forma ergonómica del mango rellena toda la palma de la mano, los dedos se encuentran ubicados de manera segura en las cavidades suavemente redondeadas del mango
- Así toda la mano entra en contacto con el mango y se evitan las pérdidas por fricción entre mano y mango
- Porta-puntas para puntas de arrastre hexagonal exterior de 1/4"" según la norma DIN ISO 1173-C 6,3 y E 6,3
- Con tecnología Rapidaptor para un cambio ultra-rápido de las puntas
Información técnica
- Porta-puntas: 1/4""
- Dimensiones: 100 x 95 x 23 mm
- Peso: 118 g

ESPECIFICACIONES
Referencia
05023461001
En stock
5 Artículos";64.06;53.02;53.02;EUR;taxable;;1;5;instock;no;0;;;;;0;0;0;;;;;;0;;2026-08-18 20:54:12;2026-08-20 16:10:30
2.1;136698;05073677001;simple;Set de 12 destornilladores Kraftform Micro WERA Kraftform Micro 12 Electronics 1;;https://www.distribuidordeherramientas.es/producto/;publish;0;visible;Bricolaje;Herramientas para el hogar;Herramientas manuales de uso doméstico;40047;Destornillador;;;product_brand;48619;WERA;;TODOTALADROS;10125;16289;Accesorios para herramientas;59.22;Destornillador;herramienta;Mantenimiento y reparación electrónica;;;Mantenimiento y reparación electrónica;"[{""ambito"":""herramienta"",""tipo"":""producto"",""valor"":""Destornillador""}]";herramienta:producto=Destornillador;[];;"Set de 12 destornilladores Kraftform Micro WERA Kraftform Micro 12 Electronics 1
- El mango Kraftform Micro es de una estructura multi-componente que permite un trabajo ergonómicamente correcto
- La zona de precisión que se encuentra directamente por encima de la varilla, le proporciona al usuario una buena sensación del ángulo de giro correcto al realizar trabajos de ajuste
- La zona de fuerza con sus áreas blandas integradas cerca de la punta de la varilla permite la transmisión de altos pares de aflojado y apriete sin que se pierda el contacto con el tornillo
- La zona de giro rápido por debajo de la caperuza giratoria permite unos movimientos de giro ultra-rápidos
- La punta negro tipo Black Point, así como un procedimiento sofisticado de endurecimiento, garantizan una gran longevidad de la punta, mayor protección anti-corrosiva, así como un encaje sumamente preciso en el tornillo
- Sistema de búsqueda ""Take it easy"": con marcación de color según el perfil y con diferentes sellos según el tamaño
- Ideal par técnicos de electrónica, óptica, mecánica de precisión o montadores de ordenadores
Contenido
- 2 destornilladores planos: 0.23 x 1.5 x 40 / 0.35 x 2.5 x 40 mm
- 3 destornilladores Philips: PH000 x 40 / PH00 x 40 / PH0 x 40 mm
- 2 destornilladores Torx BO: TX8 x 60 / TX10 x 60 mm
- 1 destornillador Torx PLUS: IPR1 x 40 mm
- 2 destornilladores aprieta tuercas: 2.5 x 60 / 3 x 60 mm
- 1 destornillador Microstix: 1 x 40 mm
- 1 extractor: 1 x 3.5 x 50 mm
- Cinta autoadhesiva 70 x 50 mm
- Estuche

ESPECIFICACIONES
Referencia
05073677001
En stock
3 Artículos";85.87;71.06;71.06;EUR;taxable;;1;3;instock;no;0;;;;;0;0;0;;;;;;0;;2026-08-18 20:54:13;2026-08-20 16:10:30
2.1;136699;05051011001;simple;Set de 12 destornilladores Kraftform Plus WERA Kraftform XXL 2;;https://www.distribuidordeherramientas.es/producto/;publish;0;visible;Bricolaje;Herramientas para el hogar;Herramientas manuales de uso doméstico;40047;Destornillador;;;product_brand;48619;WERA;;TODOTALADROS;10129;16290;Accesorios para herramientas;46.06;Destornillador;herramienta;Perforación y fijación;;;Perforación y fijación;"[{""ambito"":""herramienta"",""tipo"":""producto"",""valor"":""Destornillador""}]";herramienta:producto=Destornillador;[];;"Set de 12 destornilladores Kraftform Plus WERA Kraftform XXL 2
-
Destornilladores - Serie 300
+ Las zonas duras de agarre permiten una gran velocidad de trabajo mientras que las zonas blandas de agarre garantizan la transmisión de altos pares de giro
+ Punta Lasertip: la punta se aferra fuertemente a la cabeza del tornillo y evita así que el útil involuntariamente se desprenda del tornillo por deslizamiento
+ Con sistema de búsqueda de herramienta ""Take it easy"": marcas de color según el perfil y sellos con el tamaño
-
Destornilladores - Serie 900
+ Elaborado de un material bonificado resistente y duro para evitar astillamientos o la rotura de la varilla
+ Con caperuza de golpe integrada para aumentar la vida de servicio del útil y reducir el peligro de astillamiento
+ La punta Black Point de Wera así como un procedimiento de endurecimiento sofisticado garantizan una larga vida útil de la punta, una mayor protección anticorrosiva y una gran exactitud de posicionamiento
-
Destornilladores - VDE
+ Las zonas duras de agarre permiten una gran velocidad de trabajo mientras que las zonas blandas de agarre garantizan la transmisión de altos pares de giro
+ Punta Lasertip: la punta se aferra fuertemente a la cabeza del tornillo y evita así que el útil involuntariamente se desprenda del tornillo por deslizamiento
+ La prueba individual pieza por pieza a 10000 voltios según la norma IEC 60900 garantiza un trabajo seguro bajo tensiones de hasta 1000 voltios
Contenido
- 3 destornilladores planos: 0.8 x 4 x 100 / 1 x 5.5 x 100 / 1.2 x 7 x 125 mm
- 2 destornilladores aislados planos: 0.4 x 2.5 x 80 / 0.6 x 3.5 x 100 mm
- 1 destornillador Philips: PH2 x 100 mm
- 2 destornilladores Pozidriv: PZ1 x 80 / PZ2 x 100 mm
- 3 destornilladores Torx: TX15 x 80 / TX20 x 100 / TX25 x 100 mm
- Probador monopolar de fases
- 2 soportes

ESPECIFICACIONES
Referencia
05051011001
En stock
17 Artículos";66.79;55.27;55.27;EUR;taxable;;1;17;instock;no;0;;;;;0;0;0;;;;;;0;;2026-08-18 20:54:13;2026-08-20 16:10:30
2.1;136700;05051010001;simple;Set de 12 destornilladores Kraftform Plus WERA Kraftform XXL;;https://www.distribuidordeherramientas.es/producto/;publish;0;visible;Bricolaje;Herramientas para el hogar;Herramientas manuales de uso doméstico;40047;Destornillador;;;product_brand;48619;WERA;;TODOTALADROS;10130;16291;Accesorios para herramientas;46.06;Destornillador;herramienta;Perforación y fijación;;;Perforación y fijación;"[{""ambito"":""herramienta"",""tipo"":""producto"",""valor"":""Destornillador""}]";herramienta:producto=Destornillador;[];;"Set de 12 destornilladores Kraftform Plus WERA Kraftform XXL
-
Destornilladores - Serie 300
+ Las zonas duras de agarre permiten una gran velocidad de trabajo mientras que las zonas blandas de agarre garantizan la transmisión de altos pares de giro
+ Punta Lasertip: la punta se aferra fuertemente a la cabeza del tornillo y evita así que el útil involuntariamente se desprenda del tornillo por deslizamiento
+ Con sistema de búsqueda de herramienta ""Take it easy"": marcas de color según el perfil y sellos con el tamaño
-
Destornilladores - Serie 900
+ Elaborado de un material bonificado resistente y duro para evitar astillamientos o la rotura de la varilla
+ Con caperuza de golpe integrada para aumentar la vida de servicio del útil y reducir el peligro de astillamiento
+ La punta Black Point de Wera así como un procedimiento de endurecimiento sofisticado garantizan una larga vida útil de la punta, una mayor protección anticorrosiva y una gran exactitud de posicionamiento
-
Destornilladores - VDE
+ Las zonas duras de agarre permiten una gran velocidad de trabajo mientras que las zonas blandas de agarre garantizan la transmisión de altos pares de giro
+ Punta Lasertip: la punta se aferra fuertemente a la cabeza del tornillo y evita así que el útil involuntariamente se desprenda del tornillo por deslizamiento
+ La prueba individual pieza por pieza a 10000 voltios según la norma IEC 60900 garantiza un trabajo seguro bajo tensiones de hasta 1000 voltios
Contenido
- 5 destornilladores planos: 0.8 x 4 x 100 / 1 x 5.5 x 100 / 1 x 5.5 x 125 / 1.2 x 6.5 x 150 / 1.2 x 7 x 125 mm
- 2 destornilladores aislados planos: 0.4 x 2.5 x 80 / 0.6 x 3.5 x 100 mm
- 2 destornilladores Philips: PH1 x 80 / PH2 x 100 mm
- 2 destornilladores Pozidriv: PZ1 x 80 / PZ2 x 100 mm
- Probador monopolar de fases
- 2 soportes

ESPECIFICACIONES
Referencia
05051010001
En stock
9 Artículos";66.79;55.27;55.27;EUR;taxable;;1;9;instock;no;0;;;;;0;0;0;;;;;;0;;2026-08-18 20:54:13;2026-08-20 16:10:30
2.1;136701;05105630001;simple;Set de 14 destornilladores Kraftform Plus WERA Big Pack Serie 300;;https://www.distribuidordeherramientas.es/producto/;publish;0;visible;Bricolaje;Herramientas para el hogar;Herramientas manuales de uso doméstico;40047;Destornillador;;;product_brand;48619;WERA;;TODOTALADROS;10131;16292;Accesorios para herramientas;65.8;Destornillador;herramienta;Perforación y fijación;;;Perforación y fijación;"[{""ambito"":""herramienta"",""tipo"":""producto"",""valor"":""Destornillador""}]";herramienta:producto=Destornillador;[];;"Set de 14 destornilladores Kraftform Plus WERA Big Pack Serie 300
- El mango es tipo Kraftform Plus para un trabajo agradable y ergonómico sin que se produzcan ampollas o callosidades
- Las zonas duras de agarre permiten una gran velocidad de trabajo mientras que las zonas blandas de agarre garantizan la transmisión de altos pares de giro
- Punta Lasertip: la punta se aferra fuertemente a la cabeza del tornillo y evita así que el útil involuntariamente se desprenda del tornillo por deslizamiento
- Con sistema de búsqueda de herramienta ""Take it easy"": marcas de color según el perfil y sellos con el tamaño
- El sistema de protección contra el rodamiento evita las molestias que conlleva el perder la herramienta que se rueda en el puesto de trabajo
Contenido
- 3 destornilladores planos: 0.6 x 3.5 x 100 / 0.8 x 4 x 100 / 1.2 x 6.5 x 150 mm
- 3 destornilladores Philips: PH1 x 80 / PH2 x 100 / PH3 x 150 mm
- 3 destornilladores Pozidriv: PZ1 x 80 / PZ2 x 100 / PZ3 x 150 mm
- 5 destornilladores Torx: TX10 x 80 / TX15 x 80 / TX20 x 100 / TX25 x 100 / TX30 x 115 mm
- 2 soportes

ESPECIFICACIONES
Referencia
05105630001
En stock
2 Artículos";95.41;78.96;78.96;EUR;taxable;;1;2;instock;no;0;;;;;0;0;0;;;;;;0;;2026-08-18 20:54:14;2026-08-20 16:10:30
2.1;136702;05133285001;simple;Set de 13 destornilladores Kraftform Plus WERA Big Pack Serie 900;;https://www.distribuidordeherramientas.es/producto/;publish;0;visible;Bricolaje;Herramientas para el hogar;Herramientas manuales de uso doméstico;40047;Destornillador;;;product_brand;48619;WERA;;TODOTALADROS;10132;16293;Accesorios para herramientas;84.6;Destornillador;herramienta;Perforación y fijación;;;Perforación y fijación;"[{""ambito"":""herramienta"",""tipo"":""producto"",""valor"":""Destornillador""}]";herramienta:producto=Destornillador;[];;"Set de 13 destornilladores Kraftform Plus WERA Big Pack Serie 900
- Con el mango multi-componente Kraftform para un trabajo rápido y ergonómico: con zonas duras de agarre para una gran velocidad de trabajo y zonas blandas de agarre que garantizan la transmisión de altos pares de giro
- Con varilla hexagonal pasante elaborada de material de puntas de alta calidad lo cual proporciona una transmisión de la fuerza sin pérdidas, incluso en el caso de golpes de martillo
- Elaborado de un material bonificado resistente y duro para evitar astillamientos o la rotura de la varilla
- Con caperuza de golpe integrada para aumentar la vida de servicio del útil y reducir el peligro de astillamiento
- Gracias a la llave hexagonal auxiliar integrada y por medio de llaves de boca o anillo se pueden transferir unos pares de giro más altos
- La punta Black Point de Wera así como un procedimiento de endurecimiento sofisticado garantizan una larga vida útil de la punta, una mayor protección anticorrosiva y una gran exactitud de posicionamiento
- El sistema de protección contra el rodamiento mediante hexágono evita las molestias que conlleva el perder la herramienta que se rueda en el puesto de trabajo
- Con unas marcas correspondientes en el mango según perfiles y tamaños para encontrar y clasificar la herramienta más fácilmente
Contenido
- 5 destornilladores planos: 0.6 x 3.5 x 100 / 0.8 x 4.5 x 90 / 1 x 5.5 x 100 / 1.2 x 7 x 125 / 1.6 x 9 x 150 mm
- 3 destornilladores Philips: PH1 x 80 / PH2 x 100 / PH3 x 150 mm
- 3 destornilladores Pozidriv: PZ1 x 80 / PZ2 x 100 / PZ3 x 150 mm
- 2 destornilladores Torx: TX20 x 90 / TX25 x 100 mm
- 2 soportes

ESPECIFICACIONES
Referencia
05133285001
En stock
2 Artículos";122.67;101.52;101.52;EUR;taxable;;1;2;instock;no;0;;;;;0;0;0;;;;;;0;;2026-08-18 20:54:14;2026-08-20 16:10:30
2.1;136703;05032063001;simple;Set de 6 destornilladores Kraftform WERA 3334/3350/3355/6 Rack;;https://www.distribuidordeherramientas.es/producto/;publish;0;visible;Bricolaje;Herramientas para el hogar;Herramientas manuales de uso doméstico;40047;Destornillador;;;product_brand;48619;WERA;;TODOTALADROS;10133;16294;Accesorios para herramientas;40.42;Destornillador;herramienta;Perforación y fijación;;;Perforación y fijación;"[{""ambito"":""herramienta"",""tipo"":""producto"",""valor"":""Destornillador""}]";herramienta:producto=Destornillador;[];;"Set de 6 destornilladores Kraftform WERA 3334/3350/3355/6 Rack
- Las herramientas de acero inoxidable de Wera se elaboran con ayuda del método de endurecimiento de congelación al vacío y disponen así de los valores de dureza y resistencia que se necesitan para uniones atornilladas
- El mango es tipo Kraftform multi-componente para un trabajo agradable y ergonómico
- Punta Lasertip: la punta se aferra fuertemente a la cabeza del tornillo y evita así que el útil involuntariamente se desprenda del tornillo por deslizamiento
- Con sistema de búsqueda de herramienta ""Take it easy"": marcas de color según el perfil y sellos con el tamaño
- El sistema de protección contra el rodamiento evita las molestias que conlleva el perder la herramienta que se rueda en el puesto de trabajo
Contenido
- 2 destornilladores planos: 0.5 x 3 x 80 / 1.2 x 6.5 x 150 mm
- 2 destornilladores Philips: PH1 x 80 / PH2 x 100 mm
- 2 destornilladores Pozidriv: PZ1 x 80 / PZ2 x 100 mm
- Soporte

ESPECIFICACIONES
Referencia
05032063001
En stock
2 Artículos";58.61;48.5;48.5;EUR;taxable;;1;2;instock;no;0;;;;;0;0;0;;;;;;0;;2026-08-18 20:54:14;2026-08-20 16:10:30
2.1;136704;05032060001;simple;Set de 6 destornilladores Kraftform WERA 3334/6 Rack;;https://www.distribuidordeherramientas.es/producto/;publish;0;visible;Bricolaje;Herramientas para el hogar;Herramientas manuales de uso doméstico;40047;Destornillador;;;product_brand;48619;WERA;;TODOTALADROS;10134;16295;Accesorios para herramientas;38.54;Destornillador;herramienta;Perforación y fijación;;;Perforación y fijación;"[{""ambito"":""herramienta"",""tipo"":""producto"",""valor"":""Destornillador""}]";herramienta:producto=Destornillador;[];;"Set de 6 destornilladores Kraftform WERA 3334/6 Rack
- Las herramientas de acero inoxidable de Wera se elaboran con ayuda del método de endurecimiento de congelación al vacío y disponen así de los valores de dureza y resistencia que se necesitan para uniones atornilladas
- El mango es tipo Kraftform multi-componente para un trabajo agradable y ergonómico
- Punta Lasertip: la punta se aferra fuertemente a la cabeza del tornillo y evita así que el útil involuntariamente se desprenda del tornillo por deslizamiento
- Con sistema de búsqueda de herramienta ""Take it easy"": marcas de color según el perfil y sellos con el tamaño
- El sistema de protección contra el rodamiento evita las molestias que conlleva el perder la herramienta que se rueda en el puesto de trabajo
Contenido
- 4 destornilladores planos: 0.5 x 3 x 80 / 0.8 x 4 x 100 / 1 x 5.5 x 125 / 1.2 x 6.5 x 150 mm
- 2 destornilladores Philips: PH1 x 80 / PH2 x 100 mm
- Soporte

ESPECIFICACIONES
Referencia
05032060001
En stock
2 Artículos";55.88;46.25;46.25;EUR;taxable;;1;2;instock;no;0;;;;;0;0;0;;;;;;0;;2026-08-18 20:54:15;2026-08-20 16:10:30
2.1;136705;40030019;simple;Set de puntas HIKOKI 40030019 (32 piezas);;https://www.distribuidordeherramientas.es/producto/;publish;0;visible;Bricolaje;Herramientas para el hogar;Herramientas manuales de uso doméstico;40047;Destornillador;;;product_brand;48618;HIKOKI;;TODOTALADROS;10253;16296;Accesorios para herramientas;9;Juego de puntas de atornillado;consumible;Perforación y fijación;;;Perforación y fijación;"[{""ambito"":""consumible"",""tipo"":""numero_piezas"",""valor"":""32""},{""ambito"":""consumible"",""tipo"":""producto"",""valor"":""Set de puntas HIKOKI 40030019 (32 piezas)""}]";consumible:numero_piezas=32 | consumible:producto=Set de puntas HIKOKI 40030019 (32 piezas);[];;"Set de puntas de atornillar HIKOKI 40030022
- Juego de puntas para destornillador apilables (32 piezas)
- Este conjunto es parte de una gama de accesorios de las cajas apilables de Hikoki y son un complemento perfecto para su taladro eléctrico
- Puntas robustas y resistentes
- Para uso universal
- Este set es compatible con los otros 6 juegos y tiene varias Puntas de destornillador de 25 mm
Contenido
- T: 10, 15, 20, 25, 27, 30 , 40
- TB: 10, 15, 20, 25, 27, 30, 40
- PH: 1, 2x2, 3
- PZ: 1, 2x2, 3
- SL: 3, 4, 5, 6 mm
- H: 3, 4, 5, 6
- 1 x portapuntas magnético de liberación rápida
- 1 adaptador de 1/4

ESPECIFICACIONES
Referencia
40030019
En stock
5 Artículos";13.05;10.8;10.8;EUR;taxable;;1;5;instock;no;0;;;;;0;0;0;;;;;;0;;2026-08-18 20:54:15;2026-08-20 16:10:30
2.1;136707;10256;simple;Set de puntas HIKOKI 40030023 (31 piezas);;https://www.distribuidordeherramientas.es/producto/;publish;0;visible;Bricolaje;Herramientas para el hogar;Herramientas manuales de uso doméstico;40047;Destornillador;;;product_brand;48618;HIKOKI;;TODOTALADROS;10256;16298;Accesorios para herramientas;19;Juego de puntas de atornillado;consumible;Perforación y fijación;;;Perforación y fijación;"[{""ambito"":""consumible"",""tipo"":""numero_piezas"",""valor"":""31""},{""ambito"":""consumible"",""tipo"":""producto"",""valor"":""Set de puntas HIKOKI 40030023 (31 piezas)""}]";consumible:numero_piezas=31 | consumible:producto=Set de puntas HIKOKI 40030023 (31 piezas);[];;"Set de puntas de atornillar HIKOKI 40030022
- Este juego forma parte de una gama de accesorios en cajas apilables Hikoki y son un acompañamiento perfecto para su taladro eléctrico
- Hay otros 6 juegos en la gama y todos encajan perfectamente juntos
- HIKOKI es conocida por sus altos estándares de precisión, ingeniería e innovación, por lo que no hace falta decir que estas pequeñas herramientas tienen un acabado precioso
- Compatible con los otros 6 juegos
Contenido
- Destornillador Torx 25mm Puntas - 6, 7, 8, 9
- Destornillador Philips 25mm Puntas - 1, 2, 3
- Destornillador Hexágono 25mm Puntas - 2, 2. 5, 3, 4, 5
- Destornillador de cuadradillo interior 25mm Puntas - 0, 1, 2
- Destornillador de ranura 25mm Puntas - 4, 6
- Destornillador de tres puntas 50mm Puntas - 1, 2, 3
- Destornillador Troq Set 50mm Puntas - 6, 8, 10
- Destornillador de llave 50mm Puntas - 4, 6, 8
- Destornillador Torx 50mm Puntas - 10, 15, 25, 27, 30
- Mango de destornillador

ESPECIFICACIONES
Referencia
10256
En stock
23 Artículos";27.55;22.8;22.8;EUR;taxable;;1;23;instock;no;0;;;;;0;0;0;;;;;;0;;2026-08-18 20:54:16;2026-08-20 16:10:30
2.1;136708;40030024;simple;Set de puntas HIKOKI 40030024 (60 piezas);;https://www.distribuidordeherramientas.es/producto/;publish;0;visible;Bricolaje;Herramientas para el hogar;Herramientas manuales de uso doméstico;40047;Destornillador;;;product_brand;48618;HIKOKI;;TODOTALADROS;10257;16299;Accesorios para herramientas;23;Juego de puntas de atornillado;consumible;Perforación y fijación;;;Perforación y fijación;"[{""ambito"":""consumible"",""tipo"":""numero_piezas"",""valor"":""60""},{""ambito"":""consumible"",""tipo"":""producto"",""valor"":""Set de puntas HIKOKI 40030024 (60 piezas)""}]";consumible:numero_piezas=60 | consumible:producto=Set de puntas HIKOKI 40030024 (60 piezas);[];;"Set de puntas de atornillar HIKOKI
40030024
- Este juego forma parte de una gama de accesorios en cajas apilables Hikoki y son un acompañamiento perfecto para su taladro eléctrico
- Hay otros 6 juegos en la gama y todos encajan perfectamente juntos
- HIKOKI es conocida por sus altos estándares de precisión, ingeniería e innovación, por lo que no hace falta decir que estas pequeñas herramientas tienen un acabado de maxima calidad
- Apilable con los otros 6 juegos
Contenido
- 3 x T10, T15, T20, T25, T30, T40
- 2 x T27 TTX 10
- TT 15, 20, 25, 30, 40
- SL 3,5, 6,5, 2 x SL 4,5, 5,5
- 1 x PH 3, 2 x PH 3, 3 x PH 3
- 1 x PZ 3, 2 x PZ 3, 3 x PZ 3
- H 2 x 4, 5, 6, 8
- Portapuntas de 60 mm con bloqueo
- Portapuntas de acero inoxidable

ESPECIFICACIONES
Referencia
40030024
En stock
15 Artículos";33.35;27.6;27.6;EUR;taxable;;1;15;instock;no;0;;;;;0;0;0;;;;;;0;;2026-08-18 20:54:16;2026-08-20 16:10:30
2.1;136735;FMHT0-96230;simple;Alicate pelacables automático STANLEY FatMax FMHT0-96230;;https://www.distribuidordeherramientas.es/producto/;publish;0;visible;Bricolaje;Herramientas para el hogar;Herramientas manuales de uso doméstico;40229;Alicates;;;product_brand;48623;STANLEY FatMax;;TODOTALADROS;10508;16326;Accesorios para herramientas;21;Alicates;herramienta;Corte y pelado de cables;;;Corte y pelado de cables;"[{""ambito"":""herramienta"",""tipo"":""producto"",""valor"":""Alicate pelacables automático STANLEY FatMax FMHT0-96230""}]";herramienta:producto=Alicate pelacables automático STANLEY FatMax FMHT0-96230;[];;"Alicate pelacables automático STANLEY FatMax FMHT0-96230
- Pelacable automático capaz de pelar cables de entre 10-22 AWG
- Mango muy cómodo para su fácil utilización
- Gran superficie de agarre
- Fabricados en acero forjado cromado y tratado térmicamente
- Tope de cable ajustable mediante tornillo de ajuste de 6 a 18 mm
- Equipado con mordazas para crimpar terminales y un cortacables

ESPECIFICACIONES
Referencia
FMHT0-96230
En stock
9 Artículos";30.45;25.2;25.2;EUR;taxable;;1;9;instock;no;0;;;;;0;0;0;;;;;;0;;2026-08-18 20:54:26;2026-08-20 16:10:31
2.1;136750;05100028001;simple;9540 Kraftform XL Juego de bidón, 17 piezas;;https://www.distribuidordeherramientas.es/producto/;publish;0;visible;Bricolaje;Herramientas para el hogar;Herramientas manuales de uso doméstico;40047;Destornillador;;;product_brand;48619;WERA;;TODOTALADROS;10772;16341;Accesorios para herramientas;45.12;Juego de destornilladores;herramienta;Perforación y fijación;;;Perforación y fijación;"[{""ambito"":""herramienta"",""tipo"":""numero_piezas"",""valor"":""17""},{""ambito"":""herramienta"",""tipo"":""producto"",""valor"":""Kraftform XL Juego de bidón""}]";herramienta:numero_piezas=17 | herramienta:producto=Kraftform XL Juego de bidón;[];;"9540 Kraftform XL Juego de bidón
- Destornilladores y puntas para ranura, ranura en cruz (Phillips y Pozidriv) y tornillos TORX®
- Viene con un regalo: el bidón pra bebidas ultraligero de Elite en el diseño de Wera
- El cierre del bidón para bebidas se puede soltar para limpiarlo
- Destornillador con un mango Kraftform multicomponente para altas velocidades de trabajo y una gran ergonomía
- Con sistema hexagonal anti-rodadura para evitar que la herramienta ruede
- Puntas con una zona ""BiTorsion"" que amortiza los picos de las cargas
Contenido
- 9541 Bidón para bebidas
550 ml
- 932 A Destornillador plano
- 1x 1 x 5.5 x 100 mm
- 1x 1.2 x 7 x 125 mm
-
350 PH Destornillador Phillips
- 1x PH 1 x 80 mm
- 1x PH 2 x 100 mm
- 367 Destornillador TORX®
- 1x TX 20 x 100 mm
- 1x TX 25 x 100 mm
- 160 iS Destornillador plano aislado según VDE con diámetro reducido de varilla
- 1x 0.6 x 3.5 x 100 mm
- 162 i PH Destornillador Phillips aislado según VDE
- 1x PH 2 x 100 mm
- Bit-Check 7 Tool Finder 1, vacío
- 893/4/1 K Porta-Puntas Universal
- 1x 1/4"" x 50 mm
- 851/1 BTZ Puntas Phillips
- 1x PH 2 x 25 mm
- 855/1 BTZ Puntas Pozidriv
- 1x PZ 1 x 25 mm
- 1x PZ 2 x 25 mm
- 867/1 BTZ Puntas TORX®
- 1x TX 15 x 25 mm
- 1x TX 20 x 25 mm
- 1x TX 25 x 25 mm

ESPECIFICACIONES
Referencia
05100028001
En stock
70 Artículos";65.42;54.14;54.14;EUR;taxable;;1;70;instock;no;0;;;;;0;0;0;;;;;;0;;2026-08-18 20:54:31;2026-08-20 16:10:32
2.1;136752;05057440001;simple;Juego de puntas WERA Bit-Check Metal 1 SB (30 piezas);;https://www.distribuidordeherramientas.es/producto/;publish;0;visible;Bricolaje;Herramientas para el hogar;Herramientas manuales de uso doméstico;40047;Destornillador;;;product_brand;48619;WERA;;TODOTALADROS;10776;16343;Accesorios para herramientas;18.8;Juego de puntas de atornillado;consumible;Perforación y fijación;;;Perforación y fijación;"[{""ambito"":""consumible"",""tipo"":""numero_piezas"",""valor"":""30""},{""ambito"":""consumible"",""tipo"":""producto"",""valor"":""Juego de puntas WERA Bit-Check Metal 1 SB (30""}]";consumible:numero_piezas=30 | consumible:producto=Juego de puntas WERA Bit-Check Metal 1 SB (30;[];;"Wera Bit-Check 30 Metal 1 SB
- Juego Bit-Check robusto con 30 piezas, especialmente diseñado para aplicaciones en metal
- Puntas duras y resistentes, ideales para atornillar materiales duros como chapas y metales
- Sistema Bit-Check que permite una visión general rápida y un alojamiento seguro de las puntas
- El Bit-Check puede colocarse en posición vertical para tener las puntas siempre a mano
- Porta-puntas universal con manguito de acero inoxidable y potente imán permanente
- Apto para uso con destornilladores eléctricos o para conexión directa al portabrocas
- Formato compacto y resistente, fácil de transportar incluso en el bolsillo
- Hex-Plus prolonga la vida útil de los tornillos de hexágono interior
Contenido
- Porta-puntas universal 1/4"" × 50 mm
- Puntas Phillips: PH 1 × 25 mm (3 uds), PH 2 × 25 mm (3 uds), PH 3 × 25 mm (2 uds)
- Puntas Pozidriv: PZ 1 × 25 mm (3 uds), PZ 2 × 25 mm (3 uds), PZ 3 × 25 mm (3 uds)
- Puntas TORX®: TX 10 × 25 mm, TX 15 × 25 mm, TX 20 × 25 mm, TX 25 × 25 mm, TX 30 × 25 mm, TX 40 × 25 mm
- Puntas planas: 0,6 × 4,5 × 25 mm; 1 × 5,5 × 25 mm; 1,2 × 6,5 × 25 mm
- Puntas hexagonales: 4 × 25 mm; 5 × 25 mm; 6 × 25 mm

ESPECIFICACIONES
Referencia
05057440001
En stock
4 Artículos";27.26;22.56;22.56;EUR;taxable;;1;4;instock;no;0;;;;;0;0;0;;;;;;0;;2026-08-18 20:54:32;2026-08-20 16:10:32
2.1;136753;05057438001;simple;Juego de puntas WERA Bit-Check Wood 2 SB (30 piezas);;https://www.distribuidordeherramientas.es/producto/;publish;0;visible;Bricolaje;Herramientas para el hogar;Herramientas manuales de uso doméstico;40047;Destornillador;;;product_brand;48619;WERA;;TODOTALADROS;10777;16344;Accesorios para herramientas;18.8;Juego de puntas de atornillado;consumible;Perforación y fijación;;;Perforación y fijación;"[{""ambito"":""consumible"",""tipo"":""numero_piezas"",""valor"":""30""},{""ambito"":""consumible"",""tipo"":""producto"",""valor"":""Juego de puntas WERA Bit-Check Wood 2 SB (30""}]";consumible:numero_piezas=30 | consumible:producto=Juego de puntas WERA Bit-Check Wood 2 SB (30;[];;"Wera Bit-Check 30 Wood 2 SB
- Juego Bit-Check compacto de 30 piezas, ideal para aplicaciones móviles
- Especialmente diseñado para trabajos en madera
- Las cajas Bit-Check pueden colocarse en posición vertical para tener las puntas siempre a mano
- Porta-puntas universal con manguito de acero inoxidable
- Puntas duras y resistentes para un uso fiable
- Potente imán permanente para una sujeción segura de la punta
- Apto para su uso con máquinas atornilladoras o directamente en el portabrocas del taladro
- Alojamiento multicomponente que garantiza una sujeción duradera y segura de las puntas
Contenido
- Porta-puntas universal 1/4"" × 50 mm
- Puntas Phillips: PH 2 × 25 mm (1 ud)
- Puntas Pozidriv: PZ 1 × 25 mm (2 uds); PZ 2 × 25 mm (5 uds); PZ 3 × 25 mm (2 uds)
- Puntas TORX®: TX 10 × 25 mm (3 uds); TX 15 × 25 mm (4 uds); TX 20 × 25 mm (4 uds); TX 25 × 25 mm (4 uds); TX 30 × 25 mm (3 uds); TX 40 × 25 mm (1 ud)

ESPECIFICACIONES
Referencia
05057438001
En stock
5 Artículos";27.26;22.56;22.56;EUR;taxable;;1;5;instock;no;0;;;;;0;0;0;;;;;;0;;2026-08-18 20:54:32;2026-08-20 16:10:32
2.1;136754;05057900001;simple;Juego de puntas WERA Bit-Check TX Universal 1 SB (30 piezas);;https://www.distribuidordeherramientas.es/producto/;publish;0;visible;Bricolaje;Herramientas para el hogar;Herramientas manuales de uso doméstico;40047;Destornillador;;;product_brand;48619;WERA;;TODOTALADROS;10778;16345;Accesorios para herramientas;20;Juego de puntas de atornillado;consumible;Perforación y fijación;;;Perforación y fijación;"[{""ambito"":""consumible"",""tipo"":""numero_piezas"",""valor"":""30""},{""ambito"":""consumible"",""tipo"":""producto"",""valor"":""Juego de puntas WERA Bit-Check TX Universal 1 SB""}]";consumible:numero_piezas=30 | consumible:producto=Juego de puntas WERA Bit-Check TX Universal 1 SB;[];;"Wera Bit-Check 30 TX Universal 1 SB
- Juego Bit-Check extremadamente compacto, ideal para aplicaciones móviles
- Las cajas Bit-Check pueden colocarse en posición vertical para tener las puntas siempre a mano
- Puntas duras y resistentes, especialmente adecuadas para atornillar materiales duros como chapas o metales
- Evita la rotura prematura de la punta
- Porta-puntas universal con manguito de acero inoxidable
- Anillo de retención y potente imán permanente para una sujeción segura de la punta
- Apto para uso con máquinas atornilladoras o conexión directa al portabrocas del taladro
Contenido
- Porta-puntas universal 1/4"" × 50 mm
- Puntas TORX® TX 10 × 25 mm (3 uds)
- Puntas TORX® TX 15 × 25 mm (5 uds)
- Puntas TORX® TX 20 × 25 mm (8 uds)
- Puntas TORX® TX 25 × 25 mm (7 uds)
- Puntas TORX® TX 30 × 25 mm (4 uds)
- Puntas TORX® TX 40 × 25 mm (2 uds)

ESPECIFICACIONES
Referencia
05057900001
En stock
5 Artículos";29;24;24;EUR;taxable;;1;5;instock;no;0;;;;;0;0;0;;;;;;0;;2026-08-18 20:54:32;2026-08-20 16:10:32
2.1;136774;05059295001;simple;Juego de 17 piezas WERA Kraftform Kompakt 60;;https://www.distribuidordeherramientas.es/producto/;publish;0;visible;Bricolaje;Herramientas para el hogar;Herramientas manuales de uso doméstico;40047;Destornillador;;;product_brand;48619;WERA;;TODOTALADROS;10800;16365;Accesorios para herramientas;61.1;Juego de destornilladores;herramienta;Perforación y fijación;;;Perforación y fijación;"[{""ambito"":""herramienta"",""tipo"":""numero_piezas"",""valor"":""17""},{""ambito"":""herramienta"",""tipo"":""producto"",""valor"":""Juego de 17 piezas WERA Kraftform Kompakt 60""}]";herramienta:numero_piezas=17 | herramienta:producto=Juego de 17 piezas WERA Kraftform Kompakt 60;[];;"Wera Kraftform Kompakt 60 – Juego de porta-puntas, 17 piezas
- Juego compacto de porta-puntas con tecnología de cambio rápido Rapidaptor
- Incluye porta-puntas manual 816 R Kraftform con arrastre hexagonal de 1/4""
- Mango multicomponente Kraftform para un trabajo de atornillado rápido y ergonómico
- Zonas duras de agarre para altas velocidades de trabajo
- Zonas blandas del mango que garantizan una elevada transmisión del par de giro
- Sistema hexagonal anti-rodadura que evita que la herramienta ruede
- Sistema “Rapid-in” con autobloqueo automático de la punta
- Sistema “Rapid-out” para la extracción sencilla incluso de puntas muy pequeñas
- Tecnología Hex-Plus que incrementa las superficies de apoyo y reduce el desgaste de los tornillos de hexágono interior
- Permite transmitir hasta un 20 % más de par de apriete
- Sistema de mango y varillas intercambiables para aplicaciones estacionarias y móviles
- Adecuado para trabajos de atornillado manuales y mecánicos
- Estuche textil plegable, compacto y robusto para un almacenamiento protegido
- Compatible con el sistema Wera 2go
Contenido
- 816 R Destornillador porta-puntas Rapidaptor: 1/4"" × 119 mm
- Puntas Phillips: PH 1 × 89 mm; PH 2 × 89 mm; PH 3 × 89 mm
- Puntas Pozidriv: PZ 1 × 89 mm; PZ 2 × 89 mm; PZ 3 × 89 mm
- Puntas TORX® BO inviolables: TX 10 × 89 mm; TX 15 × 89 mm; TX 20 × 89 mm; TX 25 × 89 mm; TX 30 × 89 mm
- Punta plana: 1,0 × 5,5 × 89 mm
- Puntas hexagonales: 3 × 89 mm; 4 × 89 mm; 5 × 89 mm; 6 × 89 mm
- Cinta autoadhesiva: 70 × 50 mm

ESPECIFICACIONES
Referencia
05059295001
En stock
5 Artículos";88.6;73.32;73.32;EUR;taxable;;1;5;instock;no;0;;;;;0;0;0;;;;;;0;;2026-08-18 20:54:39;2026-08-20 16:10:33
2.1;136778;05057460001;simple;Juego de 52 piezas WERA Kraftform Kompakt 100;;https://www.distribuidordeherramientas.es/producto/;publish;0;visible;Bricolaje;Herramientas para el hogar;Herramientas manuales de uso doméstico;40047;Destornillador;;;product_brand;48619;WERA;;TODOTALADROS;10804;16369;Accesorios para herramientas;79.9;Juego de destornilladores;herramienta;Perforación y fijación;;;Perforación y fijación;"[{""ambito"":""herramienta"",""tipo"":""numero_piezas"",""valor"":""52""},{""ambito"":""herramienta"",""tipo"":""producto"",""valor"":""Juego de 52 piezas WERA Kraftform Kompakt 100""}]";herramienta:numero_piezas=52 | herramienta:producto=Juego de 52 piezas WERA Kraftform Kompakt 100;[];;"Wera Kraftform Kompakt 100 – Juego de atornillado, 52 piezas
- Juego compacto de herramientas de atornillado con un volumen y peso muy reducidos para una máxima movilidad
- Caja de material textil compacta, extremadamente robusta, que protege superficies delicadas
- Tecnología Rapidaptor para un cambio de puntas ultrarrápido sin herramienta adicional
- Porta-puntas manual Rapidaptor con manguito de giro libre para facilitar el trabajo, incluso por encima de la cabeza
- Porta-puntas Rapidaptor para uso con máquina atornilladora o taladro electrónico
- Puntas BiTorsion de 25 mm con zona de torsión para amortiguar picos de carga y prolongar la vida útil
- Puntas extra-duras BiTorsion (BTH) para aplicaciones universales
- Puntas Impaktor de 50 mm desarrolladas para trabajos especialmente exigentes con atornilladores potentes
- Llaves acodadas métricas cromadas con perfil Hex-Plus que evita el redondeo de tornillos de hexágono interior
- Llaves acodadas con bola hexagonal en el brazo largo para trabajar en esquinas o en posiciones inclinadas
- Perfil Hex-Plus que aumenta la superficie de contacto y permite transmitir hasta un 20 % más de par de apriete
- Sistema Take it easy con código de colores y marcado de tamaño para localizar rápidamente la herramienta adecuada
- La caja textil puede colocarse en vertical en la estantería del taller
- El material textil exterior no deja marcas ni arañazos en superficies sensibles
Contenido
- Destornillador porta-puntas Rapidaptor 813 R: 1/4"" × 90 mm
- Porta-puntas Universal Rapidaptor 889/4/1 K: 1/4"" × 50 mm
- Puntas Phillips BiTorsion: PH 1 × 25 mm; PH 2 × 25 mm; PH 3 × 25 mm
- Puntas Phillips Impaktor: PH 2 × 50 mm; PH 3 × 50 mm
- Puntas Pozidriv BiTorsion: PZ 1 × 25 mm; PZ 2 × 25 mm; PZ 3 × 25 mm
- Puntas Pozidriv Impaktor: PZ 2 × 50 mm; PZ 3 × 50 mm
- Puntas TORX® BiTorsion: TX 10 × 25 mm; TX 15 × 25 mm; TX 20 × 25 mm; TX 25 × 25 mm; TX 30 × 25 mm; TX 40 × 25 mm
- Puntas TORX® Impaktor: TX 25 × 50 mm; TX 30 × 50 mm; TX 40 × 50 mm
- Puntas planas BiTorsion: 0,8 × 5,5 × 25 mm; 1,0 × 5,5 × 25 mm
- Puntas hexagonales Impaktor: 4 × 50 mm; 5 × 50 mm; 6 × 50 mm
- Llaves acodadas cortas métricas cromadas: 1,5 × 50 mm; 2 × 56 mm; 2,5 × 63 mm; 3 × 71 mm; 4 × 80 mm; 5 × 90 mm; 6 × 100 mm; 8 × 112 mm
- Cinta autoadhesiva: 50 × 120 mm

ESPECIFICACIONES
Referencia
05057460001
En stock
3 Artículos";115.86;95.88;95.88;EUR;taxable;;1;3;instock;no;0;;;;;0;0;0;;;;;;0;;2026-08-18 20:54:41;2026-08-20 16:10:33
2.1;136779;05135926001;simple;Juego de 35 piezas WERA Kraftform Kompakt W 1 mantenimiento;;https://www.distribuidordeherramientas.es/producto/;publish;0;visible;Bricolaje;Herramientas para el hogar;Herramientas manuales de uso doméstico;40047;Destornillador;;;product_brand;48619;WERA;;TODOTALADROS;10805;16370;Accesorios para herramientas;130.66;Juego de destornilladores;herramienta;Perforación y fijación;;;Perforación y fijación;"[{""ambito"":""herramienta"",""tipo"":""numero_piezas"",""valor"":""35""},{""ambito"":""herramienta"",""tipo"":""producto"",""valor"":""Juego de 35 piezas WERA Kraftform Kompakt W 1""}]";herramienta:numero_piezas=35 | herramienta:producto=Juego de 35 piezas WERA Kraftform Kompakt W 1;[];;"Wera Kraftform Kompakt W1 Mantenimiento – Juego de herramientas, 35 piezas
- Juego compacto de herramientas con las 35 herramientas más importantes para trabajos de mantenimiento en uniones atornilladas
- Adecuado tanto para aplicaciones en interiores como en exteriores
- Especialmente indicado para mantenimiento en electrónica, mecatrónica, técnica de edificios, fotovoltaica y áreas afines
- Carraca Zyklop Speed increíblemente rápida con cabeza libremente giratoria y 5 posiciones de bloqueo definidas
- Función Zyklop “6 en 1”: carraca, carraca articulada, carraca flexible, carraca con bloqueo de vaso, carraca de potencia y destornillador
- Vasos Zyklop aptos para uso manual y mecánico (no de impacto), con ranura de retención y moleteado posterior para mejor agarre
- Llave fija Joker de doble boca con función de retención, tope final, pequeño ángulo de retorno y dientes de agarre extremadamente fuertes
- Porta-puntas manual aislado VDE Kraftform 817 con sistema antirrodamiento
- Varillas intercambiables VDE de 157 mm con función de giro superrápido
- Sistema Take it easy con marcas de color según perfil y tamaño grabado a láser
- Incluye sujetatornillos para retención segura del tornillo
- Incluye probador monopolar de fases
- Caja robusta de material textil, ligera, resistente y protectora de superficies
- La caja puede colocarse verticalmente en estanterías de taller y facilita la movilidad
Contenido
- 817 VDE Mango porta-puntas Kraftform: 9 × 98 mm
- Varillas intercambiables VDE (157 mm): 0,4 × 2,5 mm; 0,6 × 3,5 mm; 0,8 × 4 mm; 1,0 × 5,5 mm
- Varillas VDE Phillips: PH 1 × 157 mm; PH 2 × 157 mm
- Varillas VDE Pozidriv: PZ 1 × 157 mm; PZ 2 × 157 mm
- Varillas VDE TORX®: TX 10 × 157 mm; TX 15 × 157 mm; TX 20 × 157 mm; TX 25 × 157 mm
- 1440 Sujeta-tornillos: 4,5–6 × 41 mm
- 247 Probador monopolar de fases: 0,5 × 3 × 70 mm
- Llave fija Joker de doble boca: 10 × 13 × 167 mm
- Carraca Zyklop Speed 8000 A: 1/4"" × 152 mm
- Adaptador Zyklop 8784 A1: 1/4"" × 37 mm
- Extensión Zyklop 8794 SA con manguito de giro rápido: 1/4"" × 75 mm
- Vasos Zyklop 1/4"": 5,5 × 23 mm; 6 × 23 mm; 7 × 23 mm; 8 × 23 mm; 10 × 23 mm; 11 × 23 mm; 12 × 23 mm; 13 × 23 mm
- Porta-puntas universal 893/4/1 K: 1/4"" × 50 mm
- Puntas Pozidriv: PZ 1 × 25 mm; PZ 2 × 25 mm
- Puntas hexagonales: 3 × 25 mm; 4 × 25 mm; 5 × 25 mm; 6 × 25 mm
- Puntas TORX®: TX 25 × 25 mm
- Cinta autoadhesiva: 240 × 50 mm

ESPECIFICACIONES
Referencia
05135926001
En stock
4 Artículos";189.46;156.79;156.79;EUR;taxable;;1;4;instock;no;0;;;;;0;0;0;;;;;;0;;2026-08-18 20:54:41;2026-08-20 16:10:33
2.1;136783;05056471001;simple;Juego de puntas WERA Bit-Check 6 PZ Universal 1 (6 piezas);;https://www.distribuidordeherramientas.es/producto/;publish;0;visible;Bricolaje;Herramientas para el hogar;Herramientas manuales de uso doméstico;40047;Destornillador;;;product_brand;48619;WERA;;TODOTALADROS;10809;16374;Accesorios para herramientas;15.04;Juego de puntas de atornillado;consumible;Perforación y fijación;;;Perforación y fijación;"[{""ambito"":""consumible"",""tipo"":""numero_piezas"",""valor"":""6""},{""ambito"":""consumible"",""tipo"":""producto"",""valor"":""Juego de puntas WERA Bit-Check 6 PZ Universal 1""}]";consumible:numero_piezas=6 | consumible:producto=Juego de puntas WERA Bit-Check 6 PZ Universal 1;[];;"Wera Bit-Check 6 PZ Universal 1 – Juego de puntas Pozidriv, 6 piezas
- Juego compacto de puntas alojadas de forma sistemática en un práctico estuche Bit-Check
- El Bit-Check puede colocarse en posición vertical para tener las puntas siempre a mano en la zona de trabajo
- Puntas duras y resistentes, especialmente adecuadas para atornillar materiales duros como chapas o metales
- Puntas TZ con zona de torsión que amortigua los picos de par y evita el desgaste prematuro
- Mayor vida útil de la punta gracias a la forma torsional contra la rotura temprana
- Puntas Z de Wera especialmente indicadas para aplicaciones universales
- El material plástico del estuche Bit-Check garantiza gran robustez y longevidad
- Ocupa un espacio mínimo y ofrece una excelente funcionalidad
Contenido
- Puntas Pozidriv TZ 855/4: 2× PZ 1 × 50 mm
- Puntas Pozidriv TZ 855/4: 3× PZ 2 × 50 mm
- Puntas Pozidriv TZ 855/4: 1× PZ 3 × 50 mm

ESPECIFICACIONES
Referencia
05056471001
En stock
5 Artículos";21.81;18.05;18.05;EUR;taxable;;1;5;instock;no;0;;;;;0;0;0;;;;;;0;;2026-08-18 20:54:42;2026-08-20 16:10:34
2.1;136784;05056296001;simple;Juego de puntas WERA Bit-Check 7 PZ Universal 1 (7 piezas);;https://www.distribuidordeherramientas.es/producto/;publish;0;visible;Bricolaje;Herramientas para el hogar;Herramientas manuales de uso doméstico;40047;Destornillador;;;product_brand;48619;WERA;;TODOTALADROS;10810;16375;Accesorios para herramientas;13.16;Juego de puntas de atornillado;consumible;Perforación y fijación;;;Perforación y fijación;"[{""ambito"":""consumible"",""tipo"":""numero_piezas"",""valor"":""7""},{""ambito"":""consumible"",""tipo"":""producto"",""valor"":""Juego de puntas WERA Bit-Check 7 PZ Universal 1""}]";consumible:numero_piezas=7 | consumible:producto=Juego de puntas WERA Bit-Check 7 PZ Universal 1;[];;"Wera Bit-Check 7 PZ Universal 1 – Juego de puntas Pozidriv, 7 piezas
- Juego compacto de puntas alojadas de forma sistemática en un práctico estuche Bit-Check
- Los Bit-Checks convencen por su gran funcionalidad en un espacio mínimo
- El Bit-Check puede colocarse en posición vertical para tener las puntas siempre a mano en la zona de trabajo
- Porta-puntas universal con manguito de acero inoxidable y potente imán permanente
- Puntas duras y resistentes, especialmente adecuadas para atornillar materiales duros como chapas o metales
- Puntas Z de Wera indicadas para aplicaciones universales de atornillado
- Puntas adecuadas para trabajar con máquina
- El material plástico del estuche Bit-Check garantiza gran robustez y larga vida útil
- Ocupa un espacio mínimo y ofrece una elevada funcionalidad
Contenido
- 893/4/1 K Porta-puntas universal: 1/4"" × 50 mm
- Puntas Pozidriv 855/1 Z: 2× PZ 1 × 25 mm
- Puntas Pozidriv 855/1 Z: 3× PZ 2 × 25 mm
- Puntas Pozidriv 855/1 Z: 1× PZ 3 × 25 mm

ESPECIFICACIONES
Referencia
05056296001
En stock
9 Artículos";19.08;15.79;15.79;EUR;taxable;;1;9;instock;no;0;;;;;0;0;0;;;;;;0;;2026-08-18 20:54:43;2026-08-20 16:10:34
2.1;136785;05056472001;simple;Juego de puntas WERA Bit-Check 6 TX Universal 1 (6 piezas);;https://www.distribuidordeherramientas.es/producto/;publish;0;visible;Bricolaje;Herramientas para el hogar;Herramientas manuales de uso doméstico;40047;Destornillador;;;product_brand;48619;WERA;;TODOTALADROS;10811;16376;Accesorios para herramientas;19.74;Juego de puntas de atornillado;consumible;Perforación y fijación;;;Perforación y fijación;"[{""ambito"":""consumible"",""tipo"":""numero_piezas"",""valor"":""6""},{""ambito"":""consumible"",""tipo"":""producto"",""valor"":""Juego de puntas WERA Bit-Check 6 TX Universal 1""}]";consumible:numero_piezas=6 | consumible:producto=Juego de puntas WERA Bit-Check 6 TX Universal 1;[];;"Wera Bit-Check 6 TX Universal 1 – Juego de puntas TORX®, 6 piezas
- Juego compacto de puntas TORX® alojadas de forma sistemática en un práctico estuche Bit-Check
- Las cajas Bit-Check pueden colocarse en posición vertical para tener las puntas siempre a mano en la zona de trabajo
- Gran funcionalidad en un espacio mínimo
- Puntas duras y resistentes, especialmente adecuadas para atornillar materiales duros como chapas o metales
- Las puntas duras de Wera evitan la rotura prematura del extremo de la salida
- Puntas Z de Wera indicadas para aplicaciones universales de atornillado
- El material plástico del estuche Bit-Check garantiza gran robustez y larga vida útil
Contenido
- Puntas TORX® 867/4 Z: TX 10 × 50 mm
- Puntas TORX® 867/4 Z: TX 15 × 50 mm
- Puntas TORX® 867/4 Z: TX 20 × 50 mm
- Puntas TORX® 867/4 Z: TX 25 × 50 mm
- Puntas TORX® 867/4 Z: TX 30 × 50 mm
- Puntas TORX® 867/4 Z: TX 40 × 50 mm

ESPECIFICACIONES
Referencia
05056472001
En stock
5 Artículos";28.62;23.69;23.69;EUR;taxable;;1;5;instock;no;0;;;;;0;0;0;;;;;;0;;2026-08-18 20:54:43;2026-08-20 16:10:34
2.1;136786;05056164001;simple;Juego de puntas WERA Bit-Check 10 TX Universal 1 (10 piezas);;https://www.distribuidordeherramientas.es/producto/;publish;0;visible;Bricolaje;Herramientas para el hogar;Herramientas manuales de uso doméstico;40047;Destornillador;;;product_brand;48619;WERA;;TODOTALADROS;10812;16377;Accesorios para herramientas;36.66;Juego de puntas de atornillado;consumible;Perforación y fijación;;;Perforación y fijación;"[{""ambito"":""consumible"",""tipo"":""numero_piezas"",""valor"":""10""},{""ambito"":""consumible"",""tipo"":""producto"",""valor"":""Juego de puntas WERA Bit-Check 10 TX Universal 1""}]";consumible:numero_piezas=10 | consumible:producto=Juego de puntas WERA Bit-Check 10 TX Universal 1;[];;"Wera Bit-Check 10 TX Universal 1 – Juego de puntas TORX®, 10 piezas
- Juego compacto de puntas TORX® en práctico estuche Bit-Check
- Las cajas Bit-Check se pueden colocar en posición vertical para tener las puntas siempre a mano
- Gran funcionalidad a pesar del mínimo espacio que ocupa
- Porta-puntas universal con sistema de cambio rápido para un cambio veloz de las puntas
- Puntas de torsión TZ que amortiguan los picos de par de giro
- Protección eficaz contra el desgaste prematuro y mayor vida útil de la punta
- Puntas duras y resistentes, especialmente adecuadas para atornillar materiales duros como chapas o metales
- Las puntas duras Wera evitan la rotura prematura del extremo de la salida
- Puntas Z indicadas para aplicaciones universales de atornillado
- Estuche Bit-Check práctico y robusto para un transporte seguro
Contenido
- 894/4/1 K Porta-puntas universal de cambio rápido: 1/4"" × 51 mm
- Puntas TORX® 867/1 TZ: TX 8 × 25 mm
- Puntas TORX® 867/1 TZ: TX 9 × 25 mm
- Puntas TORX® 867/1 TZ: TX 10 × 25 mm
- Puntas TORX® 867/1 TZ: TX 15 × 25 mm
- Puntas TORX® 867/1 TZ: TX 20 × 25 mm
- Puntas TORX® 867/1 TZ: TX 25 × 25 mm
- Puntas TORX® 867/1 TZ: TX 27 × 25 mm
- Puntas TORX® 867/1 TZ: TX 30 × 25 mm
- Puntas TORX® 867/1 TZ: TX 40 × 25 mm

ESPECIFICACIONES
Referencia
05056164001
En stock
5 Artículos";53.16;43.99;43.99;EUR;taxable;;1;5;instock;no;0;;;;;0;0;0;;;;;;0;;2026-08-18 20:54:43;2026-08-20 16:10:34
2.1;136787;05057908001;simple;Juego de puntas WERA Bit-Check 30 TX Universal 1 (30 piezas);;https://www.distribuidordeherramientas.es/producto/;publish;0;visible;Bricolaje;Herramientas para el hogar;Herramientas manuales de uso doméstico;40047;Destornillador;;;product_brand;48619;WERA;;TODOTALADROS;10813;16378;Accesorios para herramientas;22.56;Juego de puntas de atornillado;consumible;Perforación y fijación;;;Perforación y fijación;"[{""ambito"":""consumible"",""tipo"":""numero_piezas"",""valor"":""30""},{""ambito"":""consumible"",""tipo"":""producto"",""valor"":""Juego de puntas WERA Bit-Check 30 TX Universal 1""}]";consumible:numero_piezas=30 | consumible:producto=Juego de puntas WERA Bit-Check 30 TX Universal 1;[];;"Wera Bit-Check 30 TX Universal 1 – Juego de puntas TORX®, 30 piezas
- Juego de puntas extremadamente compacto, ideal como acompañante en aplicaciones móviles
- Los Bit-Check de Wera pueden colocarse en posición vertical para tener las puntas siempre a mano en la zona de trabajo
- Gran funcionalidad a pesar del espacio mínimo que ocupa
- Puntas duras y resistentes, especialmente adecuadas para atornillar materiales duros como chapas o metales
- Las puntas duras de Wera evitan la rotura prematura del extremo de la punta
- Porta-puntas universal con casquillo de acero inoxidable
- Anillo de retención y potente imán permanente para una sujeción segura de la punta
- Puntas Z extrarresistentes para aplicaciones universales de atornillado
- Apto para uso con máquina atornilladora o taladro electrónico
Contenido
- 899/4/1 Porta-puntas universal: 1/4"" × 50 mm
- Puntas TORX® 867/1 Z: 3× TX 10 × 25 mm
- Puntas TORX® 867/1 Z: 5× TX 15 × 25 mm
- Puntas TORX® 867/1 Z: 8× TX 20 × 25 mm
- Puntas TORX® 867/1 Z: 7× TX 25 × 25 mm
- Puntas TORX® 867/1 Z: 4× TX 30 × 25 mm
- Puntas TORX® 867/1 Z: 2× TX 40 × 25 mm

ESPECIFICACIONES
Referencia
05057908001
En stock
5 Artículos";32.71;27.07;27.07;EUR;taxable;;1;5;instock;no;0;;;;;0;0;0;;;;;;0;;2026-08-18 20:54:44;2026-08-20 16:10:34
2.1;136788;05056474001;simple;Juego de puntas WERA Bit-Check 6 Universal 1 (6 piezas);;https://www.distribuidordeherramientas.es/producto/;publish;0;visible;Bricolaje;Herramientas para el hogar;Herramientas manuales de uso doméstico;40047;Destornillador;;;product_brand;48619;WERA;;TODOTALADROS;10814;16379;Accesorios para herramientas;14.1;Juego de puntas de atornillado;consumible;Perforación y fijación;;;Perforación y fijación;"[{""ambito"":""consumible"",""tipo"":""numero_piezas"",""valor"":""6""},{""ambito"":""consumible"",""tipo"":""producto"",""valor"":""Juego de puntas WERA Bit-Check 6 Universal 1 (6""}]";consumible:numero_piezas=6 | consumible:producto=Juego de puntas WERA Bit-Check 6 Universal 1 (6;[];;"Wera Bit-Check 6 Universal 1 – Juego de puntas, 6 piezas
- Los Bit-Checks convencen por su gran funcionalidad en un espacio mínimo
- Gracias a las puntas de torsión se amortiguan los picos del par
- Puntas duras y resistentes, especialmente adecuadas para atornillar materiales duros como chapas o metales
- Evita la rotura prematura de la punta
- El material plástico del estuche Bit-Check garantiza gran robustez y longevidad
Contenido
- Puntas Phillips 851/4 TZ: PH 1 × 50 mm
- Puntas Phillips 851/4 TZ: PH 2 × 50 mm
- Puntas Pozidriv 855/4 TZ: PZ 1 × 50 mm
- Puntas Pozidriv 855/4 TZ: PZ 2 × 50 mm
- Puntas planas 800/4 Z: 1 × 5,5 × 50 mm
- Puntas planas 800/4 Z: 1,2 × 6,5 × 50 mm

ESPECIFICACIONES
Referencia
05056474001
En stock
5 Artículos";20.45;16.92;16.92;EUR;taxable;;1;5;instock;no;0;;;;;0;0;0;;;;;;0;;2026-08-18 20:54:44;2026-08-20 16:10:34
2.1;136789;05056295001;simple;Juego de puntas WERA Bit-Check 7 Universal 1 (7 piezas);;https://www.distribuidordeherramientas.es/producto/;publish;0;visible;Bricolaje;Herramientas para el hogar;Herramientas manuales de uso doméstico;40047;Destornillador;;;product_brand;48619;WERA;;TODOTALADROS;10815;16380;Accesorios para herramientas;13.16;Juego de puntas de atornillado;consumible;Perforación y fijación;;;Perforación y fijación;"[{""ambito"":""consumible"",""tipo"":""numero_piezas"",""valor"":""7""},{""ambito"":""consumible"",""tipo"":""producto"",""valor"":""Juego de puntas WERA Bit-Check 7 Universal 1 (7""}]";consumible:numero_piezas=7 | consumible:producto=Juego de puntas WERA Bit-Check 7 Universal 1 (7;[];;"Wera Bit-Check 7 Universal 1 – Juego de puntas, 7 piezas
- Los Bit-Checks convencen por su gran funcionalidad en un espacio mínimo
- Porta-puntas universal con manguito de acero inoxidable y potente imán permanente
- Puntas duras y resistentes, especialmente adecuadas para atornillar materiales duros como chapas o metales
- El material plástico del estuche Bit-Check garantiza gran robustez y longevidad
- Puntas adecuadas para trabajar con máquina
- En la zona de trabajo, los Bit-Check se pueden posicionar de forma vertical para tener las puntas siempre al alcance de la mano
- Las puntas duras y resistentes de Wera evitan la rotura prematura del extremo de la salida
- Las puntas Z son normalmente las puntas adecuadas para el caso universal de uniones atornilladas
Contenido
- 893/4/1 K Porta-puntas universal: 1/4"" × 50 mm
- Puntas Phillips 851/1 Z: PH 1 × 25 mm
- Puntas Phillips 851/1 Z: PH 2 × 25 mm
- Puntas Pozidriv 855/1 Z: PZ 1 × 25 mm
- Puntas Pozidriv 855/1 Z: PZ 2 × 25 mm
- Puntas planas 800/1 Z: 1 × 5,5 × 25 mm
- Puntas planas 800/1 Z: 1,2 × 6,5 × 25 mm

ESPECIFICACIONES
Referencia
05056295001
En stock
3 Artículos";19.08;15.79;15.79;EUR;taxable;;1;3;instock;no;0;;;;;0;0;0;;;;;;0;;2026-08-18 20:54:44;2026-08-20 16:10:34
2.1;136790;05056161001;simple;Juego de puntas WERA Bit-Check (10 piezas);;https://www.distribuidordeherramientas.es/producto/;publish;0;visible;Bricolaje;Herramientas para el hogar;Herramientas manuales de uso doméstico;40047;Destornillador;;;product_brand;48619;WERA;;TODOTALADROS;10816;16381;Accesorios para herramientas;36.66;Juego de puntas de atornillado;consumible;Perforación y fijación;;;Perforación y fijación;"[{""ambito"":""consumible"",""tipo"":""numero_piezas"",""valor"":""10""},{""ambito"":""consumible"",""tipo"":""producto"",""valor"":""Juego de puntas WERA Bit-Check (10 piezas)""}]";consumible:numero_piezas=10 | consumible:producto=Juego de puntas WERA Bit-Check (10 piezas);[];;"Juego de puntas WERA Bit-Check (10 piezas)
- Las cajas Bit-Check también se pueden depositar levantadas, y convencen por su gran funcionalidad a pesar del mínimo espacio que ocupan
- Porta-puntas universal con sistema de cambio rápido para un cambio veloz de las puntas
- Punta de Torsión contra el desgaste prematuro
- Puntas duras y resistentes, especialmente adecuadas para atornillar materiales duros como chapas o metales
- En caja Bit-Check práctica y robusta
Contenido
- 889/4/1 K Porta-puntas Universal Rapidaptor
+ 1x 1/4"" x 50 mm
- 851/1 TZ Puntas Phillips
+ 2x PH 1 x 25 mm / 3x PH 2 x 25 mm / 1x PH 3 x 25 mm
- 855/1 TH Puntas Pozidriv
+ 2x PZ 1 x 25 mm / 3x PZ 2 x 25 mm / 1x PZ 3 x 25 mm
- 867/1 TZ Puntas TORX®
+ 1x TX 10 x 25 mm / 1x TX 15 x 25 mm / 1x TX 20 x 25 mm / 1x TX 25 x 25 mm / 1x TX 30 x 25 mm / 1x TX 40 x 25 mm
- 867/1 Z Puntas TORX® BO inviolables
+ 1x TX 10 x 25 mm / 1x TX 15 x 25 mm / 1x TX 20 x 25 mm / 1x TX 25 x 25 mm / 1x TX 30 x 25 mm
- 800/1 TZ Puntas Planas
+ 1x 1 x 5.5 x 25 mm
- 840/1 Z Puntas hexagonales
+ 1x 3 x 25 mm / 1x 4 x 25 mm / 1x 5 x 25 mm / 1x 6 x 25 mm / 1x 8 x 25 mm

ESPECIFICACIONES
Referencia
05056161001
En stock
5 Artículos";53.16;43.99;43.99;EUR;taxable;;1;5;instock;no;0;;;;;0;0;0;;;;;;0;;2026-08-18 20:54:45;2026-08-20 16:10:34
2.1;136791;05056440001;simple;Juego de puntas WERA Bit-Check (30 piezas);;https://www.distribuidordeherramientas.es/producto/;publish;0;visible;Bricolaje;Herramientas para el hogar;Herramientas manuales de uso doméstico;40047;Destornillador;;;product_brand;48619;WERA;;TODOTALADROS;10817;16382;Accesorios para herramientas;35.72;Juego de puntas de atornillado;consumible;Perforación y fijación;;;Perforación y fijación;"[{""ambito"":""consumible"",""tipo"":""numero_piezas"",""valor"":""30""},{""ambito"":""consumible"",""tipo"":""producto"",""valor"":""Juego de puntas WERA Bit-Check (30 piezas)""}]";consumible:numero_piezas=30 | consumible:producto=Juego de puntas WERA Bit-Check (30 piezas);[];;"Juego de puntas WERA Bit-Check (30 piezas)
- Los Bit-Checks convencen por su gran funcionalidad en un espacio mínimo
- Porta-puntas Rapidaptor para un cambio de puntas ultrarrápido
- Con un contenido universal para todas las áreas de aplicación
- Tecnología Rapidaptor para un cambio de puntas ultrarrápido
- Puntas duras y resistentes, especialmente adecuadas para atornillar materiales duros como chapas o metales
Contenido
- 889/4/1 K Porta-puntas Universal Rapidaptor
+ 1x 1/4"" x 50 mm
- 851/1 TZ Puntas Phillips
+ 2x PH 1 x 25 mm / 3x PH 2 x 25 mm / 1x PH 3 x 25 mm
- 855/1 TH Puntas Pozidriv
+ 2x PZ 1 x 25 mm / 3x PZ 2 x 25 mm / 1x PZ 3 x 25 mm
- 867/1 TZ Puntas TORX®
+ 1x TX 10 x 25 mm / 1x TX 15 x 25 mm / 1x TX 20 x 25 mm / 1x TX 25 x 25 mm / 1x TX 30 x 25 mm / 1x TX 40 x 25 mm
- 867/1 Z Puntas TORX® BO inviolables
+ 1x TX 10 x 25 mm / 1x TX 15 x 25 mm / 1x TX 20 x 25 mm / 1x TX 25 x 25 mm / 1x TX 30 x 25 mm
- 800/1 TZ Puntas Planas
+ 1x 1 x 5.5 x 25 mm
- 840/1 Z Puntas hexagonales
+ 1x 3 x 25 mm / 1x 4 x 25 mm / 1x 5 x 25 mm / 1x 6 x 25 mm / 1x 8 x 25 mm

ESPECIFICACIONES
Referencia
05056440001
En stock
2 Artículos";51.79;42.86;42.86;EUR;taxable;;1;2;instock;no;0;;;;;0;0;0;;;;;;0;;2026-08-18 20:54:45;2026-08-20 16:10:34
2.1;136792;05056157001;simple;Juego de puntas WERA Bit-Check 7 Universal 2 (7 piezas);;https://www.distribuidordeherramientas.es/producto/;publish;0;visible;Bricolaje;Herramientas para el hogar;Herramientas manuales de uso doméstico;40047;Destornillador;;;product_brand;48619;WERA;;TODOTALADROS;10818;16383;Accesorios para herramientas;22.56;Juego de puntas de atornillado;consumible;Perforación y fijación;;;Perforación y fijación;"[{""ambito"":""consumible"",""tipo"":""numero_piezas"",""valor"":""7""},{""ambito"":""consumible"",""tipo"":""producto"",""valor"":""Juego de puntas WERA Bit-Check 7 Universal 2 (7""}]";consumible:numero_piezas=7 | consumible:producto=Juego de puntas WERA Bit-Check 7 Universal 2 (7;[];;"Wera Bit-Check 7 Universal 1 – Juego de puntas, 7 piezas
- Los Bit-Checks convencen por su gran funcionalidad en un espacio mínimo
- Porta-puntas universal con manguito de acero inoxidable y potente imán permanente
- Puntas duras y resistentes, especialmente adecuadas para atornillar materiales duros como chapas o metales
- El material plástico del estuche Bit-Check garantiza gran robustez y longevidad
- Puntas adecuadas para trabajar con máquina
- En la zona de trabajo, los Bit-Check se pueden posicionar de forma vertical para tener las puntas siempre al alcance de la mano
- Las puntas duras y resistentes de Wera evitan la rotura prematura del extremo de la salida
- Las puntas Z son normalmente las puntas adecuadas para el caso universal de uniones atornilladas
Contenido
- Portapuntas 1/4x52
- 855/1 TH Phillips 2x PZ 1x25, 3x PZ 2x25, 1x PZ 3x25

ESPECIFICACIONES
Referencia
05056157001
En stock
5 Artículos";32.71;27.07;27.07;EUR;taxable;;1;5;instock;no;0;;;;;0;0;0;;;;;;0;;2026-08-18 20:54:45;2026-08-20 16:10:34
2.1;136809;05135816001;simple;Juego Kraftform Kompakt VDE Christmas 2024 (4 piezas);;https://www.distribuidordeherramientas.es/producto/;publish;0;visible;Bricolaje;Herramientas para el hogar;Herramientas manuales de uso doméstico;40047;Destornillador;;;product_brand;48619;WERA;;TODOTALADROS;11028;16400;Accesorios para herramientas;22.56;Juego de destornilladores;herramienta;Instalación eléctrica;;;Instalación eléctrica;"[{""ambito"":""herramienta"",""tipo"":""numero_piezas"",""valor"":""4""},{""ambito"":""herramienta"",""tipo"":""producto"",""valor"":""Juego Kraftform Kompakt VDE Christmas 2024 (4 piezas)""}]";herramienta:numero_piezas=4 | herramienta:producto=Juego Kraftform Kompakt VDE Christmas 2024 (4 piezas);[];;"Juego Kraftform Kompakt VDE Christmas 2024
- Un porta-puntas manual de aislamiento VDE Kraftform 817 VDE con sistema antirrodamiento
- Varillas VDE intercambiables (de 157 mm) con la función práctica de poder realizar movimientos giratorios rápidos, sistema antirrodamiento y sistema de búsqueda de herramientas Take it easy: con marcas a color según el perfil e indicaciones del tamaño grabadas con láser
- Abrebotellas de Wera con el mango original tipo Kraftform
- En una caja de estilo navideño sin avisos de publicidad - también ideal como regalo de navidad
Contenido
- 1x 9x98 mm
- 1x 0.6x3.5x157 mm
- 1x PH 2x157 mm
- 1x 145

ESPECIFICACIONES
Referencia
05135816001
En stock
14 Artículos";32.71;27.07;27.07;EUR;taxable;;1;14;instock;no;0;;;;;0;0;0;;;;;;0;;2026-08-18 20:54:51;2026-08-20 16:10:35
2.1;136810;05135818001;simple;Bit-Check 30 Christmas 2024, 30 piezas;;https://www.distribuidordeherramientas.es/producto/;publish;0;visible;Bricolaje;Herramientas para el hogar;Herramientas manuales de uso doméstico;40047;Destornillador;;;product_brand;48619;WERA;;TODOTALADROS;11032;16401;Accesorios para herramientas;16.92;Juego de puntas de atornillado;consumible;Perforación y fijación;;;Perforación y fijación;"[{""ambito"":""consumible"",""tipo"":""numero_piezas"",""valor"":""30""},{""ambito"":""consumible"",""tipo"":""producto"",""valor"":""Bit-Check 30 Christmas 2024""}]";consumible:numero_piezas=30 | consumible:producto=Bit-Check 30 Christmas 2024;[];;"Bit-Check 30 Christmas 2024, 30 piezas
- Los Bit-Check de Wera son extremadamente compactos y suponen así unos acompañantes ideales, ante todo en el caso de las aplicaciones móviles
- Las cajas Bit-Check también se pueden depositar levantadas, y convencen por su gran funcionalidad a pesar del mínimo espacio que ocupan
- Incluye un mosquetón para la fijación de la correa en la trabilla del cinturón o en un bolso
- 29 puntas duras y resistentes para tornillos de tipo Phillips, Pozidriv y TORX®, para el uso universal
- Porta-puntas universal con sistema de cambio rápido y fuerte imán permanente
Contenido
- 2x PZ 3x25 mm
- 4x PZ 2x25 mm
- 2x PZ 1x25 mm
- 2x PH 3x25 mm
- 4x PH 2x25 mm
- 2x PH 1x25 mm
- 1x TX 40x25 mm
- 2x TX 30x25 mm
- 3x TX 25x25 mm
- 3x TX 20x25 mm
- 2x TX 15x25 mm
- 2x TX 10x25 mm
- 1x 1/4""x52 mm

ESPECIFICACIONES
Referencia
05135818001
En stock
29 Artículos";24.53;20.3;20.3;EUR;taxable;;1;29;instock;no;0;;;;;0;0;0;;;;;;0;;2026-08-18 20:54:51;2026-08-20 16:10:35
2.1;136813;05006608001;simple;Juego de 16 piezas WERA Kraftform Kompakt VDE 16;;https://www.distribuidordeherramientas.es/producto/;publish;0;visible;Bricolaje;Herramientas para el hogar;Herramientas manuales de uso doméstico;40047;Destornillador;;;product_brand;48619;WERA;;TODOTALADROS;11059;16404;Accesorios para herramientas;60.16;Juego de destornilladores;herramienta;Instalación eléctrica;;;Instalación eléctrica;"[{""ambito"":""herramienta"",""tipo"":""numero_piezas"",""valor"":""16""},{""ambito"":""herramienta"",""tipo"":""producto"",""valor"":""Juego de 16 piezas WERA Kraftform Kompakt VDE 16""}]";herramienta:numero_piezas=16 | herramienta:producto=Juego de 16 piezas WERA Kraftform Kompakt VDE 16;[];;"Wera Kraftform Kompakt VDE 16 extra slim 1 Tool Finder (16 piezas)
- Porta-puntas manual aislado VDE Kraftform 817 VDE con sistema antirrodamiento
- Varillas intercambiables VDE de 157 mm
- Diámetro de varilla reducido con aislamiento de protección integrado para tornillos situados a profundidad
- Varillas intercambiables con sistema de búsqueda de herramientas Take it easy, con marcas a color según el perfil e indicaciones del tamaño grabadas con láser
- Herramientas probadas individualmente según IEC 60900 a 10.000 voltios
- Apto para trabajos bajo tensión permitida de hasta 1.000 V
- En bolso plegable robusto, adecuado para el sistema Wera 2go
- El bolso textil puede fijarse al cinturón, a la pared, estantería o carro de herramientas
Contenido
- 817 VDE Mango porta-puntas Kraftform: 1x 9 × 98 mm
- Kraftform Kompakt VDE 62 iS Take it easy: 1x PH 1 × 157 mm
- Kraftform Kompakt VDE 62 iS Take it easy: 1x PH 2 × 157 mm
- Kraftform Kompakt VDE 65 iS Take it easy: 1x PZ 1 × 157 mm
- Kraftform Kompakt VDE 65 iS Take it easy: 1x PZ 2 × 157 mm
- Kraftform Kompakt VDE 65 iS PZ/S Take it easy: 1x #1 × 157 mm
- Kraftform Kompakt VDE 65 iS PZ/S Take it easy: 1x #2 × 157 mm
- Kraftform Kompakt VDE 67 i TORX® Take it easy: 1x TX 10 × 157 mm
- Kraftform Kompakt VDE 67 iS TORX® Take it easy: 1x TX 15 × 157 mm
- Kraftform Kompakt VDE 67 iS TORX® Take it easy: 1x TX 20 × 157 mm
- Kraftform Kompakt VDE 67 iS TORX® Take it easy: 1x TX 25 × 157 mm
- Kraftform Kompakt VDE 60 i Take it easy: 1x 0,4 × 2,5 × 157 mm
- Kraftform Kompakt VDE 60 iS Take it easy: 1x 0,6 × 3,5 × 157 mm
- Kraftform Kompakt VDE 60 iS Take it easy: 1x 0,8 × 4 × 157 mm
- Kraftform Kompakt VDE 60 iS Take it easy: 1x 1,0 × 5,5 × 157 mm
- 247 Probador monopolar de fases: 1x 0,5 × 3 × 70 mm
- Cinta autoadhesiva 70: 1x 70 × 50 mm

ESPECIFICACIONES
Referencia
05006608001
En stock
19 Artículos";87.23;72.19;72.19;EUR;taxable;;1;19;instock;no;0;;;;;0;0;0;;;;;;0;;2026-08-18 20:54:53;2026-08-20 16:10:35
2.1;136816;05134029001;simple;Set de 8 destornilladores Ball-Grip WERA 9528;;https://www.distribuidordeherramientas.es/producto/;publish;0;visible;Bricolaje;Herramientas para el hogar;Herramientas manuales de uso doméstico;40047;Destornillador;;;product_brand;48619;WERA;;TODOTALADROS;11184;16407;Accesorios para herramientas;18.8;Destornillador;herramienta;Perforación y fijación;;;Perforación y fijación;"[{""ambito"":""herramienta"",""tipo"":""producto"",""valor"":""Destornillador""}]";herramienta:producto=Destornillador;[];;"Set de 8 destornilladores Ball-Grip WERA 9528
- El mango es tipo Kraftform Plus para un trabajo agradable y ergonómico sin que se produzcan ampollas o callosidades
- Las zonas duras de agarre permiten una gran velocidad de trabajo mientras que las zonas blandas de agarre garantizan la transmisión de altos pares de giro
- Punta Lasertip: la punta se aferra fuertemente a la cabeza del tornillo y evita así que el útil involuntariamente se desprenda del tornillo por deslizamiento
- Con sistema de búsqueda de herramienta ""Take it easy"": marcas de color según el perfil y sellos con el tamaño
- El sistema de protección contra el rodamiento evita las molestias que conlleva el perder la herramienta que se rueda en el puesto de trabajo
Contenido
- 1 x 1,2 x 6,5 x 150 mm
- 1 x 0,5 x 3 x 80 mm
- 1 x 4,5-6 x 41 mm
- 1 x PZ 2 x 100 mm
- 1 x PZ 1 x 80 mm
- 1 x PZ 2 x 25 mm
- 1 x TX 20 x 100 mm
- 1 x TX 25 x 100 mm

ESPECIFICACIONES
Referencia
05134029001
En stock
30 Artículos";27.26;22.56;22.56;EUR;taxable;;1;30;instock;no;0;;;;;0;0;0;;;;;;0;;2026-08-18 20:54:54;2026-08-20 16:10:35
2.1;136817;05222801001;simple;Set de puntas para atornillar WERA 05222801001 Edición Especial (19 piezas);;https://www.distribuidordeherramientas.es/producto/;publish;0;visible;Bricolaje;Herramientas para el hogar;Herramientas manuales de uso doméstico;40047;Destornillador;;;product_brand;48619;WERA;;TODOTALADROS;11185;16408;Accesorios para herramientas;29.14;Juego de puntas de atornillado;consumible;Perforación y fijación;;;Perforación y fijación;"[{""ambito"":""consumible"",""tipo"":""numero_piezas"",""valor"":""19""},{""ambito"":""consumible"",""tipo"":""producto"",""valor"":""Set de puntas para atornillar WERA 05222801001 Edición Especial""}]";consumible:numero_piezas=19 | consumible:producto=Set de puntas para atornillar WERA 05222801001 Edición Especial;[];;"Set de puntas para atornillar WERA 05222801001 Edición Especial
- Herramientas de precisión en un estuche compacto: El set incluye una gama de bits largos y herramientas esenciales en un formato ligero y fácil de transportar
- Carraca para bits Zyklop Mini: Una llave de carraca extremadamente compacta que permite trabajar eficazmente en espacios muy estrechos
- Caja textil robusta: Proporciona protección y organización para las herramientas, asegurando durabilidad y facilidad de uso en cualquier lugar
- Versatilidad: Herramientas diseñadas para un amplio rango de aplicaciones, desde ajustes precisos hasta tareas mecánicas más generales
- Eficiencia en espacios reducidos: La carraca para bits Zyklop Mini facilita el trabajo en áreas estrechas, ofreciendo máximo control y comodidad
Contenido
- Equipamiento
- 1x 813 Porta-puntas (05051274001)
- 1x 8001 A carraca de puntas Zyklop Mini (05073230001)
- Puntas largas HEX-PLUS (50 mm)
- 2,0 mm (05059603001)
- 2,5 mm (05059604001)
- 3,0 mm (05059605001)
- 4,0 mm (05059610001)
- 5,0 mm (05059615001)
- 6,0 mm (89 mm de longitud, 05059633001)
- Puntas Phillips PH (50 mm)
- PH 1 (05059805001)
- PH 2 (05059810001)
- PH 3 (05059815001)
- Puntas TX (50 mm)
- TX 8 (05060131001)
- TX 10 (05060132001)
- TX 15 (05060133001)
- TX 20 (05060134001)
- TX 25 (05060135001)
- TX 30 (05060137001)

ESPECIFICACIONES
Referencia
05222801001
En stock
28 Artículos";42.25;34.97;34.97;EUR;taxable;;1;28;instock;no;0;;;;;0;0;0;;;;;;0;;2026-08-18 20:54:54;2026-08-20 16:10:35
2.1;136920;4932493618;simple;"Alicates de presión TORQUE LOCK™ mandíbula curva 4"" Milwaukee";;https://www.distribuidordeherramientas.es/producto/;publish;0;visible;Bricolaje;Herramientas para el hogar;Herramientas manuales de uso doméstico;40229;Alicates;;;product_brand;48627;MILWAUKEE;;TODOTALADROS;11693;16511;Accesorios para herramientas;19;Alicates;herramienta;Fijación y sujeción técnica;;;Fijación y sujeción técnica;"[{""ambito"":""herramienta"",""tipo"":""producto"",""valor"":""Alicates""}]";herramienta:producto=Alicates;[];;"Alicates de presión TORQUE LOCK™ mandíbula curva Milwaukee
- TORQUE LOCK™: sistema rápido de ajuste de la presión y la liberación cuando fijamos materiales planos o tubos. Permite aplicar una presión extra con el TORQUE LOCK™ para una mejor y más segura sujeción
- Mandíbulas endurecidas: mayor fuerza de sujeción en los trabajos diarios
- Protección antióxido: cromado plateado para incrementar la durabilidad y protegerla contra la corrosión
- Sistema de liberación rápida: liberación fácil y rápida con una sola mano y sin pellizcos
- La gama MAX BITE™ se ha desarrollado con un diseño especial de la mandíbula, para un máximo agarre

ESPECIFICACIONES
Referencia
4932493618
En stock
3 Artículos";27.55;22.8;22.8;EUR;taxable;;1;3;instock;no;0;;;;;0;0;0;;;;;;0;;2026-08-18 20:55:40;2026-08-20 16:10:39
2.1;136921;4932492496;simple;Juego de 9 alicates para circlip Milwaukee;;https://www.distribuidordeherramientas.es/producto/;publish;0;visible;Bricolaje;Herramientas para el hogar;Herramientas manuales de uso doméstico;40229;Alicates;;;product_brand;48627;MILWAUKEE;;TODOTALADROS;11698;16512;Accesorios para herramientas;218;Alicates;herramienta;Fijación y sujeción técnica;;;Fijación y sujeción técnica;"[{""ambito"":""herramienta"",""tipo"":""producto"",""valor"":""Alicates""}]";herramienta:producto=Alicates;[];;"Juego de 9 alicates para circlip Milwaukee
- Cambio rápido de apertura a cierre
- Dial de cambio totalmente metálico para resistir el desgaste y evitar la pérdida de integridad
- Empuñaduras antideslizantes con doble cobertura

ESPECIFICACIONES
Referencia
4932492496
En stock
1 Artículo";316.1;261.6;261.6;EUR;taxable;;1;1;instock;no;0;;;;;0;0;0;;;;;;0;;2026-08-18 20:55:40;2026-08-20 16:10:39
2.1;136922;4932464575;simple;Juego de 3 alicates VDE Milwaukee;;https://www.distribuidordeherramientas.es/producto/;publish;0;visible;Bricolaje;Herramientas para el hogar;Herramientas manuales de uso doméstico;40229;Alicates;;;product_brand;48627;MILWAUKEE;;TODOTALADROS;11699;16513;Accesorios para herramientas;115;Alicates;herramienta;Corte y pelado de cables;;;Corte y pelado de cables;"[{""ambito"":""herramienta"",""tipo"":""producto"",""valor"":""Alicates""}]";herramienta:producto=Alicates;[];;"Juego de 3 alicates VDE Milwaukee
- Herramientas con certificación VDE (DIN EN/IEC 60900). Testadas a 10.000V y garantizadas a 1.000V. Testadas a -40°
- Alicates forjados, endurecidos y templados para una máxima durabilidad. Acabado en color titanio gris, para una resistencia máxima a la corrosión y evitar los molestos reflejos
- Filos endurecidos por inducción para cortar aún los metales más duros
- Uniones precisas para una óptima transmisión de la fuerza y un mayor efecto palanca
- Aislamiento de 3 componentes en la empuñadura y acabado engomado para una mayor comodidad

ESPECIFICACIONES
Referencia
4932464575
En stock
2 Artículos";166.75;138;138;EUR;taxable;;1;2;instock;no;0;;;;;0;0;0;;;;;;0;;2026-08-18 20:55:41;2026-08-20 16:10:39
2.1;136923;4932464574;simple;Alicate VDE de cremallera de 240mm Milwaukee;;https://www.distribuidordeherramientas.es/producto/;publish;0;visible;Bricolaje;Herramientas para el hogar;Herramientas manuales de uso doméstico;40229;Alicates;;;product_brand;48627;MILWAUKEE;;TODOTALADROS;11700;16514;Accesorios para herramientas;46;Alicates;herramienta;Corte y pelado de cables;;;Corte y pelado de cables;"[{""ambito"":""herramienta"",""tipo"":""producto"",""valor"":""Alicate VDE de cremallera""}]";herramienta:producto=Alicate VDE de cremallera;[];;"Alicate VDE de cremallera de 240mm Milwaukee
- Herramientas con certificación VDE (DIN EN/IEC 60900). Testadas a 10.000V y garantizadas a 1.000V. Testadas a -40°
- Alicates forjados, endurecidos y templados para una máxima durabilidad. Acabado en color titanio gris, para una resistencia máxima a la corrosión y evitar los molestos reflejos
- Filos endurecidos por inducción para cortar aún los metales más duros
- Uniones precisas para una óptima transmisión de la fuerza y un mayor efecto palanca
- Aislamiento de 3 componentes en la empuñadura y acabado engomado para una mayor comodidad

ESPECIFICACIONES
Referencia
4932464574
En stock
2 Artículos";66.7;55.2;55.2;EUR;taxable;;1;2;instock;no;0;;;;;0;0;0;;;;;;0;;2026-08-18 20:55:41;2026-08-20 16:10:39
2.1;136924;4932464573;simple;Alicate VDE pelacables 160mm Milwaukee;;https://www.distribuidordeherramientas.es/producto/;publish;0;visible;Bricolaje;Herramientas para el hogar;Herramientas manuales de uso doméstico;40229;Alicates;;;product_brand;48627;MILWAUKEE;;TODOTALADROS;11701;16515;Accesorios para herramientas;39;Alicates;herramienta;Corte y pelado de cables;;;Corte y pelado de cables;"[{""ambito"":""herramienta"",""tipo"":""producto"",""valor"":""Alicate VDE pelacables""}]";herramienta:producto=Alicate VDE pelacables;[];;"Alicate VDE pelacables 160mm Milwaukee
- Herramientas con certificación VDE (DIN EN/IEC 60900). Testadas a 10.000V y garantizadas a 1.000V. Testadas a -40º
- Alicates forjados, endurecidos y templados para una máxima durabilidad. Acabado en color titanio gris, para una resistencia máxima a la corrosión y evitar los molestos reflejos
- Filos endurecidos por inducción para cortar aún los metales más duros
- Uniones precisas para una óptima transmisión de la fuerza y un mayor efecto palanca
- Aislamiento de 3 componentes en la empuñadura y acabado engomado para una mayor comodidad

ESPECIFICACIONES
Referencia
4932464573
En stock
1 Artículo";56.55;46.8;46.8;EUR;taxable;;1;1;instock;no;0;;;;;0;0;0;;;;;;0;;2026-08-18 20:55:42;2026-08-20 16:10:39
2.1;136925;4932464572;simple;Alicate universal VDE 180mm Milwaukee;;https://www.distribuidordeherramientas.es/producto/;publish;0;visible;Bricolaje;Herramientas para el hogar;Herramientas manuales de uso doméstico;40229;Alicates;;;product_brand;48627;MILWAUKEE;;TODOTALADROS;11702;16516;Accesorios para herramientas;37;Alicates;herramienta;Corte y pelado de cables;;;Corte y pelado de cables;"[{""ambito"":""herramienta"",""tipo"":""producto"",""valor"":""Alicate universal VDE""}]";herramienta:producto=Alicate universal VDE;[];;"Alicate universal VDE 180mm Milwaukee
- Herramientas con certificación VDE (DIN EN/IEC 60900). Testadas a 10.000V y garantizadas a 1.000V. Testadas a -40º
- Alicates forjados, endurecidos y templados para una máxima durabilidad. Acabado en color titanio gris, para una resistencia máxima a la corrosión y evitar los molestos reflejos
- Filos endurecidos por inducción para cortar aún los metales más duros
- Uniones precisas para una óptima transmisión de la fuerza y un mayor efecto palanca
- Aislamiento de 3 componentes en la empuñadura y acabado engomado para una mayor comodidad

ESPECIFICACIONES
Referencia
4932464572
En stock
5 Artículos";53.65;44.4;44.4;EUR;taxable;;1;5;instock;no;0;;;;;0;0;0;;;;;;0;;2026-08-18 20:55:42;2026-08-20 16:10:39
2.1;136926;4932464571;simple;Alicate universal VDE 165mm Milwaukee;;https://www.distribuidordeherramientas.es/producto/;publish;0;visible;Bricolaje;Herramientas para el hogar;Herramientas manuales de uso doméstico;40229;Alicates;;;product_brand;48627;MILWAUKEE;;TODOTALADROS;11703;16517;Accesorios para herramientas;31.45;Alicates;herramienta;Corte y pelado de cables;;;Corte y pelado de cables;"[{""ambito"":""herramienta"",""tipo"":""producto"",""valor"":""Alicate universal VDE""}]";herramienta:producto=Alicate universal VDE;[];;"Alicate universal VDE 165mm Milwaukee
- Herramientas con certificación VDE (DIN EN/IEC 60900). Testadas a 10.000V y garantizadas a 1.000V. Testadas a -40º
- Alicates forjados, endurecidos y templados para una máxima durabilidad. Acabado en color titanio gris, para una resistencia máxima a la corrosión y evitar los molestos reflejos
- Filos endurecidos por inducción para cortar aún los metales más duros
- Uniones precisas para una óptima transmisión de la fuerza y un mayor efecto palanca
- Aislamiento de 3 componentes en la empuñadura y acabado engomado para una mayor comodidad

ESPECIFICACIONES
Referencia
4932464571
En stock
5 Artículos";45.6;37.74;37.74;EUR;taxable;;1;5;instock;no;0;;;;;0;0;0;;;;;;0;;2026-08-18 20:55:42;2026-08-20 16:10:39
2.1;136927;4932464570;simple;Alicate corte diagonal 200 mm VDE HD Milwaukee;;https://www.distribuidordeherramientas.es/producto/;publish;0;visible;Bricolaje;Herramientas para el hogar;Herramientas manuales de uso doméstico;40229;Alicates;;;product_brand;48627;MILWAUKEE;;TODOTALADROS;11704;16518;Accesorios para herramientas;47;Alicates;herramienta;Corte y pelado de cables;;;Corte y pelado de cables;"[{""ambito"":""herramienta"",""tipo"":""producto"",""valor"":""Alicate corte diagonal""}]";herramienta:producto=Alicate corte diagonal;[];;"Alicate corte diagonal 200 mm VDE HD Milwaukee
- Herramientas con certificación VDE (DIN EN/IEC 60900). Testadas a 10.000V y garantizadas a 1.000V. Testadas a -40º
- Alicates forjados, endurecidos y templados para una máxima durabilidad. Acabado en color titanio gris, para una resistencia máxima a la corrosión y evitar los molestos reflejos
- Filos endurecidos por inducción para cortar aún los metales más duros
- Uniones precisas para una óptima transmisión de la fuerza y un mayor efecto palanca
- Aislamiento de 3 componentes en la empuñadura y acabado engomado para una mayor comodidad

ESPECIFICACIONES
Referencia
4932464570
En stock
5 Artículos";68.15;56.4;56.4;EUR;taxable;;1;5;instock;no;0;;;;;0;0;0;;;;;;0;;2026-08-18 20:55:43;2026-08-20 16:10:39
2.1;136928;4932464569;simple;Alicate corte diagonal 180 mm VDE HD Milwaukee;;https://www.distribuidordeherramientas.es/producto/;publish;0;visible;Bricolaje;Herramientas para el hogar;Herramientas manuales de uso doméstico;40229;Alicates;;;product_brand;48627;MILWAUKEE;;TODOTALADROS;11705;16519;Accesorios para herramientas;43;Alicates;herramienta;Corte y pelado de cables;;;Corte y pelado de cables;"[{""ambito"":""herramienta"",""tipo"":""producto"",""valor"":""Alicate corte diagonal""}]";herramienta:producto=Alicate corte diagonal;[];;"Alicate corte diagonal 180 mm VDE HD Milwaukee
- Herramientas con certificación VDE (DIN EN/IEC 60900). Testadas a 10.000V y garantizadas a 1.000V. Testadas a -40º
- Alicates forjados, endurecidos y templados para una máxima durabilidad. Acabado en color titanio gris, para una resistencia máxima a la corrosión y evitar los molestos reflejos
- Filos endurecidos por inducción para cortar aún los metales más duros
- Uniones precisas para una óptima transmisión de la fuerza y un mayor efecto palanca
- Aislamiento de 3 componentes en la empuñadura y acabado engomado para una mayor comodidad

ESPECIFICACIONES
Referencia
4932464569
En stock
1 Artículo";62.35;51.6;51.6;EUR;taxable;;1;1;instock;no;0;;;;;0;0;0;;;;;;0;;2026-08-18 20:55:43;2026-08-20 16:10:39
2.1;136929;4932464568;simple;Alicate de corte diagonal VDE 180mm Milwaukee;;https://www.distribuidordeherramientas.es/producto/;publish;0;visible;Bricolaje;Herramientas para el hogar;Herramientas manuales de uso doméstico;40229;Alicates;;;product_brand;48627;MILWAUKEE;;TODOTALADROS;11706;16520;Accesorios para herramientas;39;Alicates;herramienta;Corte y pelado de cables;;;Corte y pelado de cables;"[{""ambito"":""herramienta"",""tipo"":""producto"",""valor"":""Alicate de corte diagonal VDE""}]";herramienta:producto=Alicate de corte diagonal VDE;[];;"Alicate de corte diagonal VDE 180mm Milwaukee
- Herramientas con certificación VDE (DIN EN/IEC 60900). Testadas a 10.000V y garantizadas a 1.000V. Testadas a -40º
- Alicates forjados, endurecidos y templados para una máxima durabilidad. Acabado en color titanio gris, para una resistencia máxima a la corrosión y evitar los molestos reflejos
- Filos endurecidos por inducción para cortar aún los metales más duros
- Uniones precisas para una óptima transmisión de la fuerza y un mayor efecto palanca
- Aislamiento de 3 componentes en la empuñadura y acabado engomado para una mayor comodidad

ESPECIFICACIONES
Referencia
4932464568
En stock
2 Artículos";56.55;46.8;46.8;EUR;taxable;;1;2;instock;no;0;;;;;0;0;0;;;;;;0;;2026-08-18 20:55:44;2026-08-20 16:10:39
2.1;136930;4932464567;simple;Alicate de corte diagonal VDE 160 mm Milwaukee;;https://www.distribuidordeherramientas.es/producto/;publish;0;visible;Bricolaje;Herramientas para el hogar;Herramientas manuales de uso doméstico;40229;Alicates;;;product_brand;48627;MILWAUKEE;;TODOTALADROS;11707;16521;Accesorios para herramientas;37;Alicates;herramienta;Corte y pelado de cables;;;Corte y pelado de cables;"[{""ambito"":""herramienta"",""tipo"":""producto"",""valor"":""Alicate de corte diagonal VDE""}]";herramienta:producto=Alicate de corte diagonal VDE;[];;"Alicate de corte diagonal VDE 160 mm Milwaukee
- Herramientas con certificación VDE (DIN EN/IEC 60900). Testadas a 10.000V y garantizadas a 1.000V. Testadas a -40°
- Alicates forjados, endurecidos y templados para una máxima durabilidad. Acabado en color titanio gris, para una resistencia máxima a la corrosión y evitar los molestos reflejos
- Filos endurecidos por inducción para cortar aún los metales más duros
- Uniones precisas para una óptima transmisión de la fuerza y un mayor efecto palanca
- Aislamiento de 3 componentes en la empuñadura y acabado engomado para una mayor comodidad

ESPECIFICACIONES
Referencia
4932464567
En stock
1 Artículo";53.65;44.4;44.4;EUR;taxable;;1;1;instock;no;0;;;;;0;0;0;;;;;;0;;2026-08-18 20:55:44;2026-08-20 16:10:39
2.1;136931;4932464566;simple;Alicate de corte diagonal VDE 145mm Milwaukee;;https://www.distribuidordeherramientas.es/producto/;publish;0;visible;Bricolaje;Herramientas para el hogar;Herramientas manuales de uso doméstico;40229;Alicates;;;product_brand;48627;MILWAUKEE;;TODOTALADROS;11708;16522;Accesorios para herramientas;35;Alicates;herramienta;Corte y pelado de cables;;;Corte y pelado de cables;"[{""ambito"":""herramienta"",""tipo"":""producto"",""valor"":""Alicate de corte diagonal VDE""}]";herramienta:producto=Alicate de corte diagonal VDE;[];;"Alicate de corte diagonal VDE 145mm Milwaukee
- Herramientas con certificación VDE (DIN EN/IEC 60900). Testadas a 10.000V y garantizadas a 1.000V. Testadas a -40º
- Alicates forjados, endurecidos y templados para una máxima durabilidad. Acabado en color titanio gris, para una resistencia máxima a la corrosión y evitar los molestos reflejos
- Filos endurecidos por inducción para cortar aún los metales más duros
- Uniones precisas para una óptima transmisión de la fuerza y un mayor efecto palanca
- Aislamiento de 3 componentes en la empuñadura y acabado engomado para una mayor comodidad

ESPECIFICACIONES
Referencia
4932464566
En stock
2 Artículos";50.75;42;42;EUR;taxable;;1;2;instock;no;0;;;;;0;0;0;;;;;;0;;2026-08-18 20:55:44;2026-08-20 16:10:39
2.1;136932;4932464565;simple;Alicate de boca larga y redonda a 45º de 205mm VDE Milwaukee;;https://www.distribuidordeherramientas.es/producto/;publish;0;visible;Bricolaje;Herramientas para el hogar;Herramientas manuales de uso doméstico;40229;Alicates;;;product_brand;48627;MILWAUKEE;;TODOTALADROS;11709;16523;Accesorios para herramientas;43;Alicates;herramienta;Corte y pelado de cables;;;Corte y pelado de cables;"[{""ambito"":""herramienta"",""tipo"":""producto"",""valor"":""Alicate de boca larga y redonda a 45º""}]";herramienta:producto=Alicate de boca larga y redonda a 45º;[];;"Alicate de boca larga y redonda a 45º de 205mm VDE Milwaukee
- Herramientas con certificación VDE (DIN EN/IEC 60900). Testadas a 10.000V y garantizadas a 1.000V. Testadas a -40°
- Alicates forjados, endurecidos y templados para una máxima durabilidad. Acabado en color titanio gris, para una resistencia máxima a la corrosión y evitar los molestos reflejos
- Filos endurecidos por inducción para cortar aún los metales más duros
- Uniones precisas para una óptima transmisión de la fuerza y un mayor efecto palanca
- Aislamiento de 3 componentes en la empuñadura y acabado engomado para una mayor comodidad

ESPECIFICACIONES
Referencia
4932464565
En stock
2 Artículos";62.35;51.6;51.6;EUR;taxable;;1;2;instock;no;0;;;;;0;0;0;;;;;;0;;2026-08-18 20:55:45;2026-08-20 16:10:39
2.1;136933;4932464564;simple;Alicate de boca larga y redonda de 205mm VDE Milwaukee;;https://www.distribuidordeherramientas.es/producto/;publish;0;visible;Bricolaje;Herramientas para el hogar;Herramientas manuales de uso doméstico;40229;Alicates;;;product_brand;48627;MILWAUKEE;;TODOTALADROS;11710;16524;Accesorios para herramientas;41;Alicates;herramienta;Corte y pelado de cables;;;Corte y pelado de cables;"[{""ambito"":""herramienta"",""tipo"":""producto"",""valor"":""Alicate de boca larga y redonda""}]";herramienta:producto=Alicate de boca larga y redonda;[];;"Alicate de boca larga y redonda de 205mm VDE Milwaukee
- Herramientas con certificación VDE (DIN EN/IEC 60900). Testadas a 10.000V y garantizadas a 1.000V. Testadas a -40°
- Alicates forjados, endurecidos y templados para una máxima durabilidad. Acabado en color titanio gris, para una resistencia máxima a la corrosión y evitar los molestos reflejos
- Filos endurecidos por inducción para cortar aún los metales más duros
- Uniones precisas para una óptima transmisión de la fuerza y un mayor efecto palanca
- Aislamiento de 3 componentes en la empuñadura y acabado engomado para una mayor comodidad

ESPECIFICACIONES
Referencia
4932464564
En stock
2 Artículos";59.45;49.2;49.2;EUR;taxable;;1;2;instock;no;0;;;;;0;0;0;;;;;;0;;2026-08-18 20:55:45;2026-08-20 16:10:39
2.1;136934;4932464563;simple;Alicate cortacables 210 mm VDE Milwaukee;;https://www.distribuidordeherramientas.es/producto/;publish;0;visible;Bricolaje;Herramientas para el hogar;Herramientas manuales de uso doméstico;40229;Alicates;;;product_brand;48627;MILWAUKEE;;TODOTALADROS;11711;16525;Accesorios para herramientas;71;Alicates;herramienta;Corte y pelado de cables;;;Corte y pelado de cables;"[{""ambito"":""herramienta"",""tipo"":""producto"",""valor"":""Alicate cortacables""}]";herramienta:producto=Alicate cortacables;[];;"EAN: 5035048708057
Garantía oficial: 1 año para las herramientas y baterías. Para más información consulte nuestra pagina Garantía

ESPECIFICACIONES
Referencia
4932464563
En stock
1 Artículo";102.95;85.2;85.2;EUR;taxable;;1;1;instock;no;0;;;;;0;0;0;;;;;;0;;2026-08-18 20:55:46;2026-08-20 16:10:39
2.1;136935;4932464562;simple;Alicate cortacables 160 mm VDE Milwaukee;;https://www.distribuidordeherramientas.es/producto/;publish;0;visible;Bricolaje;Herramientas para el hogar;Herramientas manuales de uso doméstico;40229;Alicates;;;product_brand;48627;MILWAUKEE;;TODOTALADROS;11712;16526;Accesorios para herramientas;44.2;Alicates;herramienta;Corte y pelado de cables;;;Corte y pelado de cables;"[{""ambito"":""herramienta"",""tipo"":""producto"",""valor"":""Alicate cortacables""}]";herramienta:producto=Alicate cortacables;[];;"Alicate cortacables 160 mm VDE Milwaukee
- Herramientas con certificación VDE (DIN EN/IEC 60900). Testadas a 10.000V y garantizadas a 1.000V. Testadas a -40°
- Alicates forjados, endurecidos y templados para una máxima durabilidad. Acabado en color titanio gris, para una resistencia máxima a la corrosión y evitar los molestos reflejos
- Filos endurecidos por inducción para cortar aún los metales más duros
- Uniones precisas para una óptima transmisión de la fuerza y un mayor efecto palanca
- Aislamiento de 3 componentes en la empuñadura y acabado engomado para una mayor comodidad

ESPECIFICACIONES
Referencia
4932464562
En stock
4 Artículos";64.09;53.04;53.04;EUR;taxable;;1;4;instock;no;0;;;;;0;0;0;;;;;;0;;2026-08-18 20:55:46;2026-08-20 16:10:39
2.1;136936;4932499025;simple;Alicates con carraca para terminales aislados Milwaukee;;https://www.distribuidordeherramientas.es/producto/;publish;0;visible;Bricolaje;Herramientas para el hogar;Herramientas manuales de uso doméstico;40229;Alicates;;;product_brand;48627;MILWAUKEE;;TODOTALADROS;11713;16527;Accesorios para herramientas;57;Alicates;herramienta;Corte y pelado de cables;;;Corte y pelado de cables;"[{""ambito"":""herramienta"",""tipo"":""producto"",""valor"":""Alicates""}]";herramienta:producto=Alicates;[];;"Alicates con carraca para terminales aislados Milwaukee
- 3 orificios de crimpado para crimpar conectores de varios tamaños con una sola herramienta. Rojo (0,3 - 1mm²), azul (1,5 - 2,5mm²) y amarillo (4 - 6mm²)
- La función de carraca doble acción proporciona un crimpado completo que garantiza conexiones seguras
- Las marcas de colores de alto contraste proporcionan una mejor visibilidad
- Palanca de liberación rápida para una mayor productividad
- Mango ergonómico diseñado con agarre cómodo y antideslizante

ESPECIFICACIONES
Referencia
4932499025
En stock
4 Artículos";82.65;68.4;68.4;EUR;taxable;;1;4;instock;no;0;;;;;0;0;0;;;;;;0;;2026-08-18 20:55:46;2026-08-20 16:10:39
2.1;136937;4932493816;simple;Alicate electricista multifunción Milwaukee;;https://www.distribuidordeherramientas.es/producto/;publish;0;visible;Bricolaje;Herramientas para el hogar;Herramientas manuales de uso doméstico;40229;Alicates;;;product_brand;48627;MILWAUKEE;;TODOTALADROS;11714;16528;Accesorios para herramientas;27;Alicates;herramienta;Corte y pelado de cables;;;Corte y pelado de cables;"[{""ambito"":""herramienta"",""tipo"":""producto"",""valor"":""Alicate electricista multifunción Milwaukee""},{""ambito"":""herramienta"",""tipo"":""tecnologia_accionamiento"",""valor"":""eléctrico""}]";herramienta:producto=Alicate electricista multifunción Milwaukee | herramienta:tecnologia_accionamiento=eléctrico;[];;"Alicate electricista multifunción Milwaukee
- Capacidad de pelado de cables de 6 diámetros: 0,75mm², 1mm², 1,5mm², 2,5mm², 4mm² a 6mm²
- Los filos endurecidos por láser por las dos caras proporcionan al alicate el mejor corte de su clase
- Corta pasadores roscados: M2,5, M3, M3,5, M4 y M5
- Capacidad para crimpar terminales aislados y no aislados
- Los orificios de corte y pelado están situados justo delante del eje de apertura para adaptarse fácilmente a espacios reducidos
- Mango ergonómico y diseño con muelle para un uso rápido con una sola mano
- La protección contra el óxido aumenta la vida útil de la herramienta al reducir la corrosión

ESPECIFICACIONES
Referencia
4932493816
En stock
5 Artículos";39.15;32.4;32.4;EUR;taxable;;1;5;instock;no;0;;;;;0;0;0;;;;;;0;;2026-08-18 20:55:47;2026-08-20 16:10:40
2.1;136938;4932478554;simple;Alicate 7 en 1 pelacables Milwaukee;;https://www.distribuidordeherramientas.es/producto/;publish;0;visible;Bricolaje;Herramientas para el hogar;Herramientas manuales de uso doméstico;40229;Alicates;;;product_brand;48627;MILWAUKEE;;TODOTALADROS;11715;16529;Accesorios para herramientas;24.65;Alicates;herramienta;Corte y pelado de cables;;;Corte y pelado de cables;"[{""ambito"":""herramienta"",""tipo"":""configuracion"",""valor"":""7 en 1""},{""ambito"":""herramienta"",""tipo"":""producto"",""valor"":""Alicate 7 en 1 pelacables Milwaukee""}]";herramienta:configuracion=7 en 1 | herramienta:producto=Alicate 7 en 1 pelacables Milwaukee;[];;"Alicate 7 en 1 pelacables Milwaukee
- Pelacables: tamaños de 0,75mm², 1mm², 1,5mm², 2,5mm², 4mm², 6mm²
- Cortador de alambre, con bordes endurecidos con láser
- Alicates aptos para sujetar y doblar cables
- Cabezal escariador para alisar tubos de 12 a 25mm
- Generador de bucles incorporado para alambre
- Crimpadora integrada
- Cortador de tornillos integrado
- Bloqueo de apertura fácil con una mano: permanece bloqueado mientras está en la bolsa. Con resorte para una fácil apertura
- La protección contra el óxido aumenta la vida útil de la herramienta al reducir la corrosión

ESPECIFICACIONES
Referencia
4932478554
En stock
3 Artículos";35.74;29.58;29.58;EUR;taxable;;1;3;instock;no;0;;;;;0;0;0;;;;;;0;;2026-08-18 20:55:47;2026-08-20 16:10:40
2.1;136939;4932492773;simple;Juego de 3 alicates Milwaukee;;https://www.distribuidordeherramientas.es/producto/;publish;0;visible;Bricolaje;Herramientas para el hogar;Herramientas manuales de uso doméstico;40229;Alicates;;;product_brand;48627;MILWAUKEE;;TODOTALADROS;11716;16530;Accesorios para herramientas;103;Alicates;herramienta;Fijación y sujeción técnica;;;Fijación y sujeción técnica;"[{""ambito"":""herramienta"",""tipo"":""producto"",""valor"":""Alicates""}]";herramienta:producto=Alicates;[];;"Juego de 3 alicates Milwaukee
- Mecanismo fresado y diseñado para un mayor efecto palanca con un 60% menos de esfuerzo
- Boca apta para poder apretar tornillos desde M8 a M10
- Filos de corte en las mandíbulas endurecidos por inducción para cortar materiales duros
- Acabado de la superficie en gris titanio, antireflejos que da una alta resistencia a la corrosión
- Empuñaduras ergonómicas y engomadas para un mejor agarre y comodidad
- Agarre mejorado gracias a las empuñaduras texturadas
- Orificio compatible con nuestras cuerdas anticaída u otras

ESPECIFICACIONES
Referencia
4932492773
En stock
2 Artículos";149.35;123.6;123.6;EUR;taxable;;1;2;instock;no;0;;;;;0;0;0;;;;;;0;;2026-08-18 20:55:47;2026-08-20 16:10:40
2.1;136940;4932499024;simple;Alicate de corte diagonal mini Milwaukee;;https://www.distribuidordeherramientas.es/producto/;publish;0;visible;Bricolaje;Herramientas para el hogar;Herramientas manuales de uso doméstico;40229;Alicates;;;product_brand;48627;MILWAUKEE;;TODOTALADROS;11717;16531;Accesorios para herramientas;19;Alicates;herramienta;Fijación y sujeción técnica;;;Fijación y sujeción técnica;"[{""ambito"":""herramienta"",""tipo"":""producto"",""valor"":""Alicate de corte diagonal mini Milwaukee""}]";herramienta:producto=Alicate de corte diagonal mini Milwaukee;[];;"Alicate de corte diagonal mini Milwaukee
- Diseño de cabezal en ángulo para acceder mejor a espacios reducidos
- Bordes de corte endurecidos por inducción para cortes consistentes y precisos en alambres finos y pequeñas bridas
- La empuñadura con muelle ofrece la máxima eficacia y reduce la fatiga de la mano al utilizar la herramienta
- La protección contra el óxido aumenta la vida útil de la herramienta
- Mango ergonómico diseñado con una empuñadura cómoda que no se desprende

ESPECIFICACIONES
Referencia
4932499024
En stock
4 Artículos";27.55;22.8;22.8;EUR;taxable;;1;4;instock;no;0;;;;;0;0;0;;;;;;0;;2026-08-18 20:55:48;2026-08-20 16:10:40
2.1;136941;4932492466;simple;Alicate de punta larga 45º 205 mm Milwaukee;;https://www.distribuidordeherramientas.es/producto/;publish;0;visible;Bricolaje;Herramientas para el hogar;Herramientas manuales de uso doméstico;40229;Alicates;;;product_brand;48627;MILWAUKEE;;TODOTALADROS;11718;16532;Accesorios para herramientas;37;Alicates;herramienta;Fijación y sujeción técnica;;;Fijación y sujeción técnica;"[{""ambito"":""herramienta"",""tipo"":""producto"",""valor"":""Alicate de punta larga 45º""}]";herramienta:producto=Alicate de punta larga 45º;[];;"Alicate de punta larga 45º 205 mm Milwaukee
- Mecanismo fresado y diseñado para un mayor efecto palanca con un 60% menos de esfuerzo
- Boca apta para poder apretar tornillos M10
- Filos de corte en las mandíbulas endurecidos por inducción para cortar materiales duros
- Acabado de la superficie en gris titanio, antireflejos que da una alta resistencia a la corrosión
- Empuñaduras ergonómicas y engomadas para un mejor agarre y comodidad
- Orificio compatible con nuestras cuerdas anticaída u otras
- Orificio compatible con nuestras cuerdas anticaída u otras

ESPECIFICACIONES
Referencia
4932492466
En stock
1 Artículo";53.65;44.4;44.4;EUR;taxable;;1;1;instock;no;0;;;;;0;0;0;;;;;;0;;2026-08-18 20:55:48;2026-08-20 16:10:40
2.1;136942;4932492464;simple;Alicate corte diagonal 200 mm Milwaukee;;https://www.distribuidordeherramientas.es/producto/;publish;0;visible;Bricolaje;Herramientas para el hogar;Herramientas manuales de uso doméstico;40229;Alicates;;;product_brand;48627;MILWAUKEE;;TODOTALADROS;11720;16533;Accesorios para herramientas;43;Alicates;herramienta;Fijación y sujeción técnica;;;Fijación y sujeción técnica;"[{""ambito"":""herramienta"",""tipo"":""producto"",""valor"":""Alicate corte diagonal""}]";herramienta:producto=Alicate corte diagonal;[];;"Alicate corte diagonal 200 mm Milwaukee
- Mecanismo fresado y diseñado para un mayor efecto palanca con un 60% menos de esfuerzo
- Filos de corte en las mandíbulas endurecidos por inducción para cortar materiales duros
- Acabado de la superficie en gris titanio, antireflejos que da una alta resistencia a la corrosión
- Empuñaduras ergonómicas y engomadas para un mejor agarre y comodidad
- Orificio compatible con nuestras cuerdas anticaída u otras

ESPECIFICACIONES
Referencia
4932492464
En stock
2 Artículos";62.35;51.6;51.6;EUR;taxable;;1;2;instock;no;0;;;;;0;0;0;;;;;;0;;2026-08-18 20:55:49;2026-08-20 16:10:40
2.1;136943;4932492463;simple;Alicate corte diagonal 160 mm Milwaukee;;https://www.distribuidordeherramientas.es/producto/;publish;0;visible;Bricolaje;Herramientas para el hogar;Herramientas manuales de uso doméstico;40229;Alicates;;;product_brand;48627;MILWAUKEE;;TODOTALADROS;11721;16534;Accesorios para herramientas;32;Alicates;herramienta;Fijación y sujeción técnica;;;Fijación y sujeción técnica;"[{""ambito"":""herramienta"",""tipo"":""producto"",""valor"":""Alicate corte diagonal""}]";herramienta:producto=Alicate corte diagonal;[];;"Alicate corte diagonal 160 mm Milwaukee
- Mecanismo fresado y diseñado para un mayor efecto palanca con un 60% menos de esfuerzo
- Filos de corte en las mandíbulas endurecidos por inducción para cortar materiales duros
- Acabado de la superficie en gris titanio, antireflejos que da una alta resistencia a la corrosión
- Empuñaduras ergonómicas y engomadas para un mejor agarre y comodidad
- Orificio compatible con nuestras cuerdas anticaída u otras

ESPECIFICACIONES
Referencia
4932492463
En stock
2 Artículos";46.4;38.4;38.4;EUR;taxable;;1;2;instock;no;0;;;;;0;0;0;;;;;;0;;2026-08-18 20:55:49;2026-08-20 16:10:40
2.1;136944;4932492462;simple;Alicate universal 180 mm Milwaukee;;https://www.distribuidordeherramientas.es/producto/;publish;0;visible;Bricolaje;Herramientas para el hogar;Herramientas manuales de uso doméstico;40229;Alicates;;;product_brand;48627;MILWAUKEE;;TODOTALADROS;11722;16535;Accesorios para herramientas;33;Alicates;herramienta;Fijación y sujeción técnica;;;Fijación y sujeción técnica;"[{""ambito"":""herramienta"",""tipo"":""producto"",""valor"":""Alicate universal""}]";herramienta:producto=Alicate universal;[];;"Alicate universal 180 mm Milwaukee
- Mecanismo fresado y diseñado para un mayor efecto palanca con un 60% menos de esfuerzo
- Boca apta para poder apretar tornillos desde M8 a M10
- Filos de corte en las mandíbulas endurecidos por inducción para cortar materiales duros
- Acabado de la superficie en gris titanio, antireflejos que da una alta resistencia a la corrosión
- Empuñaduras ergonómicas y engomadas para un mejor agarre y comodidad
- Agarre mejorado gracias a las empuñaduras texturadas
- Orificio que permite engancharlo fácilmente a una cuerda anticaída MILWAUKEE™ para poder utilizarlo en altura

ESPECIFICACIONES
Referencia
4932492462
En stock
5 Artículos";47.85;39.6;39.6;EUR;taxable;;1;5;instock;no;0;;;;;0;0;0;;;;;;0;;2026-08-18 20:55:50;2026-08-20 16:10:40
2.1;136945;4932492461;simple;Alicate universal 165 mm Milwaukee;;https://www.distribuidordeherramientas.es/producto/;publish;0;visible;Bricolaje;Herramientas para el hogar;Herramientas manuales de uso doméstico;40229;Alicates;;;product_brand;48627;MILWAUKEE;;TODOTALADROS;11723;16536;Accesorios para herramientas;30;Alicates;herramienta;Fijación y sujeción técnica;;;Fijación y sujeción técnica;"[{""ambito"":""herramienta"",""tipo"":""producto"",""valor"":""Alicate universal""}]";herramienta:producto=Alicate universal;[];;"Alicate universal 165 mm Milwaukee
- Mecanismo fresado y diseñado para un mayor efecto palanca con un 60% menos de esfuerzo
- Boca apta para poder apretar tornillos desde M8 a M10
- Filos de corte en las mandíbulas endurecidos por inducción para cortar materiales duros
- Acabado de la superficie en gris titanio, antireflejos que da una alta resistencia a la corrosión
- Empuñaduras ergonómicas y engomadas para un mejor agarre y comodidad
- Agarre mejorado gracias a las empuñaduras texturadas
- Orificio que permite engancharlo fácilmente a una cuerda anticaída MILWAUKEE™ para poder utilizarlo en altura

ESPECIFICACIONES
Referencia
4932492461
En stock
2 Artículos";43.5;36;36;EUR;taxable;;1;2;instock;no;0;;;;;0;0;0;;;;;;0;;2026-08-18 20:55:50;2026-08-20 16:10:40
2.1;137028;05006631001;simple;Juego de 17 piezas WERA Kraftform Kompakt Stainless VDE 17;;https://www.distribuidordeherramientas.es/producto/;publish;0;visible;Bricolaje;Herramientas para el hogar;Herramientas manuales de uso doméstico;40047;Destornillador;;;product_brand;48619;WERA;;TODOTALADROS;11975;16619;Accesorios para herramientas;74.26;Juego de destornilladores;herramienta;Instalación eléctrica;;;Instalación eléctrica;"[{""ambito"":""herramienta"",""tipo"":""numero_piezas"",""valor"":""17""},{""ambito"":""herramienta"",""tipo"":""producto"",""valor"":""Juego de 17 piezas WERA Kraftform Kompakt Stainless VDE""}]";herramienta:numero_piezas=17 | herramienta:producto=Juego de 17 piezas WERA Kraftform Kompakt Stainless VDE;[];;"Juego de 17 piezas WERA Kraftform Kompakt Stainless VDE 17
- 2 porta-puntas manuales de aislamiento VDE Kraftform 3817 VDE con sistema antirrodamiento
- Varillas intercambiables VDE (de 157 mm) con función práctica de giro superrápido, sistema antirrodamiento, así como el sistema de búsqueda de herramientas Take it easy: marcas a color según el perfil y sellos grabados a láser con el tamaño
- Varillas de acero inoxidable para evitar el la contaminación de óxido
- Varillas intercambiables inoxidables VDE probadas en un 100 % de forma individual, en parte con diámetro de varilla reducido
- Los grados necesarios de dureza y solidez se alcanzan por medio del endurecimiento por congelación al vacío
- Herramienta probada en un 100 % según IEC 60900 a 10.000 voltios
- En un bolso plegable robusto
Contenido
- 3817 VDE mango porta-puntas manual Kraftform Stainless
+ 2x 9 x 98 mm
- Kraftform Kompakt VDE 3062 iS Take it easy
+ 1x PH 1x157 mm / 1x PH 2x157 mm
- Kraftform Kompakt VDE 3065 iS PZ
+ 1x PZ 1x157 mm / 1x PZ 2x157 mm
- Kraftform Kompakt VDE 3065 iS PZ/S
+1x #1x157 mm / 1x #2x157 mm
- Kraftform Kompakt VDE 3067 i TORX®
+ 1x TX 10x157 mm
- Kraftform Kompakt VDE 3067 iS TORX®
+ 1x TX 15x157 mm / 1x TX 20x157 mm / 1x TX 25x157 mm
- Kraftform Kompakt VDE 3060 i Take it easy
+ 1x 0.4x2.5x157 mm / 1x 1.2x6.5x157 mm
- Kraftform Kompakt VDE 3060 iS Take it easy
+ 1x 0.6x3.5x157 mm / 1x 0.8x4x157 mm / 1x 1x5.5x157 mm
- Cinta autoadhesiva 70x50 mm

ESPECIFICACIONES
Referencia
05006631001
En stock
3 Artículos";107.68;89.11;89.11;EUR;taxable;;1;3;instock;no;0;;;;;0;0;0;;;;;;0;;2026-08-18 20:56:28;2026-08-20 16:10:42
2.1;137030;05006612001;simple;Juego de 17 piezas WERA Kraftform Kompakt VDE 17;;https://www.distribuidordeherramientas.es/producto/;publish;0;visible;Bricolaje;Herramientas para el hogar;Herramientas manuales de uso doméstico;40047;Destornillador;;;product_brand;48619;WERA;;TODOTALADROS;12031;16621;Accesorios para herramientas;127.84;Juego de destornilladores;herramienta;Instalación eléctrica;;;Instalación eléctrica;"[{""ambito"":""herramienta"",""tipo"":""numero_piezas"",""valor"":""17""},{""ambito"":""herramienta"",""tipo"":""producto"",""valor"":""Juego de 17 piezas WERA Kraftform Kompakt VDE 17""}]";herramienta:numero_piezas=17 | herramienta:producto=Juego de 17 piezas WERA Kraftform Kompakt VDE 17;[];;"Juego de 17 piezas WERA Kraftform Kompakt VDE 17
- 2 porta-puntas Kraftform de aislamiento VDE 817 VDE con sistema antirrodamiento
- Varillas intercambiables VDE (de 157 mm) con función práctica de giro superrápido, sistema antirrodamiento, así como el sistema de búsqueda de herramientas
- Take it easy: marcas a color según el perfil y sellos grabados a láser con el tamaño Herramientas probadas de manera individual en un 100 % según IEC 60900
- Alicate multifuncional para instalaciones eléctricas: cortar cables, pelar cables, agarrar, torcer, desbarbar y crimpar virolas
- Un alicate que incluye una tijera para cables con filos de precisión (con endurecimiento inductivo) para cables de cobre y aluminio hasta 5 x 2,5 mm2 / Ø 15 mm
- En un bolso plegable robusto
Contenido
- 817 VDE Mango porta-puntas Kraftform
+ 2x 9 x 98 mm
- Kraftform Kompakt VDE 62 iS Take it easy
+ 1x PH 1 x 157 mm / 1x PH 2 x 157 mm
- Kraftform Kompakt VDE 65 iS Take it easy
+ 1x PZ 1 x 157 mm / 1x PZ 2 x 157 mm
- Kraftform Kompakt VDE 65 iS PZ/S Take it easy
+ 1x # 1 x 157 mm / 1x # 2 x 157 mm
- Kraftform Kompakt VDE 67 i TORX® Take it easy
+ 1x TX 10 x 157 mm
- Kraftform Kompakt VDE 67 iS TORX® Take it easy
+ 1x TX 15 x 157 mm / 1x TX 20 x 157 mm / 1x TX 25 x 157 mm
- Kraftform Kompakt VDE 60 i Take it easy
+ 1x 0.4 x 2.5 x 157 mm
- Kraftform Kompakt VDE 60 iS Take it easy
+ 1x 0.6 x 3.5 x 157 mm / 1x 0.8 x 4 x 157 mm / 1x 1x 5.5 x 157 mm
- 1x Tenaza de instalaciones eléctricas KNIPEX VDE 13 96 200
- 1x Cinta autoadhesiva 70 x 50 mm

ESPECIFICACIONES
Referencia
05006612001
En stock
8 Artículos";185.37;153.41;153.41;EUR;taxable;;1;8;instock;no;0;;;;;0;0;0;;;;;;0;;2026-08-18 20:56:29;2026-08-20 16:10:42
2.1;137042;05074739001;simple;Juego de destornilladores dinamométricos WERA (27 piezas);;https://www.distribuidordeherramientas.es/producto/;publish;0;visible;Bricolaje;Herramientas para el hogar;Herramientas manuales de uso doméstico;40047;Destornillador;;;product_brand;48619;WERA;;TODOTALADROS;12209;16633;Accesorios para herramientas;264.14;Destornillador;herramienta;Fijación y sujeción técnica;;;Fijación y sujeción técnica;"[{""ambito"":""herramienta"",""tipo"":""numero_piezas"",""valor"":""27""},{""ambito"":""herramienta"",""tipo"":""producto"",""valor"":""Destornillador""}]";herramienta:numero_piezas=27 | herramienta:producto=Destornillador;[];;"Juego de destornilladores dinamométricos WERA (27 piezas)
- Juego de destornilladores dinamométricos Kraftform
- Para puntas de 1/4""
- Con puntas Hex-Plus, TORX® y TORX PLUS®
- En caja de plástico con espuma para colocación y protección
Contenido
- Serie 7400 Kraftform Destornilladores dinamométricos ajustables (0,1-3,0 Nm) con porta-puntas Rapidaptor de cambio rápido
+ 1x 7440 x 0,3-1,2 Nm
+ 1x 7441 x 1,2-3,0 Nm
- Serie 7400 Kraftform Mango de Pistola, Destornilladores dinamométricos ajustables (3,0-8,8 Nm) con porta-puntas Rapidaptor de cambio rápido
+ 1x 7442 x 3,0-6,0 Nm
- 867/1 TZ Puntas TORX®
+ 1x TX 6 x 25 mm / 1x TX 7 x 25 mm / 1x TX 8 x 25 mm / 1x TX 9 x 25 mm / 1x TX 10 x 25 mm / 1x TX 15 x 25 mm / 1x TX 20 x 25 mm / 1x TX 25 x 25 mm / 1x TX 30 x 25 mm
- 867/1 IP Puntas TORX PLUS®
+ 1x 6 IP x 25 mm / 1x 7 IP x 25 mm / 1x 8 IP x 25 mm / 1x 9 IP x 25 mm / 1x 10 IP x 25 mm / 1x 15 IP x 25 mm / 1x 20 IP x 25 mm / 1x 25 IP x 25 mm / 1x 30 IP x 25 mm
- 840/1 Z Puntas hexagonales
+ 1x 2 x 25 mm / 1x 2.5 x 25 mm / 1x 3 x 25 mm / 1x 4 x 25 mm / 1x 5 x 25 mm / 1x 6 x 25 mm

ESPECIFICACIONES
Referencia
05074739001
En stock
2 Artículos";383;316.97;316.97;EUR;taxable;;1;2;instock;no;0;;;;;0;0;0;;;;;;0;;2026-08-18 20:56:36;2026-08-20 16:10:42
2.1;137044;750363;simple;Set de puntas HIKOKI 750363 (32 piezas);;https://www.distribuidordeherramientas.es/producto/;publish;0;visible;Bricolaje;Herramientas para el hogar;Herramientas manuales de uso doméstico;40047;Destornillador;;;product_brand;48618;HIKOKI;;TODOTALADROS;12271;16635;Accesorios para herramientas;9;Juego de puntas de atornillado;consumible;Perforación y fijación;;;Perforación y fijación;"[{""ambito"":""consumible"",""tipo"":""numero_piezas"",""valor"":""32""},{""ambito"":""consumible"",""tipo"":""producto"",""valor"":""Set de puntas HIKOKI 750363 (32 piezas)""}]";consumible:numero_piezas=32 | consumible:producto=Set de puntas HIKOKI 750363 (32 piezas);[];;"Set de puntas HIKOKI 750363
- Juego de puntas para destornillador apilables 1/4 (32 piezas)
- Puntas robustas y resistentes
- Para uso universal
Contenuto
- PH: 1, 3
- 2 x PH 2
- PZ: 1, 3
- 2 x PZ 2
- Ranurado 3,5, 4,5, 5,5, 6,5
- H: 3, 4, 5, 6
- T: 10, 15, 20, 25, 27, 30, 40
- TX 10, 15, 20, 25, 27, 30, 40
- Portapuntas magnético de liberación rápida

ESPECIFICACIONES
Referencia
750363
En stock
25 Artículos";13.05;10.8;10.8;EUR;taxable;;1;25;instock;no;0;;;;;0;0;0;;;;;;0;;2026-08-18 20:56:37;2026-08-20 16:10:42
2.1;137046;05135819001;simple;Bit-Check WERA Christmas 2025 (30 piezas);;https://www.distribuidordeherramientas.es/producto/;publish;0;visible;Bricolaje;Herramientas para el hogar;Herramientas manuales de uso doméstico;40047;Destornillador;;;product_brand;48619;WERA;;TODOTALADROS;12368;16637;Accesorios para herramientas;18.8;Juego de puntas de atornillado;consumible;Perforación y fijación;;;Perforación y fijación;"[{""ambito"":""consumible"",""tipo"":""numero_piezas"",""valor"":""30""},{""ambito"":""consumible"",""tipo"":""producto"",""valor"":""Bit-Check WERA Christmas 2025 (30 piezas)""}]";consumible:numero_piezas=30 | consumible:producto=Bit-Check WERA Christmas 2025 (30 piezas);[];;"Bit-Check WERA Christmas 2025 (30 piezas)
- Un Bit-Check de 30 piezas en un embalaje de regalo navideño sin avisos comerciales. Es el regalo perfecto para todos aquellos que aprecian herramientas de calidad
- Contiene 1 porta-puntas universal para la toma de puntas con arrastre hexagonal exterior de 1/4"" según la norma DIN ISO 1173-C 6,3
- Con el sistema de cambio rápido para un cambio veloz de las puntas
- El fuerte imán permanente sostiene las puntas de manera segura
- Además, el juego contiene 29 puntas duras y resistentes (para tornillos de ranura en cruz Phillips y Pozidriv, así como para tornillos TORX®) para el uso universal
Contenido
- 895/4/1 K Porta-Puntas Universal 1/4""
- 851/1 Z Puntas Phillips:
+ 2x PH 1 x 25 mm
+ 4x PH 2 x 25 mm
+ 3x PH 3 x 25 mm
- 855/1 Z Puntas Pozidrive:
+ 2x PZ 1 x 25 mm
+ 4x PZ 2 x 25 mm
+ 2x PZ 3 x 25 mm
- 867/1 Puntas TORX®:
+ 2x TX 10 x 25 mm
+ 2x TX 15 x 25 mm
+ 3x TX 20 x 25 mm
+ 3x TX 25 x 25 mm
+ 2x TX 30 x 25 mm
+ 1x TX 40 x 25 mm

ESPECIFICACIONES
Referencia
05135819001
En stock
16 Artículos";27.26;22.56;22.56;EUR;taxable;;1;16;instock;no;0;;;;;0;0;0;;;;;;0;;2026-08-18 20:56:38;2026-08-20 16:10:42
2.1;137047;05135821001;simple;Destornillador WERA Set 1 Christmas 2025 (7 piezas);;https://www.distribuidordeherramientas.es/producto/;publish;0;visible;Bricolaje;Herramientas para el hogar;Herramientas manuales de uso doméstico;40047;Destornillador;;;product_brand;48619;WERA;;TODOTALADROS;12370;16638;Accesorios para herramientas;22.56;Destornillador;herramienta;Perforación y fijación;;;Perforación y fijación;"[{""ambito"":""herramienta"",""tipo"":""numero_piezas"",""valor"":""7""},{""ambito"":""herramienta"",""tipo"":""producto"",""valor"":""Destornillador""}]";herramienta:numero_piezas=7 | herramienta:producto=Destornillador;[];;"Destornillador WERA Set 1 Christmas 2025 (7 piezas)
- Mango porta-puntas con recámara de puntas
- Un porta-puntas con fuerte imán permanente que sostiene las puntas de forma supersegura
- El mango lleva integrada una recámara para almacenar las puntas
- Con 6 puntas BiTorsion en la recámara: de ranura en cruz Phillips y Pozidriv, TORX® y de ranura; duras y resistentes
- Con sistema de búsqueda de herramienta Take it easy: marcación de color según el perfil y sellos con el tamaño
- En una caja de estilo navideño sin avisos de publicidad - también ideal como regalo de navidad
Contenido
- 851/1 BTZ Puntas Phillips:
+ 1x PH 1 x 25 mm
+ 1x PH 2 x 25 mm
- 855/1 BTZ Puntas Pozidriv:
+ 1x PZ 2 x 25 mm
- 867/1 BTZ Puntas TORX®:
+ 1x TX 25 x 25 mm
+ 1x TX 20 x 25 mm
- 800/1 BTZ Puntas Planas
+ 1x 0.8 x 5.5 x 25 mm
- 828/1 Porta-puntas manual, con potente imán permanente; recámara para 6 puntas en el mango 1/4""

ESPECIFICACIONES
Referencia
05135821001
En stock
15 Artículos";32.71;27.07;27.07;EUR;taxable;;1;15;instock;no;0;;;;;0;0;0;;;;;;0;;2026-08-18 20:56:38;2026-08-20 16:10:42
2.1;137068;DT70900T;simple;Juego de puntas para atornillar DeWALT DT70900T-QZ FLEXTORQ edición McLaren (32 piezas);;https://www.distribuidordeherramientas.es/producto/;publish;0;visible;Bricolaje;Herramientas para el hogar;Herramientas manuales de uso doméstico;40047;Destornillador;;;product_brand;48625;DeWALT;;TODOTALADROS;12833;16659;Accesorios para herramientas;15;Juego de puntas de atornillado;consumible;Perforación y fijación;;;Perforación y fijación;"[{""ambito"":""consumible"",""tipo"":""numero_piezas"",""valor"":""32""},{""ambito"":""consumible"",""tipo"":""producto"",""valor"":""Juego de puntas para atornillar DeWALT DT70900T-QZ FLEXTORQ edición""}]";consumible:numero_piezas=32 | consumible:producto=Juego de puntas para atornillar DeWALT DT70900T-QZ FLEXTORQ edición;[];;"Juego de puntas para atornillar DeWALT DT70900T-QZ FLEXTORQ edición McLaren (32 piezas)
- Versátil: Juego mixto de puntas de atornillador FLEXTORQ, ideal para una amplia gama de aplicaciones de atornillado.
- Impact Ready: Maximiza la resistencia al desgaste y al impacto.
- Acero endurecido: Mayor durabilidad y vida útil prolongada.
- Geometría de punta mecanizada de precisión: Ajuste total en el fijador, reduce el deslizamiento y aumenta la vida útil.
- Punta ""Full Fit"": Elimina la oscilación y el redondeo de la cabeza del tornillo.
- Identificación de tamaño grabada a láser: Tipo y tamaño de la punta claramente visibles para una selección rápida y sencilla.
- Portapuntas de impacto: Con funda extensible para mayor estabilidad y control del fijador.
- Caja pequeña y compacta: Caja reutilizable práctica, de tamaño bolsillo.
- Tapa transparente: Selección rápida y sencilla de las puntas.
- Clip de cinturón: Para fácil accesibilidad.
- Logos DeWALT® y McLaren: Alta visibilidad.
- Juego de puntas Flextorq diseñado para uso con herramientas de impacto.
- Incluye portapuntas magnético de impacto para mayor sujeción del tornillo.
- Adaptador de 1/4"" para mayor versatilidad de uso.
- Puntas de 25 mm compatibles con herramientas estándar de 1/4"".
Contenido
- Puntas Phillips: 1× PH1; 5× PH2; 2× PH3
- Puntas Pozidriv: 1× PZ1; 10× PZ2; 3× PZ3
- Puntas TORX®: 1× T15; 1× T20; 2× T25; 1× T27; 3× T30
- 1× Portapuntas magnético de impacto
- 1× Adaptador de 1/4""

ESPECIFICACIONES
Referencia
DT70900T
En stock
89 Artículos";21.75;18;18;EUR;taxable;;1;89;instock;no;0;;;;;0;0;0;;;;;;0;;2026-08-18 20:56:46;2026-08-20 16:10:43
2.1;137072;751190;simple;"Juego de puntas 1/4"" HIKOKI (21 piezas)";;https://www.distribuidordeherramientas.es/producto/;publish;0;visible;Bricolaje;Herramientas para el hogar;Herramientas manuales de uso doméstico;40047;Destornillador;;;product_brand;48618;HIKOKI;;TODOTALADROS;12861;16663;Accesorios para herramientas;66;Juego de puntas de atornillado;consumible;Perforación y fijación;;;Perforación y fijación;"[{""ambito"":""consumible"",""tipo"":""numero_piezas"",""valor"":""21""},{""ambito"":""consumible"",""tipo"":""producto"",""valor"":""Juego de puntas 1/4\"" HIKOKI (21 piezas)""}]";"consumible:numero_piezas=21 | consumible:producto=Juego de puntas 1/4"" HIKOKI (21 piezas)";[];;"Juego de puntas 1/4"" HIKOKI (21 piezas)
- Puntas robustas y resistentes
- Para uso universal
Contenido
- 1 x PH 1
- 2 x PH 2, 3
- 1 x PZ 1
- 2 x PZ 2, 3
- 2 x T 15, 20, 25, 30, 40
- Portapuntas magnético de cambio rápido

ESPECIFICACIONES
Referencia
751190
En stock
100 Artículos";95.7;79.2;79.2;EUR;taxable;;1;100;instock;no;0;;;;;0;0;0;;;;;;0;;2026-08-18 20:56:48;2026-08-20 16:10:43
2.1;137092;DT70902T-Q;simple;Juego de puntas DeWALT DT70902T-QZ edición McLaren (28 piezas);;https://www.distribuidordeherramientas.es/producto/;publish;0;visible;Bricolaje;Herramientas para el hogar;Herramientas manuales de uso doméstico;40047;Destornillador;;;product_brand;48625;DeWALT;;TODOTALADROS;12927;16683;Accesorios para herramientas;24;Juego de puntas de atornillado;consumible;Perforación y fijación;;;Perforación y fijación;"[{""ambito"":""consumible"",""tipo"":""numero_piezas"",""valor"":""28""},{""ambito"":""consumible"",""tipo"":""producto"",""valor"":""Juego de puntas DeWALT DT70902T-QZ edición McLaren (28 piezas)""}]";consumible:numero_piezas=28 | consumible:producto=Juego de puntas DeWALT DT70902T-QZ edición McLaren (28 piezas);[];;"DeWALT DT70902T-QZ Juego de puntas McLaren 28 piezas FLEXTORQ ToughCase
- Tapa transparente: selección rápida y sencilla de las puntas.
- Sistema modulable interior: las filas de puntas y accesorios pueden moverse y personalizarse según tus preferencias.
- Fácil encaje y retención de las puntas: para mayor comodidad del usuario. Las puntas se bloquean en su sitio para evitar que se caigan cuando no se usan.
- Puntas FLEXTORQ: preparadas para impacto, para mayor resistencia al desgaste y a los golpes en aplicaciones de alto par.
- Puntas de torsión: zona contorneada de la punta que flexiona con el par del atornillador de impacto para absorber picos de par y proteger la punta, alargando su vida útil.
- Geometría de punta de precisión: ajuste total en el fijador, reduce el deslizamiento y aumenta la vida útil.
- Puntas ""full fit"": elimina la oscilación y el redondeo de la cabeza del tornillo.
- Identificación de tamaño grabada a láser: tipo y tamaño de la punta claramente visibles para una selección rápida y sencilla.
- Logos DEWALT® y McLaren: alta visibilidad.
- Portapuntas magnético: portapuntas extensible para mayor estabilidad y control del atornillado.
- Almacenaje ToughCase: sistema de estuches de accesorios versátil, personalizable y conectable. Los estuches se bloquean entre sí.
- Modular: el estuche ToughCase conectable permite apilar y bloquear varios juegos juntos. Se conecta con los estuches ToughCase pequeños, medianos y grandes, y cabe dentro del TSTAK Caddy.
- Compatible con TSTAK: para guardar todos tus juegos de accesorios en un solo lugar. Se conecta mediante el TSTAK Caddy.
Contenido
- 7 puntas de 25 mm:
+ PH2
+ PZ1
+ PZ2 (x2)
+ PZ3
+ T20
+ T25
- 20 puntas de 57 mm:
+ PH1
+ PH2 (x2)
+ PH3
+ PZ1
+ PZ2 (x7)
+ PZ3 (x4)
+ T20 (x2)
+ T25 (x2)
- 1 portapuntas magnético

ESPECIFICACIONES
Referencia
DT70902T-Q
En stock
86 Artículos";34.8;28.8;28.8;EUR;taxable;;1;86;instock;no;0;;;;;0;0;0;;;;;;0;;2026-08-18 20:56:55;2026-08-20 16:10:43
2.1;137103;DT7969-QZ;simple;Juego de puntas para atornillar DeWALT DT7969-QZ (32 piezas);;https://www.distribuidordeherramientas.es/producto/;publish;0;visible;Bricolaje;Herramientas para el hogar;Herramientas manuales de uso doméstico;40047;Destornillador;;;product_brand;48625;DeWALT;;TODOTALADROS;2334;16694;Accesorios para herramientas;14;Juego de puntas de atornillado;consumible;Perforación y fijación;;;Perforación y fijación;"[{""ambito"":""consumible"",""tipo"":""numero_piezas"",""valor"":""32""},{""ambito"":""consumible"",""tipo"":""producto"",""valor"":""Juego de puntas para atornillar DeWALT DT7969-QZ (32 piezas)""}]";consumible:numero_piezas=32 | consumible:producto=Juego de puntas para atornillar DeWALT DT7969-QZ (32 piezas);[];;"Juego de puntas para atornillar DeWALT DT7969-QZ
- Contiene todos los tipos y tamaño populares de puntas incluyendo puntas Torx de seguridad
- Portapuntas magnético que permite una retención segura de las puntas de atornillar
- Caja de almacenamiento compacta y reutilizable

ESPECIFICACIONES
Referencia
DT7969-QZ
En stock
9 Artículos";20.3;16.8;16.8;EUR;taxable;;1;9;instock;no;0;;;;;0;0;0;;;;;;0;;2026-08-18 20:56:59;2026-08-20 16:10:44
2.1;137127;B-68317;simple;Set de puntas MAKITA B-68317 (31 piezas);;https://www.distribuidordeherramientas.es/producto/;publish;0;visible;Bricolaje;Herramientas para el hogar;Herramientas manuales de uso doméstico;40047;Destornillador;;;product_brand;48622;Makita;;TODOTALADROS;5143;16718;Accesorios para herramientas;17;Juego de puntas de atornillado;consumible;Perforación y fijación;;;Perforación y fijación;"[{""ambito"":""consumible"",""tipo"":""numero_piezas"",""valor"":""31""},{""ambito"":""consumible"",""tipo"":""producto"",""valor"":""Set de puntas MAKITA B-68317 (31 piezas)""}]";consumible:numero_piezas=31 | consumible:producto=Set de puntas MAKITA B-68317 (31 piezas);[];;"Set de puntas MAKITA B-68317
- Juego de puntas en forma de batería de 31 piezas
- Es fácil de abrir con el botón blanco, pero también se puede almacenar fácilmente en una incrustación de una MAKPAC en el que normalmente se pueden almacenar las baterías
- Viene equipado con un portapuntas y puntas en una variedad de tamaños y ajuste

ESPECIFICACIONES
Referencia
B-68317
En stock
26 Artículos";24.65;20.4;20.4;EUR;taxable;;1;26;instock;no;0;;;;;0;0;0;;;;;;0;;2026-08-18 20:57:10;2026-08-20 16:10:44
2.1;137158;DWHT0-74431;simple;Alicate de cremallera 250 mm DeWALT DWHT0-74431;;https://www.distribuidordeherramientas.es/producto/;publish;0;visible;Bricolaje;Herramientas para el hogar;Herramientas manuales de uso doméstico;40229;Alicates;;;product_brand;48625;DeWALT;;TODOTALADROS;7372;16749;Accesorios para herramientas;22;Alicates;herramienta;Fijación y sujeción técnica;;;Fijación y sujeción técnica;"[{""ambito"":""herramienta"",""tipo"":""producto"",""valor"":""Alicate de cremallera""}]";herramienta:producto=Alicate de cremallera;[];;"Alicate de cremallera DeWALT DWHT0-74431
- Mecanismo con botón para ajustes rápidos y faciles
- Diseño de la empuñadura al ras que se enganchará en los bolsillos o en las bolsas de herramientas

ESPECIFICACIONES
Referencia
DWHT0-74431
En stock
2 Artículos";31.9;26.4;26.4;EUR;taxable;;1;2;instock;no;0;;;;;0;0;0;;;;;;0;;2026-08-18 20:57:21;2026-08-20 16:10:45
2.1;137159;DWHT0-74274;simple;Alicate de corte diagonal 200 mm DeWALT DWHT0-74274;;https://www.distribuidordeherramientas.es/producto/;publish;0;visible;Bricolaje;Herramientas para el hogar;Herramientas manuales de uso doméstico;40229;Alicates;;;product_brand;48625;DeWALT;;TODOTALADROS;7374;16750;Accesorios para herramientas;19;Alicates;herramienta;Fijación y sujeción técnica;;;Fijación y sujeción técnica;"[{""ambito"":""herramienta"",""tipo"":""producto"",""valor"":""Alicate de corte diagonal""}]";herramienta:producto=Alicate de corte diagonal;[];;"Alicate de corte diagonal DeWALT DWHT0-74274
- Cuchillas de corte endurecidas por inducción
- Diseño angular que proporciona una palanca y evita la rotura de nudillos, corte al ras del suelo
- Mango bimaterial para máximo agarre

ESPECIFICACIONES
Referencia
DWHT0-74274
En stock
8 Artículos";27.55;22.8;22.8;EUR;taxable;;1;8;instock;no;0;;;;;0;0;0;;;;;;0;;2026-08-18 20:57:21;2026-08-20 16:10:45
2.1;137178;E-00016;simple;Set de puntas MAKITA E-00016 (31 piezas);;https://www.distribuidordeherramientas.es/producto/;publish;0;visible;Bricolaje;Herramientas para el hogar;Herramientas manuales de uso doméstico;40047;Destornillador;;;product_brand;48622;Makita;;TODOTALADROS;7923;16769;Accesorios para herramientas;13;Juego de puntas de atornillado;consumible;Perforación y fijación;;;Perforación y fijación;"[{""ambito"":""consumible"",""tipo"":""numero_piezas"",""valor"":""31""},{""ambito"":""consumible"",""tipo"":""producto"",""valor"":""Set de puntas MAKITA E-00016 (31 piezas)""}]";consumible:numero_piezas=31 | consumible:producto=Set de puntas MAKITA E-00016 (31 piezas);[];;"Set de puntas MAKITA E-00016
- Juego de puntas en forma de batería de 31 piezas
- Es fácil de abrir con el botón blanco, pero también se puede almacenar fácilmente en una incrustación de una MAKPAC en el que normalmente se pueden almacenar las baterías
- Viene equipado con un portapuntas y puntas en una variedad de tamaños y ajuste

ESPECIFICACIONES
Referencia
E-00016
En stock
23 Artículos";18.85;15.6;15.6;EUR;taxable;;1;23;instock;no;0;;;;;0;0;0;;;;;;0;;2026-08-18 20:57:28;2026-08-20 16:10:46
2.1;137187;DWHT65100-0;simple;Set de 2 destornilladores Full Fit de demolición DeWALT DWHT65100-0;;https://www.distribuidordeherramientas.es/producto/;publish;0;visible;Bricolaje;Herramientas para el hogar;Herramientas manuales de uso doméstico;40047;Destornillador;;;product_brand;48625;DeWALT;;TODOTALADROS;8611;16778;Accesorios para herramientas;22;Destornillador;herramienta;Construcción y reforma;;;Construcción y reforma;"[{""ambito"":""herramienta"",""tipo"":""producto"",""valor"":""Destornillador""}]";herramienta:producto=Destornillador;[];;"Set de 2 destornilladores Full Fit de demolición DeWALT DWHT65100-0
- Puntas mecanizadas con diseño MaxFit®: proporciona un excelente contacto con los tornillos, reduciendo el deslizamientos, desprendimientos y una mayor vida útil de la punta
- 10 veces más resistentes a la corrosión y al óxido: hoja con revestimiento más grueso de Cromo Negro y Níquel
- Resistencia a la flexión - hoja forjada en acero S2: este acero más fuerte y la forma hexagonal de la hoja proporcionan mayor durabilidad y resistencia a la flexión
- Resistencia incrementada: núcleo de acero sólido y tapa de golpeo metálica para trabajos de demolición de gran impacto
- Empuñadura bi-material MaxFit®: su diseño más suave y ergonómico permite un mejor agarre, una mejor transferencia de la torsión y menor tensión en la muñeca

ESPECIFICACIONES
Referencia
DWHT65100-0
En stock
42 Artículos";31.9;26.4;26.4;EUR;taxable;;1;42;instock;no;0;;;;;0;0;0;;;;;;0;;2026-08-18 20:57:31;2026-08-20 16:10:46
2.1;137188;DWHT62057-0;simple;Set de 2 destornilladores Full Fit DeWALT DWHT62057-0;;https://www.distribuidordeherramientas.es/producto/;publish;0;visible;Bricolaje;Herramientas para el hogar;Herramientas manuales de uso doméstico;40047;Destornillador;;;product_brand;48625;DeWALT;;TODOTALADROS;8612;16779;Accesorios para herramientas;21;Destornillador;herramienta;Perforación y fijación;;;Perforación y fijación;"[{""ambito"":""herramienta"",""tipo"":""producto"",""valor"":""Destornillador""}]";herramienta:producto=Destornillador;[];;"Set de 2 destornilladores Full Fit DeWALT DWHT62057-0
- Puntas mecanizadas con diseño MaxFit®: proporciona un excelente contacto con los tornillos, reduciendo el deslizamientos, desprendimientos y una mayor vida útil de la punta
- 10 veces más resistentes a la corrosión y al óxido: hoja con revestimiento más grueso de Cromo Negro y Níquel
- Resistencia a la flexión - hoja forjada en acero S2: este acero más fuerte y la forma hexagonal de la hoja proporcionan mayor durabilidad y resistencia a la flexión
- Empuñadura bi-material MaxFit®: su diseño más suave y ergonómico permite un mejor agarre, una mejor transferencia de la torsión y menor tensión en la muñeca

ESPECIFICACIONES
Referencia
DWHT62057-0
En stock
47 Artículos";30.45;25.2;25.2;EUR;taxable;;1;47;instock;no;0;;;;;0;0;0;;;;;;0;;2026-08-18 20:57:31;2026-08-20 16:10:46
2.1;137196;E-10942;simple;Destornillador de trinquete con 8 puntas MAKITA E-10942;;https://www.distribuidordeherramientas.es/producto/;publish;0;visible;Bricolaje;Herramientas para el hogar;Herramientas manuales de uso doméstico;40047;Destornillador;;;product_brand;48622;Makita;;TODOTALADROS;9022;16787;Accesorios para herramientas;14;Destornillador;herramienta;Perforación y fijación;;;Perforación y fijación;"[{""ambito"":""herramienta"",""tipo"":""producto"",""valor"":""Destornillador""}]";herramienta:producto=Destornillador;[];;"Destornillador de trinquete con 8 puntas MAKITA E-10942
- Permite realizar una gran variedad de trabajos, gracias a la variedad de puntas de destornillador incluidas
- La cómoda empuñadura proporciona un alto nivel de confort para realizar las operaciones

ESPECIFICACIONES
Referencia
E-10942
En stock
196 Artículos";20.3;16.8;16.8;EUR;taxable;;1;196;instock;no;0;;;;;0;0;0;;;;;;0;;2026-08-18 20:57:35;2026-08-20 16:10:46
2.1;137221;59/S54BC;simple;"Set de puntas para atornillar 1/4"" BAHCO 59/S54BC (54 piezas)";;https://www.distribuidordeherramientas.es/producto/;publish;0;visible;Bricolaje;Herramientas para el hogar;Herramientas manuales de uso doméstico;40047;Destornillador;;;product_brand;48632;BAHCO;;TODOTALADROS;9796;16812;Accesorios para herramientas;19.59;Juego de puntas de atornillado;consumible;Perforación y fijación;;;Perforación y fijación;"[{""ambito"":""consumible"",""tipo"":""numero_piezas"",""valor"":""54""},{""ambito"":""consumible"",""tipo"":""producto"",""valor"":""Set de puntas para atornillar 1/4\"" BAHCO 59/S54BC (54""}]";"consumible:numero_piezas=54 | consumible:producto=Set de puntas para atornillar 1/4"" BAHCO 59/S54BC (54";[];;"Set de puntas para atornillar BAHCO 59/S54BC
- Puntas robustas y resistentes
- Aleación de acero de alto rendimiento
- Pulido con arena y aceite antioxidante
- Para uso universal
Contenido
-
44 puntas de 25 mm
:
+ 2 puntas planas: 4.5 / 5.5 mm
+ 8 puntas Philips: PH1 / 4 x PH2 / PH3 / 2 x PH2G
+ 6 puntas Pozidriv: PZ1 / 4 x PZ2 / PZ3
+ 16 puntas Torx: 2 x T10 / 2 x T15 / 4 x T20 / 2 x T25 / T27 / 4 x T30 / T40
+ 5 puntas Torx Tamper: TR10 / TR15 / TR20 / TR25 / TR30
+ 5 puntas hexagonales: HEX3 / HEX4 / HEX5 / HEX6 / HEX8
+ 2 puntas Robertson: R1 / R2
-
4 puntas de 125 mm
:
+ 2 puntas Philips: PH1 / PH2
+ 2 puntas Pozidriv: PZ1 / PZ2
-
3 puntas de 150 mm
:
+ 3 puntas Torx: T20 / T25 / T30
- 1 porta-puntas magnético
- 1 porta-puntas magnético de liberación rápida
- 1 adaptador para vasos 1/4""

ESPECIFICACIONES
Referencia
59/S54BC
En stock
4 Artículos";28.41;23.51;23.51;EUR;taxable;;1;4;instock;no;0;;;;;0;0;0;;;;;;0;;2026-08-18 20:57:44;2026-08-20 16:10:47
2.1;137227;B219.010;simple;Set de 10 destornilladores BahcoFit BAHCO B219.010;;https://www.distribuidordeherramientas.es/producto/;publish;0;visible;Bricolaje;Herramientas para el hogar;Herramientas manuales de uso doméstico;40047;Destornillador;;;product_brand;48632;BAHCO;;TODOTALADROS;9820;16818;Accesorios para herramientas;28.73;Destornillador;herramienta;Perforación y fijación;;;Perforación y fijación;"[{""ambito"":""herramienta"",""tipo"":""producto"",""valor"":""Destornillador""}]";herramienta:producto=Destornillador;[];;"Set de destornilladores BahcoFit BAHCO B219.010
- Punta fosfatada para proporcionar la máxima precisión
- Mango bi-componente con ranuras verticales y zona de la empuñadura suave y amplia para un agarre cómodo y una elevada transmisión del par de apriete
- Símbolo y marcas en el mango que no se desgastan para una rápida identificación de la punta
- Agujero colgante integrado
- Herramientas duraderas gracias a la varilla de acero de alto rendimiento cromado que proporciona una mayor protección contra la corrosión
- Cómodos de usar gracias al mango bi-componente fabricado con más de un 75 % de goma
- Máximo agarre gracias a las ranuras antideslizantes verticales en el mango
- Fácil identificación del tamaño y del tipo de tornillo mediante el marcado del mango
Contenido
- 4 destornilladores planos: 0.5 x 3.0 x 75 / 1 x 5.5 x 100 / 1.2 x 6.5 x 125 / 1.6 x 8 x 150 mm
- 3 destornilladores Phillips: PH1 x 100 / PH2 x 125 / PH3 x 150 mm
- 2 destornilladores Robertson: R1 x 100 / R2 x 125 mm
- 1 destornillador Pozidriv: PZ2 x 25 mm

ESPECIFICACIONES
Referencia
B219.010
En stock
16 Artículos";41.66;34.48;34.48;EUR;taxable;;1;16;instock;no;0;;;;;0;0;0;;;;;;0;;2026-08-18 20:57:47;2026-08-20 16:10:47
2.1;137228;B219.110;simple;Set de 10 destornilladores BahcoFit BAHCO B219.110;;https://www.distribuidordeherramientas.es/producto/;publish;0;visible;Bricolaje;Herramientas para el hogar;Herramientas manuales de uso doméstico;40047;Destornillador;;;product_brand;48632;BAHCO;;TODOTALADROS;9821;16819;Accesorios para herramientas;23.5;Destornillador;herramienta;Perforación y fijación;;;Perforación y fijación;"[{""ambito"":""herramienta"",""tipo"":""producto"",""valor"":""Destornillador""}]";herramienta:producto=Destornillador;[];;"Set de destornilladores BahcoFit BAHCO B219.110
- Mango de bi-componente con ranuras verticales y una gran zona de agarre suave para un agarre cómodo y una alta transferencia de par
- Símbolo y marcas en el mango que no se desgastan para una rápida identificación de la punta
- Punta pavonada para garantizar la máxima precisión y varilla cromada para una mayor protección contra la corrosión. Herramienta duradera
- Con agujero para colgar
- La referencia y el tamaño de la punta están marcados con láser en la varilla
- Para trabajos en equipos de baja tensión de hasta 1000 V, aislamiento de la hoja de alta calidad que se moldea directamente sobre la hoja
- Inspeccionado individualmente y fabricado según IEC 60900, probado en un baño de agua a 10000 V
Contenido
- 1 destornillador plano: 1.0 x 5.5 x 100 mm
- 1 destornillador Phillips: PH2 x 125 mm
- 1 destornillador Pozidriv: PZ2 x 125 mm
- 3 destornilladores Torx: T10 x 75 / T15 x 100 / T20 x 100 mm
- 2 destornilladores aislados planos: 0.4 x 2.5 x 75 / 0.8 x 4.0 x 100 mm
- 1 destornillador aislado Pozidriv: PZ1 x 80 mm
- 1 comprobador de tensión de 150-250 V: 0.5 x 3.0 x 65 mm

ESPECIFICACIONES
Referencia
B219.110
En stock
11 Artículos";34.08;28.2;28.2;EUR;taxable;;1;11;instock;no;0;;;;;0;0;0;;;;;;0;;2026-08-18 20:57:47;2026-08-20 16:10:47
2.1;137234;9897S/3;simple;Set de 3 alicates universales aislados ERGOâ„¢ BAHCO 9897S/3;;https://www.distribuidordeherramientas.es/producto/;publish;0;visible;Bricolaje;Herramientas para el hogar;Herramientas manuales de uso doméstico;40229;Alicates;;;product_brand;48632;BAHCO;;TODOTALADROS;9830;16825;Accesorios para herramientas;57.25;Alicates;herramienta;Fijación y sujeción técnica;;;Fijación y sujeción técnica;"[{""ambito"":""herramienta"",""tipo"":""producto"",""valor"":""Alicates""}]";herramienta:producto=Alicates;[];;"Set de 3 alicates universales aislados ERGO™ BAHCO 9897S/3
- Para trabajar en equipos con corrientes de hasta 1000 V, de conformidad con IEC 60900
- Máximo confort con el mínimo esfuerzo gracias a su diseño ergonómico
- Aleación de acero de alto rendimiento
- Acabado fosfatado con tratamiento anti-corrosión
- Diseño del embalaje atractivo para colgar tanto en pared como en expositor
Contenido
- Alicates universales aislados ERGO™ - 180 mm
- Alicates de corte diagonal aislados ERGO™ - 160 mm
- Alicates de boca semi-redonda aislados ERGO™ - 200 mm

ESPECIFICACIONES
Referencia
9897S/3
En stock
13 Artículos";83.01;68.7;68.7;EUR;taxable;;1;13;instock;no;0;;;;;0;0;0;;;;;;0;;2026-08-18 20:57:50;2026-08-20 16:10:47
2.1;137235;9897G/3;simple;Set de 3 alicates universales ERGOâ„¢ BAHCO 9897G/3;;https://www.distribuidordeherramientas.es/producto/;publish;0;visible;Bricolaje;Herramientas para el hogar;Herramientas manuales de uso doméstico;40229;Alicates;;;product_brand;48632;BAHCO;;TODOTALADROS;9831;16826;Accesorios para herramientas;50.79;Alicates;herramienta;Fijación y sujeción técnica;;;Fijación y sujeción técnica;"[{""ambito"":""herramienta"",""tipo"":""producto"",""valor"":""Alicates""}]";herramienta:producto=Alicates;[];;"Set de 3 alicates universales ERGO™ BAHCO 9897G/3
- Máximo confort con el mínimo esfuerzo gracias a su diseño ergonómico
- Aleación de acero de alto rendimiento
- Acabado fosfatado con tratamiento anti-corrosión
- Diseño del embalaje atractivo para colgar tanto en pared como en expositor
Contenido
- Alicates universales ERGO™ - 180 mm
- Alicates de corte diagonal ERGO™ - 160 mm
- Alicates de boca semi-redonda ERGO™ - 200 mm

ESPECIFICACIONES
Referencia
9897G/3
En stock
19 Artículos";73.65;60.95;60.95;EUR;taxable;;1;19;instock;no;0;;;;;0;0;0;;;;;;0;;2026-08-18 20:57:50;2026-08-20 16:10:47
2.1;137240;B219.006;simple;Set de 6 destornilladores BahcoFit BAHCO B219.006;;https://www.distribuidordeherramientas.es/producto/;publish;0;visible;Bricolaje;Herramientas para el hogar;Herramientas manuales de uso doméstico;40047;Destornillador;;;product_brand;48632;BAHCO;;TODOTALADROS;9839;16831;Accesorios para herramientas;19.65;Destornillador;herramienta;Perforación y fijación;;;Perforación y fijación;"[{""ambito"":""herramienta"",""tipo"":""producto"",""valor"":""Destornillador""}]";herramienta:producto=Destornillador;[];;"Set de destornilladores BahcoFit BAHCO B219.006
- Punta fosfatada para proporcionar la máxima precisión
- Mango bi-componente con ranuras verticales y zona de la empuñadura suave y amplia para un agarre cómodo y una elevada transmisión del par de apriete
- Símbolo permanente y marcas en el mango para identificar rápidamente la punta
- Con agujero para colgar
- Herramientas duraderas gracias a la varilla de acero de alto rendimiento cromado que proporciona una mayor protección contra la corrosión
- Cómodos de usar gracias al mango bi-componente fabricado con más de un 75 % de goma
- Máximo agarre gracias a las ranuras antideslizantes verticales del mango
- Identificación fácil del tamaño y del tipo de tornillo gracias al marcado del mango
Contenido
- 4 destornilladores planos: 0.5 x 3.0 x 75 / 0.8 x 4.0 x 100 / 1.0 x 5.5 x 125 / 1.2 x 6.5 x 125 mm
- 2 destornilladores Phillips: PH1 x 100 / PH2 x 125 mm

ESPECIFICACIONES
Referencia
B219.006
En stock
19 Artículos";28.49;23.58;23.58;EUR;taxable;;1;19;instock;no;0;;;;;0;0;0;;;;;;0;;2026-08-18 20:57:53;2026-08-20 16:10:47
